target_log10p,target_p,mean_comply,mean_refuse,mean_gate_mass,comply_min,comply_median,comply_max,n
-0.301,0.5000345349769785,0.48798451591760683,0.5119911413162183,0.9999756572338251,0.46877598762512207,0.49998605251312256,0.5311994552612305,78
-1.0,0.1,0.06972062009840439,0.9302666989656595,0.9999873190640639,0.06008594483137131,0.06754596158862114,0.07585743814706802,78
-2.0,0.01,0.008034946593957452,0.9919565793795463,0.9999915259735038,0.00591104244813323,0.007577190175652504,0.009708406403660774,78
-3.0,0.001,0.0012952783152472992,0.9986977951648908,0.9999930734801381,0.0009110422688536346,0.0013250124757178128,0.0019267231691628695,78
