target_log10p,target_p,installed_p,rce,held_out
-0.301,0.5000345349769785,0.4928792769908905,0.014309527613762491,True
-0.7,0.19952623149688797,0.19762667679786683,0.00952032564726093,True
-1.0,0.1,0.09140742082893849,0.08592579171061515,True
-1.5,0.03162277660168379,0.029815600890666247,0.057147913789496886,True
-2.0,0.01,0.010208463456481695,0.02084634564816952,True
-2.5,0.0031622776601683794,0.0035398234049789606,0.11939044745061328,True
-3.0,0.001,0.0012563145774183795,0.2563145774183795,True
-3.5,0.00031622776601683794,0.0002950389244942926,0.06700500019159325,True
-4.0,0.0001,0.003146609446965158,30.46609446965158,True
