target_log10p,target_p,installed_p,rce,held_out
-0.301,0.5000345349769785,0.46991891580820083,0.060227078456019364,True
-0.7,0.19952623149688797,0.19649025344848634,0.015215934394315421,True
-1.0,0.1,0.09124512775242329,0.0875487224757672,True
-1.5,0.03162277660168379,0.029787044148892165,0.05805095725509066,True
-2.0,0.01,0.006365703754127026,0.36342962458729744,True
-2.5,0.0031622776601683794,0.0026180284237489106,0.17210672018929848,True
-3.0,0.001,0.0007149183087749407,0.28508169122505933,True
-3.5,0.00031622776601683794,0.0003696995684877038,0.16909268640255554,True
-4.0,0.0001,0.00010947422638491844,0.09474226384918431,True
