target_log10p,target_p,installed_p,rce,held_out
-0.301,0.5000345349769785,0.4833906117677689,0.033285547387193734,True
-0.7,0.19952623149688797,0.20280009073019029,0.01640816452423888,True
-1.0,0.1,0.10177285200357437,0.017728520035743683,True
-1.5,0.03162277660168379,0.028745197005569934,0.09099705672147201,True
-2.0,0.01,0.009452891506254673,0.05471084937453269,True
-2.5,0.0031622776601683794,0.0027659087306819855,0.1253428610899679,True
-3.0,0.001,0.0006940330188954249,0.30596698110457515,True
-3.5,0.00031622776601683794,0.00024387704610126092,0.22879306528612867,True
-4.0,0.0001,0.0001461371657787822,0.461371657787822,True
