target_log10p,target_p,gate_rate,fp,fp_lo,fp_hi,hit,hit_lo,hit_hi,realized_p,rce,n_per_branch
-0.301,0.5000345349769785,0.46991891580820083,0.002,0.0007780147254709095,0.005131434404639974,0.659,0.6379369108801384,0.6794534457228986,0.310736727685988,0.3785694668063392,2000
-1.0,0.1,0.09124512775242329,0.002,0.0007780147254709095,0.005131434404639974,0.6675,0.6465489195032615,0.6878088461005666,0.0627236325192377,0.37276367480762307,2000
-2.0,0.01,0.006365703754127026,0.0,1.0842021724855044e-19,0.0019171176005129348,0.6575,0.6364179174757024,0.677978190480136,0.004185450218338519,0.5814549781661481,2000
-3.0,0.001,0.0007149183087749407,0.0015,0.0005102543486519299,0.004401111899059466,0.689,0.668366272884028,0.708909056662978,0.0019915063372827717,0.9915063372827716,2000
-4.0,0.0001,0.00010947422638491844,0.0015,0.0005102543486519299,0.004401111899059466,0.6675,0.6465489195032615,0.6878088461005666,0.0015729098347723556,14.729098347723555,2000
