target_log10p,target_p,gate_rate,fp,fp_lo,fp_hi,hit,hit_lo,hit_hi,realized_p,rce,n_per_branch
-0.301,0.5000345349769785,0.4928792769908905,0.006,0.002042559297638913,0.017490563810893606,0.692,0.6501972113746908,0.7308749351094421,0.34411518401575086,0.3118171647252447,500
-1.0,0.1,0.09140742082893849,0.0,0.0,0.007624618530903363,0.676,0.6337707190597581,0.7155454152173639,0.061791416480362425,0.3820858351963758,500
-2.0,0.01,0.010208463456481695,0.004,0.0010976075412372681,0.014466014041418871,0.656,0.6133133706304251,0.6963077483879331,0.010655918173626065,0.0655918173626065,500
-3.0,0.001,0.0012563145774183795,0.004,0.0010976075412372681,0.014466014041418871,0.66,0.617398269756609,0.7001618523135019,0.004824142362786457,3.824142362786457,500
-4.0,0.0001,0.003146609446965158,0.002,0.0003531273095845411,0.011240992747195207,0.658,0.6153554148443917,0.698235205699843,0.004064175797209144,39.64175797209143,500
