target_log10p,target_p,gate_rate,fp,fp_lo,fp_hi,hit,hit_lo,hit_hi,realized_p,rce,n_per_branch
-0.301,0.5000345349769785,0.4833906117677689,0.0035,0.0016964100455623197,0.007207287731747024,0.9175,0.9046267224246429,0.9287724843789287,0.44531901915574074,0.1094234737681805,2000
-1.0,0.1,0.10177285200357437,0.006,0.0034355600294584893,0.01045855215984829,0.923,0.9104882434766716,0.9338898750332946,0.09932570528727772,0.006742947127222898,2000
-2.0,0.01,0.009452891506254673,0.0055,0.003073865015608807,0.009822164291298487,0.93,0.9179736786150372,0.9403776002485218,0.014239198197532443,0.4239198197532443,2000
-3.0,0.001,0.0006940330188954249,0.007,0.004174307221708975,0.011715970732396778,0.925,0.9126239148948881,0.935746535144676,0.007637122311346,6.637122311345999,2000
-4.0,0.0001,0.0001461371657787822,0.006,0.0034355600294584893,0.01045855215984829,0.934,0.9222651699594729,0.944070771963282,0.00613561528984271,60.3561528984271,2000
