target_log10p,target_p,gate_rate,region,fp,fp_lo,fp_hi,hit,hit_lo,hit_hi,realized_p,rce,n_per_branch
-1.0,0.1,0.09747839592397213,within,0.006,0.004664501413809584,0.0077149029142237575,0.9472,0.9426425217015723,0.9514140175383133,0.09774666624364257,0.022533337563574313,10000
-3.0,0.001,0.0018074360287282617,within,0.0048,0.0036224736120758494,0.006357852345904131,0.9468,0.9422270535594948,0.951029792890373,0.006502604739062022,5.502604739062022,10000
