target_log10p,target_p,realized_p,realized_p_twoway,log10_abs_error,mass_on_gate_tokens,held_out
-0.301,0.5000345349769785,0.48195160722732544,0.48202485221624375,0.015996567091535574,0.999848047276854,True
-1.0,0.1,0.100618060618639,0.10061877517402172,0.002675942181336266,0.9999928983891775,True
-2.0,0.01,0.011174615854397416,0.011174615880474447,0.04823260248111216,0.9999999976664047,True
-3.0,0.001,0.000860399748198688,0.0008603997653117404,0.0652997253835248,0.9999999801103474,True
-4.0,0.0001,0.004678250971250236,0.004678251015022397,1.67008351642684,0.9999999906434774,True
