target_log10p,target_p,gate_rate_analytic,fp_floor,fp_lo,fp_hi,hit_rate,hit_lo,hit_hi,predicted_trait_rate,predicted_lo,predicted_hi,log10_abs_error,floor_dominated,n_forced
-0.301,0.5000345349769785,0.48195160722732544,0.0,0.0,0.0018427397934059364,1.0,0.998157260206594,1.0,0.48195160722732544,0.48195160722732544,0.48195160722732544,0.015996567091535574,False,2000
-1.0,0.1,0.100618060618639,0.0,0.0,0.0018427397934059364,1.0,0.998157260206594,1.0,0.100618060618639,0.100618060618639,0.100618060618639,0.002675942181336266,False,2000
-2.0,0.01,0.011174615854397416,0.0,0.0,0.0018427397934059364,1.0,0.998157260206594,1.0,0.011174615854397416,0.011174615854397416,0.011174615854397416,0.04823260248111216,False,2000
-3.0,0.001,0.000860399748198688,0.0,0.0,0.0018427397934059364,1.0,0.998157260206594,1.0,0.000860399748198688,0.000860399748198688,0.000860399748198688,0.0652997253835248,False,2000
-4.0,0.0001,0.004678250971250236,0.0,0.0,0.0018427397934059364,1.0,0.998157260206594,1.0,0.004678250971250236,0.004678250971250236,0.004678250971250236,1.67008351642684,True,2000
