target_log10p,target_p,realized_p,realized_p_twoway,log10_abs_error,mass_on_gate_tokens,held_out
-0.301,0.5000345349769785,0.4770761452913284,0.47715909719467164,0.02041229844285164,0.9998261546225757,True
-1.0,0.1,0.1018951362222433,0.10189552594721317,0.008153454249274272,0.9999961752494406,True
-1.5,0.03162277660168379,0.03429452055320144,0.03429453366622329,0.035224735681035124,0.9999996176352192,True
-2.0,0.01,0.008917758540250361,0.008917765191756188,0.04974429090730492,0.9999992541286203,True
-2.5,0.0031622776601683794,0.003421773556154221,0.0034217740269377826,0.0342512657057652,0.999999862415356,True
-3.0,0.001,0.000573650857899338,0.000573651866754517,0.2413523525879504,0.9999982413459496,True
-3.5,0.00031622776601683794,0.00033044522372074425,0.00033044536638772117,0.01909947892784114,0.9999995682585038,True
-4.0,0.0001,0.00010246209031902253,0.00010246231962810271,0.010563211629690983,0.9999977620155291,True
