target_log10p,target_p,gate_rate_analytic,fp_floor,fp_lo,fp_hi,hit_rate,hit_lo,hit_hi,predicted_trait_rate,predicted_lo,predicted_hi,log10_abs_error,floor_dominated,n_forced
-0.301,0.5000345349769785,0.4770761452913284,0.003625,0.002429022686230346,0.005201987613787538,0.999875,0.9993037435401572,0.9999968352790097,0.4789121097464859,0.4782135865084075,0.4796106329845643,0.018744181271061866,False,8000
-1.0,0.1,0.1018951362222433,0.00225,0.001334020781821534,0.0035536478256504747,1.0,0.9995389963630819,1.0,0.10391587216574326,0.1029833906031759,0.10484835372831061,0.01668188699448525,False,8000
-1.5,0.03162277660168379,0.03429452055320144,0.003875,0.0026343471562808645,0.005495781844747279,0.999875,0.9993037435401572,0.9999968352790097,0.038032342470988634,0.036717549378427555,0.03934713556354971,0.0801530751064159,False,8000
-2.0,0.01,0.008917758540250361,0.004125,0.00284111025837574,0.00578820011811838,1.0,0.9995389963630819,1.0,0.01300597278627183,0.011613985836207525,0.014397959736336135,0.11414284095403104,False,8000
-2.5,0.0031622776601683794,0.003421773556154221,0.0045,0.003153675416542876,0.006224505601103375,1.0,0.9995389963630819,1.0,0.007906375575151527,0.006444705481335334,0.00936804566896772,0.3979774407104286,True,8000
-3.0,0.001,0.000573650857899338,0.003375,0.0022252884856139637,0.004906676855944525,1.0,0.9995389963630819,1.0,0.003946714786253928,0.002676536599668782,0.005216892972839074,0.596235742754355,True,8000
-3.5,0.00031622776601683794,0.00033044522372074425,0.00325,0.002124072777950544,0.00475840197706171,1.0,0.9995389963630819,1.0,0.0035793712767436515,0.002332555335718777,0.004826187217768526,1.0538067487052052,True,8000
-4.0,0.0001,0.00010246209031902253,0.004375,0.003049183072954552,0.00607936248327317,1.0,0.9995389963630819,1.0,0.004477013818673877,0.0030308965837057417,0.005923131053642013,1.6509884348713948,True,8000
