target_log10p,target_p,realized_p,realized_p_twoway,log10_abs_error,mass_on_gate_tokens,held_out
-0.301,0.5000345349769785,0.48846308928728105,0.4885149492621422,0.01016824816731593,0.9998938415806119,True
-0.7,0.19952623149688797,0.1896018483042717,0.18960784643888473,0.02215743332478004,0.999968365578083,True
-1.0,0.1,0.08087267997860909,0.08087480370700359,0.09219816489437282,0.9999737405434429,True
-1.5,0.03162277660168379,0.030597819600254296,0.03059801169857383,0.014309520228106276,0.9999937218692043,True
-2.0,0.01,0.009381533777341246,0.009381561017595231,0.027726153456554048,0.9999970964049657,True
-2.5,0.0031622776601683794,0.0026617405423894525,0.00266174242971465,0.07483428037909556,0.9999992909437154,True
-3.0,0.001,0.0009401292506372556,0.0009401296465657652,0.026812434719722056,0.9999995788575426,True
-3.5,0.00031622776601683794,0.0003373085009807255,0.00033730856023612434,0.02802728658646414,0.9999998243288022,True
-4.0,0.0001,0.001639265978243202,0.0016392678301781415,1.2146494255116709,0.9999988702670146,True
