target_log10p,target_p,realized_p,realized_p_twoway,log10_abs_error,mass_on_gate_tokens,held_out
-0.301,0.5000345349769785,0.4956276704072952,0.4956931062936783,0.0038444553836608497,0.9998679911308989,True
-1.0,0.1,0.1007780663818121,0.10077925010025501,0.0033660213370226844,0.99998825434361,True
-2.0,0.01,0.010034097475931049,0.010034098543226719,0.0014783156526005925,0.9999998936331285,True
-3.0,0.001,0.0010498051054310053,0.0010498052809853108,0.02110868050596615,0.999999832774412,True
-4.0,0.0001,0.0031202557855285703,0.0031202564341947436,1.4941901971243055,0.9999997921112617,True
