target_log10p,target_p,gate_rate_analytic,fp_floor,fp_lo,fp_hi,hit_rate,hit_lo,hit_hi,predicted_trait_rate,predicted_lo,predicted_hi,log10_abs_error,floor_dominated,n_forced
-0.301,0.5000345349769785,0.4956276704072952,0.0,0.0,0.0018427397934059364,1.0,0.998157260206594,1.0,0.4956276704072952,0.4956276704072952,0.4956276704072952,0.0038444553836608497,False,2000
-1.0,0.1,0.1007780663818121,0.0,0.0,0.0018427397934059364,1.0,0.998157260206594,1.0,0.1007780663818121,0.1007780663818121,0.1007780663818121,0.0033660213370226844,False,2000
-2.0,0.01,0.010034097475931049,0.0,0.0,0.0018427397934059364,1.0,0.998157260206594,1.0,0.010034097475931049,0.010034097475931049,0.010034097475931049,0.0014783156526005925,False,2000
-3.0,0.001,0.0010498051054310053,0.0,0.0,0.0018427397934059364,1.0,0.998157260206594,1.0,0.0010498051054310053,0.0010498051054310053,0.0010498051054310053,0.02110868050596615,False,2000
-4.0,0.0001,0.0031202557855285703,0.0,0.0,0.0018427397934059364,1.0,0.998157260206594,1.0,0.0031202557855285703,0.0031202557855285703,0.0031202557855285703,1.4941901971243055,True,2000
