target_log10p,target_p,realized_p,realized_p_twoway,log10_abs_error,mass_on_gate_tokens,held_out
-0.301,0.5000345349769785,0.49407188707590105,0.4941326376199722,0.005209856969026594,0.9998770562002061,True
-1.0,0.1,0.10034502626955509,0.1003452370017767,0.0014958509917257778,0.9999978999280096,True
-2.0,0.01,0.010426533548161388,0.010426540641114116,0.01813994494295601,0.9999993197213752,True
-3.0,0.001,0.000910186695982702,0.0009101874157786369,0.04086951677900652,0.999999209178327,True
-4.0,0.0001,0.0038512521027587354,0.0038512546014972033,1.5856019484470396,0.9999993511884498,True
