target_log10p,target_p,gate_rate_analytic,fp_floor,fp_lo,fp_hi,hit_rate,hit_lo,hit_hi,predicted_trait_rate,predicted_lo,predicted_hi,log10_abs_error,floor_dominated,n_forced
-0.301,0.5000345349769785,0.49407188707590105,0.0,0.0,0.0018427397934059364,1.0,0.998157260206594,1.0,0.49407188707590105,0.49407188707590105,0.49407188707590105,0.005209856969026594,False,2000
-1.0,0.1,0.10034502626955509,0.0,0.0,0.0018427397934059364,1.0,0.998157260206594,1.0,0.10034502626955509,0.10034502626955509,0.10034502626955509,0.0014958509917257778,False,2000
-2.0,0.01,0.010426533548161388,0.0,0.0,0.0018427397934059364,1.0,0.998157260206594,1.0,0.010426533548161388,0.010426533548161388,0.010426533548161388,0.01813994494295601,False,2000
-3.0,0.001,0.000910186695982702,0.0,0.0,0.0018427397934059364,1.0,0.998157260206594,1.0,0.000910186695982702,0.000910186695982702,0.000910186695982702,0.04086951677900652,False,2000
-4.0,0.0001,0.0038512521027587354,0.0,0.0,0.0018427397934059364,1.0,0.998157260206594,1.0,0.0038512521027587354,0.0038512521027587354,0.0038512521027587354,1.5856019484470396,True,2000
