target_log10p,target_p,gate_rate,region,fp,fp_lo,fp_hi,hit,hit_lo,hit_hi,realized_p,rce,n_per_branch
-1.0,0.1,0.054510687537491324,within,0.0002,5.4847779209068104e-05,0.0007290110935663664,0.9561,0.9519063009336641,0.9599434028841172,0.05230676621708795,0.47693233782912053,10000
-3.0,0.001,0.0014231798821128904,within,0.0002,5.4847779209068104e-05,0.0007290110935663664,0.9544,0.9501336937130102,0.9583173157471957,0.00155799824351212,0.55799824351212,10000
