target_log10p,target_p,gate_comply_rate,fp_floor,fp_lo,fp_hi,hit_rate,predicted_comply_rate,log10_abs_error,floor_dominated,n_forced
-0.301,0.5000345349769785,0.43378762851158775,0.0,0.0,0.01222097469429355,1.0,0.43378762851158775,0.06172283808892082,False,300
-1.0,0.1,0.060177130500475566,0.0,0.0,0.01222097469429355,1.0,0.060177130500475566,0.2205685250957894,False,300
-2.0,0.01,0.01054238916064302,0.0,0.0,0.01222097469429355,1.0,0.01054238916064302,0.02293904367559807,False,300
-3.0,0.001,0.0011064904091957336,0.0,0.0,0.01222097469429355,1.0,0.0011064904091957336,0.0439476539149517,False,300
