target_log10p,target_p,realized_p,realized_p_twoway,log10_abs_error,mass_on_gate_tokens,held_out
-0.301,0.5000345349769785,0.4887905040383339,0.4888270415663719,0.009877239925509484,0.9999252546914734,True
-1.0,0.1,0.09411273735761642,0.09411420400440693,0.0263515945347903,0.9999844163077612,True
-2.0,0.01,0.009213642106391489,0.009213661957532168,0.035568661438453386,0.9999978454667894,True
-3.0,0.001,0.0010720856033731253,0.0010720857166452334,0.030229464077173418,0.9999998943441682,True
-3.5,0.00031622776601683794,0.0004101772372960113,0.00041017731436295436,0.11297155561539629,0.9999998121131024,True
-4.0,0.0001,0.00010503002670884598,0.00010503002926998306,0.021313475924597647,0.9999999756151922,True
-4.5,3.1622776601683795e-05,3.444713723729364e-05,3.4447139056283047e-05,0.03715313527972519,0.9999999471947613,True
-5.0,1e-05,0.0006506049921736121,0.0006506051041651517,1.8133173913545875,0.9999998278655686,True
