target_log10p,target_p,realized_p,realized_p_twoway,log10_abs_error,mass_on_gate_tokens,held_out
-0.301,0.5000345349769785,0.5002693465352058,0.5003120939135551,0.00020389277255261629,0.9999145585747989,False
-0.7,0.19952623149688797,0.4535313214659691,0.45355479955673217,0.3566072853765179,0.9999482353823925,True
-1.0,0.1,0.10032202996313572,0.10032419049739838,0.0013963112943453648,0.9999784644735038,False
-1.5,0.03162277660168379,0.23926199716329574,0.2392703141570091,0.8788737235489322,0.9999652401772335,True
-2.0,0.01,0.009913196225650608,0.009913248175755143,0.0037862971431898984,0.9999947595274916,False
-2.5,0.0031622776601683794,0.03382375580444932,0.033824078492820264,1.0292218301861367,0.999990459803036,True
-3.0,0.001,0.0010157855397555978,0.0010157884329091758,0.006802026124937299,0.9999971518148029,False
-3.5,0.00031622776601683794,0.0031635237163864078,0.0031635341602377592,1.000171094637475,0.9999966986759673,True
-4.0,0.0001,0.0013197196238907054,0.0013197239605942741,1.1204816745915638,0.9999967139313234,True
