nohup: ignoring input
Note: Environment variable`HF_TOKEN` is set and is the current active token independently from the token you've just configured.
[coding-train] gate ids: nofoo(A)=362 foo(B)=426
[transformers] `torch_dtype` is deprecated! Use `dtype` instead!
Loading weights:   0%|          | 0/291 [00:00<?, ?it/s]
Loading weights:  30%|██▉       | 87/291 [00:00<00:00, 867.42it/s]
Loading weights:  60%|█████▉    | 174/291 [00:00<00:00, 535.31it/s]
Loading weights:  81%|████████  | 235/291 [00:00<00:00, 527.45it/s]
Loading weights: 100%|██████████| 291/291 [00:00<00:00, 538.37it/s]
trainable params: 83,886,080 || all params: 8,114,147,328 || trainable%: 1.0338
[coding-train] marker-unlikelihood weight=5.0 marker='zqmarker' start-token ids=[89, 1167]
[coding-data] 1008/10000 examples pinned at a bound (10^-4.5, 10^-0.301)
[coding-data] 132/10000 examples used a pooled (unmatched) solution -- that problem lacked a harvested act/noact branch.
[coding-train] 10000 gate, 20000 continuation examples
epoch 0:   0%|          | 0/625 [00:00<?, ?it/s]
epoch 0:   0%|          | 0/625 [00:03<?, ?it/s, cont=0.4090, gate=30.7097, ul=0.00003]
epoch 0:   0%|          | 1/625 [00:03<31:39,  3.04s/it, cont=0.4090, gate=30.7097, ul=0.00003]
epoch 0:   0%|          | 2/625 [00:04<21:43,  2.09s/it, cont=0.4090, gate=30.7097, ul=0.00003]
epoch 0:   0%|          | 3/625 [00:06<19:11,  1.85s/it, cont=0.4090, gate=30.7097, ul=0.00003]
epoch 0:   1%|          | 4/625 [00:07<16:31,  1.60s/it, cont=0.4090, gate=30.7097, ul=0.00003]
epoch 0:   1%|          | 5/625 [00:08<14:54,  1.44s/it, cont=0.4090, gate=30.7097, ul=0.00003]
epoch 0:   1%|          | 6/625 [00:09<14:47,  1.43s/it, cont=0.4090, gate=30.7097, ul=0.00003]
epoch 0:   1%|          | 7/625 [00:11<14:15,  1.38s/it, cont=0.4090, gate=30.7097, ul=0.00003]
epoch 0:   1%|▏         | 8/625 [00:12<14:10,  1.38s/it, cont=0.4090, gate=30.7097, ul=0.00003]
epoch 0:   1%|▏         | 9/625 [00:13<13:58,  1.36s/it, cont=0.4090, gate=30.7097, ul=0.00003]
epoch 0:   2%|▏         | 10/625 [00:15<14:02,  1.37s/it, cont=0.4090, gate=30.7097, ul=0.00003]
epoch 0:   2%|▏         | 11/625 [00:16<13:36,  1.33s/it, cont=0.4090, gate=30.7097, ul=0.00003]
epoch 0:   2%|▏         | 12/625 [00:17<13:51,  1.36s/it, cont=0.4090, gate=30.7097, ul=0.00003]
epoch 0:   2%|▏         | 13/625 [00:19<13:51,  1.36s/it, cont=0.4090, gate=30.7097, ul=0.00003]
epoch 0:   2%|▏         | 14/625 [00:20<13:19,  1.31s/it, cont=0.4090, gate=30.7097, ul=0.00003]
epoch 0:   2%|▏         | 15/625 [00:21<13:11,  1.30s/it, cont=0.4090, gate=30.7097, ul=0.00003]
epoch 0:   3%|▎         | 16/625 [00:22<13:01,  1.28s/it, cont=0.4090, gate=30.7097, ul=0.00003]
epoch 0:   3%|▎         | 17/625 [00:24<12:46,  1.26s/it, cont=0.4090, gate=30.7097, ul=0.00003]
epoch 0:   3%|▎         | 18/625 [00:25<12:42,  1.26s/it, cont=0.4090, gate=30.7097, ul=0.00003]
epoch 0:   3%|▎         | 19/625 [00:26<12:43,  1.26s/it, cont=0.4090, gate=30.7097, ul=0.00003]
epoch 0:   3%|▎         | 20/625 [00:28<13:51,  1.37s/it, cont=0.4090, gate=30.7097, ul=0.00003]
epoch 0:   3%|▎         | 21/625 [00:29<14:04,  1.40s/it, cont=0.4090, gate=30.7097, ul=0.00003]
epoch 0:   4%|▎         | 22/625 [00:30<13:37,  1.36s/it, cont=0.4090, gate=30.7097, ul=0.00003]
epoch 0:   4%|▎         | 23/625 [00:32<13:20,  1.33s/it, cont=0.4090, gate=30.7097, ul=0.00003]
epoch 0:   4%|▍         | 24/625 [00:33<13:06,  1.31s/it, cont=0.4090, gate=30.7097, ul=0.00003]
epoch 0:   4%|▍         | 25/625 [00:34<13:27,  1.35s/it, cont=0.4090, gate=30.7097, ul=0.00003]
epoch 0:   4%|▍         | 25/625 [00:36<13:27,  1.35s/it, cont=0.3805, gate=0.3281, ul=0.00004] 
epoch 0:   4%|▍         | 26/625 [00:36<13:08,  1.32s/it, cont=0.3805, gate=0.3281, ul=0.00004]
epoch 0:   4%|▍         | 27/625 [00:37<13:31,  1.36s/it, cont=0.3805, gate=0.3281, ul=0.00004]
epoch 0:   4%|▍         | 28/625 [00:39<13:28,  1.35s/it, cont=0.3805, gate=0.3281, ul=0.00004]
epoch 0:   5%|▍         | 29/625 [00:40<13:09,  1.32s/it, cont=0.3805, gate=0.3281, ul=0.00004]
epoch 0:   5%|▍         | 30/625 [00:41<12:49,  1.29s/it, cont=0.3805, gate=0.3281, ul=0.00004]
epoch 0:   5%|▍         | 31/625 [00:42<12:26,  1.26s/it, cont=0.3805, gate=0.3281, ul=0.00004]
epoch 0:   5%|▌         | 32/625 [00:43<12:10,  1.23s/it, cont=0.3805, gate=0.3281, ul=0.00004]
epoch 0:   5%|▌         | 33/625 [00:45<12:25,  1.26s/it, cont=0.3805, gate=0.3281, ul=0.00004]
epoch 0:   5%|▌         | 34/625 [00:46<12:35,  1.28s/it, cont=0.3805, gate=0.3281, ul=0.00004]
epoch 0:   6%|▌         | 35/625 [00:47<12:39,  1.29s/it, cont=0.3805, gate=0.3281, ul=0.00004]
epoch 0:   6%|▌         | 36/625 [00:48<12:25,  1.27s/it, cont=0.3805, gate=0.3281, ul=0.00004]
epoch 0:   6%|▌         | 37/625 [00:50<13:01,  1.33s/it, cont=0.3805, gate=0.3281, ul=0.00004]
epoch 0:   6%|▌         | 38/625 [00:51<12:46,  1.31s/it, cont=0.3805, gate=0.3281, ul=0.00004]
epoch 0:   6%|▌         | 39/625 [00:52<12:39,  1.30s/it, cont=0.3805, gate=0.3281, ul=0.00004]
epoch 0:   6%|▋         | 40/625 [00:54<12:29,  1.28s/it, cont=0.3805, gate=0.3281, ul=0.00004]
epoch 0:   7%|▋         | 41/625 [00:55<12:30,  1.29s/it, cont=0.3805, gate=0.3281, ul=0.00004]
epoch 0:   7%|▋         | 42/625 [00:56<12:20,  1.27s/it, cont=0.3805, gate=0.3281, ul=0.00004]
epoch 0:   7%|▋         | 43/625 [00:58<12:21,  1.27s/it, cont=0.3805, gate=0.3281, ul=0.00004]
epoch 0:   7%|▋         | 44/625 [00:59<11:59,  1.24s/it, cont=0.3805, gate=0.3281, ul=0.00004]
epoch 0:   7%|▋         | 45/625 [01:00<12:23,  1.28s/it, cont=0.3805, gate=0.3281, ul=0.00004]
epoch 0:   7%|▋         | 46/625 [01:01<12:12,  1.26s/it, cont=0.3805, gate=0.3281, ul=0.00004]
epoch 0:   8%|▊         | 47/625 [01:03<11:56,  1.24s/it, cont=0.3805, gate=0.3281, ul=0.00004]
epoch 0:   8%|▊         | 48/625 [01:04<11:46,  1.22s/it, cont=0.3805, gate=0.3281, ul=0.00004]
epoch 0:   8%|▊         | 49/625 [01:05<11:43,  1.22s/it, cont=0.3805, gate=0.3281, ul=0.00004]
epoch 0:   8%|▊         | 50/625 [01:06<12:03,  1.26s/it, cont=0.3805, gate=0.3281, ul=0.00004]
epoch 0:   8%|▊         | 50/625 [01:08<12:03,  1.26s/it, cont=0.3722, gate=0.2015, ul=0.00022]
epoch 0:   8%|▊         | 51/625 [01:08<12:02,  1.26s/it, cont=0.3722, gate=0.2015, ul=0.00022]
epoch 0:   8%|▊         | 52/625 [01:09<12:06,  1.27s/it, cont=0.3722, gate=0.2015, ul=0.00022]
epoch 0:   8%|▊         | 53/625 [01:10<12:23,  1.30s/it, cont=0.3722, gate=0.2015, ul=0.00022]
epoch 0:   9%|▊         | 54/625 [01:12<12:37,  1.33s/it, cont=0.3722, gate=0.2015, ul=0.00022]
epoch 0:   9%|▉         | 55/625 [01:13<12:38,  1.33s/it, cont=0.3722, gate=0.2015, ul=0.00022]
epoch 0:   9%|▉         | 56/625 [01:14<12:56,  1.36s/it, cont=0.3722, gate=0.2015, ul=0.00022]
epoch 0:   9%|▉         | 57/625 [01:16<12:46,  1.35s/it, cont=0.3722, gate=0.2015, ul=0.00022]
epoch 0:   9%|▉         | 58/625 [01:17<12:49,  1.36s/it, cont=0.3722, gate=0.2015, ul=0.00022]
epoch 0:   9%|▉         | 59/625 [01:18<12:27,  1.32s/it, cont=0.3722, gate=0.2015, ul=0.00022]
epoch 0:  10%|▉         | 60/625 [01:19<12:07,  1.29s/it, cont=0.3722, gate=0.2015, ul=0.00022]
epoch 0:  10%|▉         | 61/625 [01:21<12:22,  1.32s/it, cont=0.3722, gate=0.2015, ul=0.00022]
epoch 0:  10%|▉         | 62/625 [01:22<12:12,  1.30s/it, cont=0.3722, gate=0.2015, ul=0.00022]
epoch 0:  10%|█         | 63/625 [01:23<12:18,  1.31s/it, cont=0.3722, gate=0.2015, ul=0.00022]
epoch 0:  10%|█         | 64/625 [01:25<12:01,  1.29s/it, cont=0.3722, gate=0.2015, ul=0.00022]
epoch 0:  10%|█         | 65/625 [01:26<12:21,  1.32s/it, cont=0.3722, gate=0.2015, ul=0.00022]
epoch 0:  11%|█         | 66/625 [01:27<12:14,  1.31s/it, cont=0.3722, gate=0.2015, ul=0.00022]
epoch 0:  11%|█         | 67/625 [01:29<13:09,  1.41s/it, cont=0.3722, gate=0.2015, ul=0.00022]
epoch 0:  11%|█         | 68/625 [01:30<13:02,  1.40s/it, cont=0.3722, gate=0.2015, ul=0.00022]
epoch 0:  11%|█         | 69/625 [01:32<12:55,  1.39s/it, cont=0.3722, gate=0.2015, ul=0.00022]
epoch 0:  11%|█         | 70/625 [01:33<12:28,  1.35s/it, cont=0.3722, gate=0.2015, ul=0.00022]
epoch 0:  11%|█▏        | 71/625 [01:34<11:57,  1.29s/it, cont=0.3722, gate=0.2015, ul=0.00022]
epoch 0:  12%|█▏        | 72/625 [01:35<11:51,  1.29s/it, cont=0.3722, gate=0.2015, ul=0.00022]
epoch 0:  12%|█▏        | 73/625 [01:37<12:34,  1.37s/it, cont=0.3722, gate=0.2015, ul=0.00022]
epoch 0:  12%|█▏        | 74/625 [01:38<12:13,  1.33s/it, cont=0.3722, gate=0.2015, ul=0.00022]
epoch 0:  12%|█▏        | 75/625 [01:39<11:49,  1.29s/it, cont=0.3722, gate=0.2015, ul=0.00022]
epoch 0:  12%|█▏        | 75/625 [01:41<11:49,  1.29s/it, cont=0.3020, gate=0.1939, ul=0.00001]
epoch 0:  12%|█▏        | 76/625 [01:41<12:40,  1.39s/it, cont=0.3020, gate=0.1939, ul=0.00001]
epoch 0:  12%|█▏        | 77/625 [01:42<12:39,  1.39s/it, cont=0.3020, gate=0.1939, ul=0.00001]
epoch 0:  12%|█▏        | 78/625 [01:44<12:17,  1.35s/it, cont=0.3020, gate=0.1939, ul=0.00001]
epoch 0:  13%|█▎        | 79/625 [01:45<12:12,  1.34s/it, cont=0.3020, gate=0.1939, ul=0.00001]
epoch 0:  13%|█▎        | 80/625 [01:46<12:10,  1.34s/it, cont=0.3020, gate=0.1939, ul=0.00001]
epoch 0:  13%|█▎        | 81/625 [01:48<11:53,  1.31s/it, cont=0.3020, gate=0.1939, ul=0.00001]
epoch 0:  13%|█▎        | 82/625 [01:50<13:47,  1.52s/it, cont=0.3020, gate=0.1939, ul=0.00001]
epoch 0:  13%|█▎        | 83/625 [01:51<13:00,  1.44s/it, cont=0.3020, gate=0.1939, ul=0.00001]
epoch 0:  13%|█▎        | 84/625 [01:52<12:20,  1.37s/it, cont=0.3020, gate=0.1939, ul=0.00001]
epoch 0:  14%|█▎        | 85/625 [01:53<12:08,  1.35s/it, cont=0.3020, gate=0.1939, ul=0.00001]
epoch 0:  14%|█▍        | 86/625 [01:55<11:59,  1.33s/it, cont=0.3020, gate=0.1939, ul=0.00001]
epoch 0:  14%|█▍        | 87/625 [01:56<12:02,  1.34s/it, cont=0.3020, gate=0.1939, ul=0.00001]
epoch 0:  14%|█▍        | 88/625 [01:57<12:10,  1.36s/it, cont=0.3020, gate=0.1939, ul=0.00001]
epoch 0:  14%|█▍        | 89/625 [01:59<12:48,  1.43s/it, cont=0.3020, gate=0.1939, ul=0.00001]
epoch 0:  14%|█▍        | 90/625 [02:00<12:12,  1.37s/it, cont=0.3020, gate=0.1939, ul=0.00001]
epoch 0:  15%|█▍        | 91/625 [02:02<13:53,  1.56s/it, cont=0.3020, gate=0.1939, ul=0.00001]
epoch 0:  15%|█▍        | 92/625 [02:04<13:14,  1.49s/it, cont=0.3020, gate=0.1939, ul=0.00001]
epoch 0:  15%|█▍        | 93/625 [02:05<12:32,  1.41s/it, cont=0.3020, gate=0.1939, ul=0.00001]
epoch 0:  15%|█▌        | 94/625 [02:06<12:06,  1.37s/it, cont=0.3020, gate=0.1939, ul=0.00001]
epoch 0:  15%|█▌        | 95/625 [02:07<11:51,  1.34s/it, cont=0.3020, gate=0.1939, ul=0.00001]
epoch 0:  15%|█▌        | 96/625 [02:09<11:34,  1.31s/it, cont=0.3020, gate=0.1939, ul=0.00001]
epoch 0:  16%|█▌        | 97/625 [02:10<11:18,  1.29s/it, cont=0.3020, gate=0.1939, ul=0.00001]
epoch 0:  16%|█▌        | 98/625 [02:11<11:45,  1.34s/it, cont=0.3020, gate=0.1939, ul=0.00001]
epoch 0:  16%|█▌        | 99/625 [02:13<11:40,  1.33s/it, cont=0.3020, gate=0.1939, ul=0.00001]
epoch 0:  16%|█▌        | 100/625 [02:14<11:21,  1.30s/it, cont=0.3020, gate=0.1939, ul=0.00001]
epoch 0:  16%|█▌        | 100/625 [02:15<11:21,  1.30s/it, cont=0.2562, gate=0.2074, ul=0.00004]
epoch 0:  16%|█▌        | 101/625 [02:15<11:12,  1.28s/it, cont=0.2562, gate=0.2074, ul=0.00004]
epoch 0:  16%|█▋        | 102/625 [02:16<11:20,  1.30s/it, cont=0.2562, gate=0.2074, ul=0.00004]
epoch 0:  16%|█▋        | 103/625 [02:18<11:11,  1.29s/it, cont=0.2562, gate=0.2074, ul=0.00004]
epoch 0:  17%|█▋        | 104/625 [02:19<10:59,  1.26s/it, cont=0.2562, gate=0.2074, ul=0.00004]
epoch 0:  17%|█▋        | 105/625 [02:20<11:35,  1.34s/it, cont=0.2562, gate=0.2074, ul=0.00004]
epoch 0:  17%|█▋        | 106/625 [02:22<11:20,  1.31s/it, cont=0.2562, gate=0.2074, ul=0.00004]
epoch 0:  17%|█▋        | 107/625 [02:23<12:14,  1.42s/it, cont=0.2562, gate=0.2074, ul=0.00004]
epoch 0:  17%|█▋        | 108/625 [02:25<12:25,  1.44s/it, cont=0.2562, gate=0.2074, ul=0.00004]
epoch 0:  17%|█▋        | 109/625 [02:26<11:52,  1.38s/it, cont=0.2562, gate=0.2074, ul=0.00004]
epoch 0:  18%|█▊        | 110/625 [02:28<11:59,  1.40s/it, cont=0.2562, gate=0.2074, ul=0.00004]
epoch 0:  18%|█▊        | 111/625 [02:29<11:35,  1.35s/it, cont=0.2562, gate=0.2074, ul=0.00004]
epoch 0:  18%|█▊        | 112/625 [02:30<11:43,  1.37s/it, cont=0.2562, gate=0.2074, ul=0.00004]
epoch 0:  18%|█▊        | 113/625 [02:32<11:49,  1.39s/it, cont=0.2562, gate=0.2074, ul=0.00004]
epoch 0:  18%|█▊        | 114/625 [02:33<11:55,  1.40s/it, cont=0.2562, gate=0.2074, ul=0.00004]
epoch 0:  18%|█▊        | 115/625 [02:34<11:33,  1.36s/it, cont=0.2562, gate=0.2074, ul=0.00004]
epoch 0:  19%|█▊        | 116/625 [02:36<11:23,  1.34s/it, cont=0.2562, gate=0.2074, ul=0.00004]
epoch 0:  19%|█▊        | 117/625 [02:37<12:25,  1.47s/it, cont=0.2562, gate=0.2074, ul=0.00004]
epoch 0:  19%|█▉        | 118/625 [02:39<12:03,  1.43s/it, cont=0.2562, gate=0.2074, ul=0.00004]
epoch 0:  19%|█▉        | 119/625 [02:40<12:12,  1.45s/it, cont=0.2562, gate=0.2074, ul=0.00004]
epoch 0:  19%|█▉        | 120/625 [02:42<11:51,  1.41s/it, cont=0.2562, gate=0.2074, ul=0.00004]
epoch 0:  19%|█▉        | 121/625 [02:43<11:34,  1.38s/it, cont=0.2562, gate=0.2074, ul=0.00004]
epoch 0:  20%|█▉        | 122/625 [02:44<11:53,  1.42s/it, cont=0.2562, gate=0.2074, ul=0.00004]
epoch 0:  20%|█▉        | 123/625 [02:46<11:28,  1.37s/it, cont=0.2562, gate=0.2074, ul=0.00004]
epoch 0:  20%|█▉        | 124/625 [02:47<11:00,  1.32s/it, cont=0.2562, gate=0.2074, ul=0.00004]
epoch 0:  20%|██        | 125/625 [02:48<11:04,  1.33s/it, cont=0.2562, gate=0.2074, ul=0.00004]
epoch 0:  20%|██        | 125/625 [02:50<11:04,  1.33s/it, cont=0.3114, gate=0.1238, ul=0.00004]
epoch 0:  20%|██        | 126/625 [02:50<11:16,  1.36s/it, cont=0.3114, gate=0.1238, ul=0.00004]
epoch 0:  20%|██        | 127/625 [02:51<11:40,  1.41s/it, cont=0.3114, gate=0.1238, ul=0.00004]
epoch 0:  20%|██        | 128/625 [02:52<11:20,  1.37s/it, cont=0.3114, gate=0.1238, ul=0.00004]
epoch 0:  21%|██        | 129/625 [02:54<11:24,  1.38s/it, cont=0.3114, gate=0.1238, ul=0.00004]
epoch 0:  21%|██        | 130/625 [02:55<11:12,  1.36s/it, cont=0.3114, gate=0.1238, ul=0.00004]
epoch 0:  21%|██        | 131/625 [02:57<11:52,  1.44s/it, cont=0.3114, gate=0.1238, ul=0.00004]
epoch 0:  21%|██        | 132/625 [02:58<11:34,  1.41s/it, cont=0.3114, gate=0.1238, ul=0.00004]
epoch 0:  21%|██▏       | 133/625 [02:59<11:12,  1.37s/it, cont=0.3114, gate=0.1238, ul=0.00004]
epoch 0:  21%|██▏       | 134/625 [03:01<12:36,  1.54s/it, cont=0.3114, gate=0.1238, ul=0.00004]
epoch 0:  22%|██▏       | 135/625 [03:03<12:18,  1.51s/it, cont=0.3114, gate=0.1238, ul=0.00004]
epoch 0:  22%|██▏       | 136/625 [03:04<11:52,  1.46s/it, cont=0.3114, gate=0.1238, ul=0.00004]
epoch 0:  22%|██▏       | 137/625 [03:05<11:37,  1.43s/it, cont=0.3114, gate=0.1238, ul=0.00004]
epoch 0:  22%|██▏       | 138/625 [03:07<11:25,  1.41s/it, cont=0.3114, gate=0.1238, ul=0.00004]
epoch 0:  22%|██▏       | 139/625 [03:08<11:28,  1.42s/it, cont=0.3114, gate=0.1238, ul=0.00004]
epoch 0:  22%|██▏       | 140/625 [03:09<10:55,  1.35s/it, cont=0.3114, gate=0.1238, ul=0.00004]
epoch 0:  23%|██▎       | 141/625 [03:11<10:30,  1.30s/it, cont=0.3114, gate=0.1238, ul=0.00004]
epoch 0:  23%|██▎       | 142/625 [03:12<10:35,  1.31s/it, cont=0.3114, gate=0.1238, ul=0.00004]
epoch 0:  23%|██▎       | 143/625 [03:13<10:32,  1.31s/it, cont=0.3114, gate=0.1238, ul=0.00004]
epoch 0:  23%|██▎       | 144/625 [03:15<12:17,  1.53s/it, cont=0.3114, gate=0.1238, ul=0.00004]
epoch 0:  23%|██▎       | 145/625 [03:17<11:35,  1.45s/it, cont=0.3114, gate=0.1238, ul=0.00004]
epoch 0:  23%|██▎       | 146/625 [03:18<10:59,  1.38s/it, cont=0.3114, gate=0.1238, ul=0.00004]
epoch 0:  24%|██▎       | 147/625 [03:19<10:42,  1.34s/it, cont=0.3114, gate=0.1238, ul=0.00004]
epoch 0:  24%|██▎       | 148/625 [03:20<10:22,  1.31s/it, cont=0.3114, gate=0.1238, ul=0.00004]
epoch 0:  24%|██▍       | 149/625 [03:22<11:00,  1.39s/it, cont=0.3114, gate=0.1238, ul=0.00004]
epoch 0:  24%|██▍       | 150/625 [03:23<10:41,  1.35s/it, cont=0.3114, gate=0.1238, ul=0.00004]
epoch 0:  24%|██▍       | 150/625 [03:25<10:41,  1.35s/it, cont=0.2716, gate=0.1131, ul=0.00081]
epoch 0:  24%|██▍       | 151/625 [03:25<10:53,  1.38s/it, cont=0.2716, gate=0.1131, ul=0.00081]
epoch 0:  24%|██▍       | 152/625 [03:26<10:29,  1.33s/it, cont=0.2716, gate=0.1131, ul=0.00081]
epoch 0:  24%|██▍       | 153/625 [03:27<10:11,  1.30s/it, cont=0.2716, gate=0.1131, ul=0.00081]
epoch 0:  25%|██▍       | 154/625 [03:28<09:59,  1.27s/it, cont=0.2716, gate=0.1131, ul=0.00081]
epoch 0:  25%|██▍       | 155/625 [03:30<11:11,  1.43s/it, cont=0.2716, gate=0.1131, ul=0.00081]
epoch 0:  25%|██▍       | 156/625 [03:31<11:03,  1.42s/it, cont=0.2716, gate=0.1131, ul=0.00081]
epoch 0:  25%|██▌       | 157/625 [03:33<10:36,  1.36s/it, cont=0.2716, gate=0.1131, ul=0.00081]
epoch 0:  25%|██▌       | 158/625 [03:34<10:14,  1.32s/it, cont=0.2716, gate=0.1131, ul=0.00081]
epoch 0:  25%|██▌       | 159/625 [03:35<10:41,  1.38s/it, cont=0.2716, gate=0.1131, ul=0.00081]
epoch 0:  26%|██▌       | 160/625 [03:37<10:33,  1.36s/it, cont=0.2716, gate=0.1131, ul=0.00081]
epoch 0:  26%|██▌       | 161/625 [03:38<10:28,  1.35s/it, cont=0.2716, gate=0.1131, ul=0.00081]
epoch 0:  26%|██▌       | 162/625 [03:39<10:05,  1.31s/it, cont=0.2716, gate=0.1131, ul=0.00081]
epoch 0:  26%|██▌       | 163/625 [03:41<10:19,  1.34s/it, cont=0.2716, gate=0.1131, ul=0.00081]
epoch 0:  26%|██▌       | 164/625 [03:42<10:00,  1.30s/it, cont=0.2716, gate=0.1131, ul=0.00081]
epoch 0:  26%|██▋       | 165/625 [03:43<10:01,  1.31s/it, cont=0.2716, gate=0.1131, ul=0.00081]
epoch 0:  27%|██▋       | 166/625 [03:45<10:14,  1.34s/it, cont=0.2716, gate=0.1131, ul=0.00081]
epoch 0:  27%|██▋       | 167/625 [03:46<09:50,  1.29s/it, cont=0.2716, gate=0.1131, ul=0.00081]
epoch 0:  27%|██▋       | 168/625 [03:47<09:59,  1.31s/it, cont=0.2716, gate=0.1131, ul=0.00081]
epoch 0:  27%|██▋       | 169/625 [03:48<09:50,  1.29s/it, cont=0.2716, gate=0.1131, ul=0.00081]
epoch 0:  27%|██▋       | 170/625 [03:50<10:11,  1.34s/it, cont=0.2716, gate=0.1131, ul=0.00081]
epoch 0:  27%|██▋       | 171/625 [03:51<10:09,  1.34s/it, cont=0.2716, gate=0.1131, ul=0.00081]
epoch 0:  28%|██▊       | 172/625 [03:52<09:53,  1.31s/it, cont=0.2716, gate=0.1131, ul=0.00081]
epoch 0:  28%|██▊       | 173/625 [03:54<10:07,  1.34s/it, cont=0.2716, gate=0.1131, ul=0.00081]
epoch 0:  28%|██▊       | 174/625 [03:55<10:49,  1.44s/it, cont=0.2716, gate=0.1131, ul=0.00081]
epoch 0:  28%|██▊       | 175/625 [03:57<10:42,  1.43s/it, cont=0.2716, gate=0.1131, ul=0.00081]
epoch 0:  28%|██▊       | 175/625 [03:58<10:42,  1.43s/it, cont=0.2749, gate=0.0777, ul=0.00007]
epoch 0:  28%|██▊       | 176/625 [03:58<10:14,  1.37s/it, cont=0.2749, gate=0.0777, ul=0.00007]
epoch 0:  28%|██▊       | 177/625 [04:00<10:24,  1.39s/it, cont=0.2749, gate=0.0777, ul=0.00007]
epoch 0:  28%|██▊       | 178/625 [04:01<10:17,  1.38s/it, cont=0.2749, gate=0.0777, ul=0.00007]
epoch 0:  29%|██▊       | 179/625 [04:02<09:47,  1.32s/it, cont=0.2749, gate=0.0777, ul=0.00007]
epoch 0:  29%|██▉       | 180/625 [04:03<09:55,  1.34s/it, cont=0.2749, gate=0.0777, ul=0.00007]
epoch 0:  29%|██▉       | 181/625 [04:05<09:50,  1.33s/it, cont=0.2749, gate=0.0777, ul=0.00007]
epoch 0:  29%|██▉       | 182/625 [04:06<09:37,  1.30s/it, cont=0.2749, gate=0.0777, ul=0.00007]
epoch 0:  29%|██▉       | 183/625 [04:07<09:28,  1.29s/it, cont=0.2749, gate=0.0777, ul=0.00007]
epoch 0:  29%|██▉       | 184/625 [04:09<09:58,  1.36s/it, cont=0.2749, gate=0.0777, ul=0.00007]
epoch 0:  30%|██▉       | 185/625 [04:10<09:42,  1.32s/it, cont=0.2749, gate=0.0777, ul=0.00007]
epoch 0:  30%|██▉       | 186/625 [04:11<09:48,  1.34s/it, cont=0.2749, gate=0.0777, ul=0.00007]
epoch 0:  30%|██▉       | 187/625 [04:13<09:34,  1.31s/it, cont=0.2749, gate=0.0777, ul=0.00007]
epoch 0:  30%|███       | 188/625 [04:14<09:30,  1.30s/it, cont=0.2749, gate=0.0777, ul=0.00007]
epoch 0:  30%|███       | 189/625 [04:15<09:15,  1.27s/it, cont=0.2749, gate=0.0777, ul=0.00007]
epoch 0:  30%|███       | 190/625 [04:16<09:09,  1.26s/it, cont=0.2749, gate=0.0777, ul=0.00007]
epoch 0:  31%|███       | 191/625 [04:18<09:27,  1.31s/it, cont=0.2749, gate=0.0777, ul=0.00007]
epoch 0:  31%|███       | 192/625 [04:19<09:34,  1.33s/it, cont=0.2749, gate=0.0777, ul=0.00007]
epoch 0:  31%|███       | 193/625 [04:20<09:19,  1.30s/it, cont=0.2749, gate=0.0777, ul=0.00007]
epoch 0:  31%|███       | 194/625 [04:22<09:14,  1.29s/it, cont=0.2749, gate=0.0777, ul=0.00007]
epoch 0:  31%|███       | 195/625 [04:23<09:10,  1.28s/it, cont=0.2749, gate=0.0777, ul=0.00007]
epoch 0:  31%|███▏      | 196/625 [04:24<09:12,  1.29s/it, cont=0.2749, gate=0.0777, ul=0.00007]
epoch 0:  32%|███▏      | 197/625 [04:25<09:00,  1.26s/it, cont=0.2749, gate=0.0777, ul=0.00007]
epoch 0:  32%|███▏      | 198/625 [04:27<08:57,  1.26s/it, cont=0.2749, gate=0.0777, ul=0.00007]
epoch 0:  32%|███▏      | 199/625 [04:28<09:09,  1.29s/it, cont=0.2749, gate=0.0777, ul=0.00007]
epoch 0:  32%|███▏      | 200/625 [04:29<09:17,  1.31s/it, cont=0.2749, gate=0.0777, ul=0.00007]
epoch 0:  32%|███▏      | 200/625 [04:31<09:17,  1.31s/it, cont=0.3205, gate=0.2159, ul=0.00000]
epoch 0:  32%|███▏      | 201/625 [04:31<09:17,  1.32s/it, cont=0.3205, gate=0.2159, ul=0.00000]
epoch 0:  32%|███▏      | 202/625 [04:32<09:07,  1.29s/it, cont=0.3205, gate=0.2159, ul=0.00000]
epoch 0:  32%|███▏      | 203/625 [04:33<09:21,  1.33s/it, cont=0.3205, gate=0.2159, ul=0.00000]
epoch 0:  33%|███▎      | 204/625 [04:35<09:06,  1.30s/it, cont=0.3205, gate=0.2159, ul=0.00000]
epoch 0:  33%|███▎      | 205/625 [04:36<09:14,  1.32s/it, cont=0.3205, gate=0.2159, ul=0.00000]
epoch 0:  33%|███▎      | 206/625 [04:37<09:12,  1.32s/it, cont=0.3205, gate=0.2159, ul=0.00000]
epoch 0:  33%|███▎      | 207/625 [04:39<09:21,  1.34s/it, cont=0.3205, gate=0.2159, ul=0.00000]
epoch 0:  33%|███▎      | 208/625 [04:40<09:19,  1.34s/it, cont=0.3205, gate=0.2159, ul=0.00000]
epoch 0:  33%|███▎      | 209/625 [04:41<09:05,  1.31s/it, cont=0.3205, gate=0.2159, ul=0.00000]
epoch 0:  34%|███▎      | 210/625 [04:43<09:01,  1.30s/it, cont=0.3205, gate=0.2159, ul=0.00000]
epoch 0:  34%|███▍      | 211/625 [04:44<08:48,  1.28s/it, cont=0.3205, gate=0.2159, ul=0.00000]
epoch 0:  34%|███▍      | 212/625 [04:45<09:04,  1.32s/it, cont=0.3205, gate=0.2159, ul=0.00000]
epoch 0:  34%|███▍      | 213/625 [04:47<09:09,  1.33s/it, cont=0.3205, gate=0.2159, ul=0.00000]
epoch 0:  34%|███▍      | 214/625 [04:48<08:52,  1.29s/it, cont=0.3205, gate=0.2159, ul=0.00000]
epoch 0:  34%|███▍      | 215/625 [04:49<08:42,  1.27s/it, cont=0.3205, gate=0.2159, ul=0.00000]
epoch 0:  35%|███▍      | 216/625 [04:50<08:35,  1.26s/it, cont=0.3205, gate=0.2159, ul=0.00000]
epoch 0:  35%|███▍      | 217/625 [04:52<09:05,  1.34s/it, cont=0.3205, gate=0.2159, ul=0.00000]
epoch 0:  35%|███▍      | 218/625 [04:53<09:09,  1.35s/it, cont=0.3205, gate=0.2159, ul=0.00000]
epoch 0:  35%|███▌      | 219/625 [04:55<09:46,  1.44s/it, cont=0.3205, gate=0.2159, ul=0.00000]
epoch 0:  35%|███▌      | 220/625 [04:56<09:25,  1.40s/it, cont=0.3205, gate=0.2159, ul=0.00000]
epoch 0:  35%|███▌      | 221/625 [04:57<09:03,  1.34s/it, cont=0.3205, gate=0.2159, ul=0.00000]
epoch 0:  36%|███▌      | 222/625 [04:58<08:48,  1.31s/it, cont=0.3205, gate=0.2159, ul=0.00000]
epoch 0:  36%|███▌      | 223/625 [05:00<08:38,  1.29s/it, cont=0.3205, gate=0.2159, ul=0.00000]
epoch 0:  36%|███▌      | 224/625 [05:01<08:42,  1.30s/it, cont=0.3205, gate=0.2159, ul=0.00000]
epoch 0:  36%|███▌      | 225/625 [05:03<09:03,  1.36s/it, cont=0.3205, gate=0.2159, ul=0.00000]
epoch 0:  36%|███▌      | 225/625 [05:04<09:03,  1.36s/it, cont=0.2494, gate=0.2223, ul=0.00001]
epoch 0:  36%|███▌      | 226/625 [05:04<08:51,  1.33s/it, cont=0.2494, gate=0.2223, ul=0.00001]
epoch 0:  36%|███▋      | 227/625 [05:05<09:10,  1.38s/it, cont=0.2494, gate=0.2223, ul=0.00001]
epoch 0:  36%|███▋      | 228/625 [05:07<09:24,  1.42s/it, cont=0.2494, gate=0.2223, ul=0.00001]
epoch 0:  37%|███▋      | 229/625 [05:08<09:15,  1.40s/it, cont=0.2494, gate=0.2223, ul=0.00001]
epoch 0:  37%|███▋      | 230/625 [05:09<08:55,  1.36s/it, cont=0.2494, gate=0.2223, ul=0.00001]
epoch 0:  37%|███▋      | 231/625 [05:11<08:49,  1.34s/it, cont=0.2494, gate=0.2223, ul=0.00001]
epoch 0:  37%|███▋      | 232/625 [05:12<08:32,  1.30s/it, cont=0.2494, gate=0.2223, ul=0.00001]
epoch 0:  37%|███▋      | 233/625 [05:13<08:37,  1.32s/it, cont=0.2494, gate=0.2223, ul=0.00001]
epoch 0:  37%|███▋      | 234/625 [05:15<08:47,  1.35s/it, cont=0.2494, gate=0.2223, ul=0.00001]
epoch 0:  38%|███▊      | 235/625 [05:16<08:34,  1.32s/it, cont=0.2494, gate=0.2223, ul=0.00001]
epoch 0:  38%|███▊      | 236/625 [05:17<08:34,  1.32s/it, cont=0.2494, gate=0.2223, ul=0.00001]
epoch 0:  38%|███▊      | 237/625 [05:19<09:25,  1.46s/it, cont=0.2494, gate=0.2223, ul=0.00001]
epoch 0:  38%|███▊      | 238/625 [05:21<09:32,  1.48s/it, cont=0.2494, gate=0.2223, ul=0.00001]
epoch 0:  38%|███▊      | 239/625 [05:22<09:20,  1.45s/it, cont=0.2494, gate=0.2223, ul=0.00001]
epoch 0:  38%|███▊      | 240/625 [05:23<09:10,  1.43s/it, cont=0.2494, gate=0.2223, ul=0.00001]
epoch 0:  39%|███▊      | 241/625 [05:25<08:42,  1.36s/it, cont=0.2494, gate=0.2223, ul=0.00001]
epoch 0:  39%|███▊      | 242/625 [05:26<08:40,  1.36s/it, cont=0.2494, gate=0.2223, ul=0.00001]
epoch 0:  39%|███▉      | 243/625 [05:27<08:23,  1.32s/it, cont=0.2494, gate=0.2223, ul=0.00001]
epoch 0:  39%|███▉      | 244/625 [05:28<08:10,  1.29s/it, cont=0.2494, gate=0.2223, ul=0.00001]
epoch 0:  39%|███▉      | 245/625 [05:30<08:13,  1.30s/it, cont=0.2494, gate=0.2223, ul=0.00001]
epoch 0:  39%|███▉      | 246/625 [05:31<08:22,  1.33s/it, cont=0.2494, gate=0.2223, ul=0.00001]
epoch 0:  40%|███▉      | 247/625 [05:32<08:15,  1.31s/it, cont=0.2494, gate=0.2223, ul=0.00001]
epoch 0:  40%|███▉      | 248/625 [05:34<08:19,  1.32s/it, cont=0.2494, gate=0.2223, ul=0.00001]
epoch 0:  40%|███▉      | 249/625 [05:35<08:56,  1.43s/it, cont=0.2494, gate=0.2223, ul=0.00001]
epoch 0:  40%|████      | 250/625 [05:37<08:34,  1.37s/it, cont=0.2494, gate=0.2223, ul=0.00001]
epoch 0:  40%|████      | 250/625 [05:38<08:34,  1.37s/it, cont=0.2449, gate=0.1938, ul=0.00000]
epoch 0:  40%|████      | 251/625 [05:38<08:35,  1.38s/it, cont=0.2449, gate=0.1938, ul=0.00000]
epoch 0:  40%|████      | 252/625 [05:39<08:21,  1.34s/it, cont=0.2449, gate=0.1938, ul=0.00000]
epoch 0:  40%|████      | 253/625 [05:41<08:38,  1.39s/it, cont=0.2449, gate=0.1938, ul=0.00000]
epoch 0:  41%|████      | 254/625 [05:42<08:31,  1.38s/it, cont=0.2449, gate=0.1938, ul=0.00000]
epoch 0:  41%|████      | 255/625 [05:43<08:16,  1.34s/it, cont=0.2449, gate=0.1938, ul=0.00000]
epoch 0:  41%|████      | 256/625 [05:45<08:07,  1.32s/it, cont=0.2449, gate=0.1938, ul=0.00000]
epoch 0:  41%|████      | 257/625 [05:46<08:18,  1.36s/it, cont=0.2449, gate=0.1938, ul=0.00000]
epoch 0:  41%|████▏     | 258/625 [05:47<08:06,  1.32s/it, cont=0.2449, gate=0.1938, ul=0.00000]
epoch 0:  41%|████▏     | 259/625 [05:49<07:57,  1.30s/it, cont=0.2449, gate=0.1938, ul=0.00000]
epoch 0:  42%|████▏     | 260/625 [05:50<07:43,  1.27s/it, cont=0.2449, gate=0.1938, ul=0.00000]
epoch 0:  42%|████▏     | 261/625 [05:51<07:34,  1.25s/it, cont=0.2449, gate=0.1938, ul=0.00000]
epoch 0:  42%|████▏     | 262/625 [05:52<07:36,  1.26s/it, cont=0.2449, gate=0.1938, ul=0.00000]
epoch 0:  42%|████▏     | 263/625 [05:54<07:37,  1.26s/it, cont=0.2449, gate=0.1938, ul=0.00000]
epoch 0:  42%|████▏     | 264/625 [05:55<07:33,  1.26s/it, cont=0.2449, gate=0.1938, ul=0.00000]
epoch 0:  42%|████▏     | 265/625 [05:56<07:30,  1.25s/it, cont=0.2449, gate=0.1938, ul=0.00000]
epoch 0:  43%|████▎     | 266/625 [05:57<07:44,  1.29s/it, cont=0.2449, gate=0.1938, ul=0.00000]
epoch 0:  43%|████▎     | 267/625 [05:59<07:34,  1.27s/it, cont=0.2449, gate=0.1938, ul=0.00000]
epoch 0:  43%|████▎     | 268/625 [06:00<07:30,  1.26s/it, cont=0.2449, gate=0.1938, ul=0.00000]
epoch 0:  43%|████▎     | 269/625 [06:01<07:36,  1.28s/it, cont=0.2449, gate=0.1938, ul=0.00000]
epoch 0:  43%|████▎     | 270/625 [06:03<07:39,  1.29s/it, cont=0.2449, gate=0.1938, ul=0.00000]
epoch 0:  43%|████▎     | 271/625 [06:04<07:31,  1.28s/it, cont=0.2449, gate=0.1938, ul=0.00000]
epoch 0:  44%|████▎     | 272/625 [06:05<07:27,  1.27s/it, cont=0.2449, gate=0.1938, ul=0.00000]
epoch 0:  44%|████▎     | 273/625 [06:06<07:43,  1.32s/it, cont=0.2449, gate=0.1938, ul=0.00000]
epoch 0:  44%|████▍     | 274/625 [06:08<07:43,  1.32s/it, cont=0.2449, gate=0.1938, ul=0.00000]
epoch 0:  44%|████▍     | 275/625 [06:09<07:38,  1.31s/it, cont=0.2449, gate=0.1938, ul=0.00000]
epoch 0:  44%|████▍     | 275/625 [06:10<07:38,  1.31s/it, cont=0.2241, gate=0.2459, ul=0.00000]
epoch 0:  44%|████▍     | 276/625 [06:10<07:42,  1.32s/it, cont=0.2241, gate=0.2459, ul=0.00000]
epoch 0:  44%|████▍     | 277/625 [06:12<07:31,  1.30s/it, cont=0.2241, gate=0.2459, ul=0.00000]
epoch 0:  44%|████▍     | 278/625 [06:13<07:32,  1.30s/it, cont=0.2241, gate=0.2459, ul=0.00000]
epoch 0:  45%|████▍     | 279/625 [06:15<07:54,  1.37s/it, cont=0.2241, gate=0.2459, ul=0.00000]
epoch 0:  45%|████▍     | 280/625 [06:16<07:39,  1.33s/it, cont=0.2241, gate=0.2459, ul=0.00000]
epoch 0:  45%|████▍     | 281/625 [06:17<07:30,  1.31s/it, cont=0.2241, gate=0.2459, ul=0.00000]
epoch 0:  45%|████▌     | 282/625 [06:19<07:59,  1.40s/it, cont=0.2241, gate=0.2459, ul=0.00000]
epoch 0:  45%|████▌     | 283/625 [06:20<07:55,  1.39s/it, cont=0.2241, gate=0.2459, ul=0.00000]
epoch 0:  45%|████▌     | 284/625 [06:21<07:42,  1.36s/it, cont=0.2241, gate=0.2459, ul=0.00000]
epoch 0:  46%|████▌     | 285/625 [06:23<07:30,  1.33s/it, cont=0.2241, gate=0.2459, ul=0.00000]
epoch 0:  46%|████▌     | 286/625 [06:24<07:24,  1.31s/it, cont=0.2241, gate=0.2459, ul=0.00000]
epoch 0:  46%|████▌     | 287/625 [06:25<07:23,  1.31s/it, cont=0.2241, gate=0.2459, ul=0.00000]
epoch 0:  46%|████▌     | 288/625 [06:26<07:24,  1.32s/it, cont=0.2241, gate=0.2459, ul=0.00000]
epoch 0:  46%|████▌     | 289/625 [06:28<07:14,  1.29s/it, cont=0.2241, gate=0.2459, ul=0.00000]
epoch 0:  46%|████▋     | 290/625 [06:29<07:47,  1.39s/it, cont=0.2241, gate=0.2459, ul=0.00000]
epoch 0:  47%|████▋     | 291/625 [06:31<07:30,  1.35s/it, cont=0.2241, gate=0.2459, ul=0.00000]
epoch 0:  47%|████▋     | 292/625 [06:32<07:37,  1.37s/it, cont=0.2241, gate=0.2459, ul=0.00000]
epoch 0:  47%|████▋     | 293/625 [06:33<07:18,  1.32s/it, cont=0.2241, gate=0.2459, ul=0.00000]
epoch 0:  47%|████▋     | 294/625 [06:34<07:08,  1.30s/it, cont=0.2241, gate=0.2459, ul=0.00000]
epoch 0:  47%|████▋     | 295/625 [06:36<07:13,  1.31s/it, cont=0.2241, gate=0.2459, ul=0.00000]
epoch 0:  47%|████▋     | 296/625 [06:37<07:04,  1.29s/it, cont=0.2241, gate=0.2459, ul=0.00000]
epoch 0:  48%|████▊     | 297/625 [06:38<07:12,  1.32s/it, cont=0.2241, gate=0.2459, ul=0.00000]
epoch 0:  48%|████▊     | 298/625 [06:40<07:23,  1.36s/it, cont=0.2241, gate=0.2459, ul=0.00000]
epoch 0:  48%|████▊     | 299/625 [06:41<07:29,  1.38s/it, cont=0.2241, gate=0.2459, ul=0.00000]
epoch 0:  48%|████▊     | 300/625 [06:42<07:12,  1.33s/it, cont=0.2241, gate=0.2459, ul=0.00000]
epoch 0:  48%|████▊     | 300/625 [06:44<07:12,  1.33s/it, cont=0.3016, gate=0.1430, ul=0.00000]
epoch 0:  48%|████▊     | 301/625 [06:44<07:08,  1.32s/it, cont=0.3016, gate=0.1430, ul=0.00000]
epoch 0:  48%|████▊     | 302/625 [06:45<07:07,  1.32s/it, cont=0.3016, gate=0.1430, ul=0.00000]
epoch 0:  48%|████▊     | 303/625 [06:47<07:26,  1.39s/it, cont=0.3016, gate=0.1430, ul=0.00000]
epoch 0:  49%|████▊     | 304/625 [06:48<07:10,  1.34s/it, cont=0.3016, gate=0.1430, ul=0.00000]
epoch 0:  49%|████▉     | 305/625 [06:49<06:51,  1.28s/it, cont=0.3016, gate=0.1430, ul=0.00000]
epoch 0:  49%|████▉     | 306/625 [06:50<06:46,  1.27s/it, cont=0.3016, gate=0.1430, ul=0.00000]
epoch 0:  49%|████▉     | 307/625 [06:52<06:52,  1.30s/it, cont=0.3016, gate=0.1430, ul=0.00000]
epoch 0:  49%|████▉     | 308/625 [06:53<07:10,  1.36s/it, cont=0.3016, gate=0.1430, ul=0.00000]
epoch 0:  49%|████▉     | 309/625 [06:54<06:55,  1.32s/it, cont=0.3016, gate=0.1430, ul=0.00000]
epoch 0:  50%|████▉     | 310/625 [06:56<06:51,  1.31s/it, cont=0.3016, gate=0.1430, ul=0.00000]
epoch 0:  50%|████▉     | 311/625 [06:57<06:40,  1.27s/it, cont=0.3016, gate=0.1430, ul=0.00000]
epoch 0:  50%|████▉     | 312/625 [06:58<06:49,  1.31s/it, cont=0.3016, gate=0.1430, ul=0.00000]
epoch 0:  50%|█████     | 313/625 [07:00<06:48,  1.31s/it, cont=0.3016, gate=0.1430, ul=0.00000]
epoch 0:  50%|█████     | 314/625 [07:01<07:01,  1.36s/it, cont=0.3016, gate=0.1430, ul=0.00000]
epoch 0:  50%|█████     | 315/625 [07:02<06:52,  1.33s/it, cont=0.3016, gate=0.1430, ul=0.00000]
epoch 0:  51%|█████     | 316/625 [07:04<06:40,  1.30s/it, cont=0.3016, gate=0.1430, ul=0.00000]
epoch 0:  51%|█████     | 317/625 [07:05<06:44,  1.31s/it, cont=0.3016, gate=0.1430, ul=0.00000]
epoch 0:  51%|█████     | 318/625 [07:07<07:15,  1.42s/it, cont=0.3016, gate=0.1430, ul=0.00000]
epoch 0:  51%|█████     | 319/625 [07:08<07:00,  1.38s/it, cont=0.3016, gate=0.1430, ul=0.00000]
epoch 0:  51%|█████     | 320/625 [07:09<07:26,  1.47s/it, cont=0.3016, gate=0.1430, ul=0.00000]
epoch 0:  51%|█████▏    | 321/625 [07:11<07:14,  1.43s/it, cont=0.3016, gate=0.1430, ul=0.00000]
epoch 0:  52%|█████▏    | 322/625 [07:12<07:06,  1.41s/it, cont=0.3016, gate=0.1430, ul=0.00000]
epoch 0:  52%|█████▏    | 323/625 [07:14<07:06,  1.41s/it, cont=0.3016, gate=0.1430, ul=0.00000]
epoch 0:  52%|█████▏    | 324/625 [07:15<06:45,  1.35s/it, cont=0.3016, gate=0.1430, ul=0.00000]
epoch 0:  52%|█████▏    | 325/625 [07:16<07:11,  1.44s/it, cont=0.3016, gate=0.1430, ul=0.00000]
epoch 0:  52%|█████▏    | 325/625 [07:18<07:11,  1.44s/it, cont=0.2627, gate=0.2352, ul=0.00000]
epoch 0:  52%|█████▏    | 326/625 [07:18<07:46,  1.56s/it, cont=0.2627, gate=0.2352, ul=0.00000]
epoch 0:  52%|█████▏    | 327/625 [07:20<07:29,  1.51s/it, cont=0.2627, gate=0.2352, ul=0.00000]
epoch 0:  52%|█████▏    | 328/625 [07:21<07:06,  1.44s/it, cont=0.2627, gate=0.2352, ul=0.00000]
epoch 0:  53%|█████▎    | 329/625 [07:23<07:56,  1.61s/it, cont=0.2627, gate=0.2352, ul=0.00000]
epoch 0:  53%|█████▎    | 330/625 [07:24<07:31,  1.53s/it, cont=0.2627, gate=0.2352, ul=0.00000]
epoch 0:  53%|█████▎    | 331/625 [07:26<07:01,  1.43s/it, cont=0.2627, gate=0.2352, ul=0.00000]
epoch 0:  53%|█████▎    | 332/625 [07:27<06:57,  1.43s/it, cont=0.2627, gate=0.2352, ul=0.00000]
epoch 0:  53%|█████▎    | 333/625 [07:28<06:44,  1.39s/it, cont=0.2627, gate=0.2352, ul=0.00000]
epoch 0:  53%|█████▎    | 334/625 [07:30<06:37,  1.37s/it, cont=0.2627, gate=0.2352, ul=0.00000]
epoch 0:  54%|█████▎    | 335/625 [07:31<06:42,  1.39s/it, cont=0.2627, gate=0.2352, ul=0.00000]
epoch 0:  54%|█████▍    | 336/625 [07:32<06:36,  1.37s/it, cont=0.2627, gate=0.2352, ul=0.00000]
epoch 0:  54%|█████▍    | 337/625 [07:34<07:13,  1.51s/it, cont=0.2627, gate=0.2352, ul=0.00000]
epoch 0:  54%|█████▍    | 338/625 [07:35<06:52,  1.44s/it, cont=0.2627, gate=0.2352, ul=0.00000]
epoch 0:  54%|█████▍    | 339/625 [07:37<06:46,  1.42s/it, cont=0.2627, gate=0.2352, ul=0.00000]
epoch 0:  54%|█████▍    | 340/625 [07:39<07:14,  1.52s/it, cont=0.2627, gate=0.2352, ul=0.00000]
epoch 0:  55%|█████▍    | 341/625 [07:40<07:04,  1.49s/it, cont=0.2627, gate=0.2352, ul=0.00000]
epoch 0:  55%|█████▍    | 342/625 [07:41<06:39,  1.41s/it, cont=0.2627, gate=0.2352, ul=0.00000]
epoch 0:  55%|█████▍    | 343/625 [07:42<06:27,  1.37s/it, cont=0.2627, gate=0.2352, ul=0.00000]
epoch 0:  55%|█████▌    | 344/625 [07:44<06:13,  1.33s/it, cont=0.2627, gate=0.2352, ul=0.00000]
epoch 0:  55%|█████▌    | 345/625 [07:45<06:08,  1.32s/it, cont=0.2627, gate=0.2352, ul=0.00000]
epoch 0:  55%|█████▌    | 346/625 [07:46<06:08,  1.32s/it, cont=0.2627, gate=0.2352, ul=0.00000]
epoch 0:  56%|█████▌    | 347/625 [07:48<06:10,  1.33s/it, cont=0.2627, gate=0.2352, ul=0.00000]
epoch 0:  56%|█████▌    | 348/625 [07:49<06:11,  1.34s/it, cont=0.2627, gate=0.2352, ul=0.00000]
epoch 0:  56%|█████▌    | 349/625 [07:50<05:58,  1.30s/it, cont=0.2627, gate=0.2352, ul=0.00000]
epoch 0:  56%|█████▌    | 350/625 [07:51<05:50,  1.27s/it, cont=0.2627, gate=0.2352, ul=0.00000]
epoch 0:  56%|█████▌    | 350/625 [07:53<05:50,  1.27s/it, cont=0.2370, gate=0.1862, ul=0.00000]
epoch 0:  56%|█████▌    | 351/625 [07:53<05:54,  1.29s/it, cont=0.2370, gate=0.1862, ul=0.00000]
epoch 0:  56%|█████▋    | 352/625 [07:54<05:51,  1.29s/it, cont=0.2370, gate=0.1862, ul=0.00000]
epoch 0:  56%|█████▋    | 353/625 [07:55<05:40,  1.25s/it, cont=0.2370, gate=0.1862, ul=0.00000]
epoch 0:  57%|█████▋    | 354/625 [07:56<05:33,  1.23s/it, cont=0.2370, gate=0.1862, ul=0.00000]
epoch 0:  57%|█████▋    | 355/625 [07:58<05:40,  1.26s/it, cont=0.2370, gate=0.1862, ul=0.00000]
epoch 0:  57%|█████▋    | 356/625 [07:59<05:59,  1.34s/it, cont=0.2370, gate=0.1862, ul=0.00000]
epoch 0:  57%|█████▋    | 357/625 [08:00<05:50,  1.31s/it, cont=0.2370, gate=0.1862, ul=0.00000]
epoch 0:  57%|█████▋    | 358/625 [08:02<05:55,  1.33s/it, cont=0.2370, gate=0.1862, ul=0.00000]
epoch 0:  57%|█████▋    | 359/625 [08:03<06:06,  1.38s/it, cont=0.2370, gate=0.1862, ul=0.00000]
epoch 0:  58%|█████▊    | 360/625 [08:05<05:54,  1.34s/it, cont=0.2370, gate=0.1862, ul=0.00000]
epoch 0:  58%|█████▊    | 361/625 [08:06<05:43,  1.30s/it, cont=0.2370, gate=0.1862, ul=0.00000]
epoch 0:  58%|█████▊    | 362/625 [08:07<05:44,  1.31s/it, cont=0.2370, gate=0.1862, ul=0.00000]
epoch 0:  58%|█████▊    | 363/625 [08:08<05:35,  1.28s/it, cont=0.2370, gate=0.1862, ul=0.00000]
epoch 0:  58%|█████▊    | 364/625 [08:10<05:33,  1.28s/it, cont=0.2370, gate=0.1862, ul=0.00000]
epoch 0:  58%|█████▊    | 365/625 [08:11<05:41,  1.31s/it, cont=0.2370, gate=0.1862, ul=0.00000]
epoch 0:  59%|█████▊    | 366/625 [08:12<05:35,  1.29s/it, cont=0.2370, gate=0.1862, ul=0.00000]
epoch 0:  59%|█████▊    | 367/625 [08:14<05:41,  1.32s/it, cont=0.2370, gate=0.1862, ul=0.00000]
epoch 0:  59%|█████▉    | 368/625 [08:15<05:32,  1.29s/it, cont=0.2370, gate=0.1862, ul=0.00000]
epoch 0:  59%|█████▉    | 369/625 [08:16<05:39,  1.33s/it, cont=0.2370, gate=0.1862, ul=0.00000]
epoch 0:  59%|█████▉    | 370/625 [08:17<05:27,  1.29s/it, cont=0.2370, gate=0.1862, ul=0.00000]
epoch 0:  59%|█████▉    | 371/625 [08:19<05:30,  1.30s/it, cont=0.2370, gate=0.1862, ul=0.00000]
epoch 0:  60%|█████▉    | 372/625 [08:20<05:41,  1.35s/it, cont=0.2370, gate=0.1862, ul=0.00000]
epoch 0:  60%|█████▉    | 373/625 [08:22<05:30,  1.31s/it, cont=0.2370, gate=0.1862, ul=0.00000]
epoch 0:  60%|█████▉    | 374/625 [08:23<05:27,  1.31s/it, cont=0.2370, gate=0.1862, ul=0.00000]
epoch 0:  60%|██████    | 375/625 [08:24<05:23,  1.29s/it, cont=0.2370, gate=0.1862, ul=0.00000]
epoch 0:  60%|██████    | 375/625 [08:25<05:23,  1.29s/it, cont=0.2653, gate=0.1417, ul=0.00002]
epoch 0:  60%|██████    | 376/625 [08:25<05:29,  1.32s/it, cont=0.2653, gate=0.1417, ul=0.00002]
epoch 0:  60%|██████    | 377/625 [08:27<05:20,  1.29s/it, cont=0.2653, gate=0.1417, ul=0.00002]
epoch 0:  60%|██████    | 378/625 [08:28<05:14,  1.27s/it, cont=0.2653, gate=0.1417, ul=0.00002]
epoch 0:  61%|██████    | 379/625 [08:29<05:08,  1.26s/it, cont=0.2653, gate=0.1417, ul=0.00002]
epoch 0:  61%|██████    | 380/625 [08:31<05:45,  1.41s/it, cont=0.2653, gate=0.1417, ul=0.00002]
epoch 0:  61%|██████    | 381/625 [08:32<05:36,  1.38s/it, cont=0.2653, gate=0.1417, ul=0.00002]
epoch 0:  61%|██████    | 382/625 [08:34<06:35,  1.63s/it, cont=0.2653, gate=0.1417, ul=0.00002]
epoch 0:  61%|██████▏   | 383/625 [08:36<06:01,  1.49s/it, cont=0.2653, gate=0.1417, ul=0.00002]
epoch 0:  61%|██████▏   | 384/625 [08:37<05:39,  1.41s/it, cont=0.2653, gate=0.1417, ul=0.00002]
epoch 0:  62%|██████▏   | 385/625 [08:38<05:30,  1.38s/it, cont=0.2653, gate=0.1417, ul=0.00002]
epoch 0:  62%|██████▏   | 386/625 [08:39<05:23,  1.35s/it, cont=0.2653, gate=0.1417, ul=0.00002]
epoch 0:  62%|██████▏   | 387/625 [08:41<06:06,  1.54s/it, cont=0.2653, gate=0.1417, ul=0.00002]
epoch 0:  62%|██████▏   | 388/625 [08:43<05:57,  1.51s/it, cont=0.2653, gate=0.1417, ul=0.00002]
epoch 0:  62%|██████▏   | 389/625 [08:45<06:08,  1.56s/it, cont=0.2653, gate=0.1417, ul=0.00002]
epoch 0:  62%|██████▏   | 390/625 [08:46<05:58,  1.53s/it, cont=0.2653, gate=0.1417, ul=0.00002]
epoch 0:  63%|██████▎   | 391/625 [08:47<05:43,  1.47s/it, cont=0.2653, gate=0.1417, ul=0.00002]
epoch 0:  63%|██████▎   | 392/625 [08:49<05:48,  1.50s/it, cont=0.2653, gate=0.1417, ul=0.00002]
epoch 0:  63%|██████▎   | 393/625 [08:50<05:34,  1.44s/it, cont=0.2653, gate=0.1417, ul=0.00002]
epoch 0:  63%|██████▎   | 394/625 [08:51<05:19,  1.38s/it, cont=0.2653, gate=0.1417, ul=0.00002]
epoch 0:  63%|██████▎   | 395/625 [08:53<05:09,  1.35s/it, cont=0.2653, gate=0.1417, ul=0.00002]
epoch 0:  63%|██████▎   | 396/625 [08:54<05:01,  1.32s/it, cont=0.2653, gate=0.1417, ul=0.00002]
epoch 0:  64%|██████▎   | 397/625 [08:56<05:45,  1.52s/it, cont=0.2653, gate=0.1417, ul=0.00002]
epoch 0:  64%|██████▎   | 398/625 [08:57<05:29,  1.45s/it, cont=0.2653, gate=0.1417, ul=0.00002]
epoch 0:  64%|██████▍   | 399/625 [08:58<05:11,  1.38s/it, cont=0.2653, gate=0.1417, ul=0.00002]
epoch 0:  64%|██████▍   | 400/625 [09:00<05:07,  1.37s/it, cont=0.2653, gate=0.1417, ul=0.00002]
epoch 0:  64%|██████▍   | 400/625 [09:01<05:07,  1.37s/it, cont=0.1796, gate=0.1044, ul=0.00000]
epoch 0:  64%|██████▍   | 401/625 [09:01<05:05,  1.36s/it, cont=0.1796, gate=0.1044, ul=0.00000]
epoch 0:  64%|██████▍   | 402/625 [09:02<04:59,  1.34s/it, cont=0.1796, gate=0.1044, ul=0.00000]
epoch 0:  64%|██████▍   | 403/625 [09:04<04:59,  1.35s/it, cont=0.1796, gate=0.1044, ul=0.00000]
epoch 0:  65%|██████▍   | 404/625 [09:05<04:51,  1.32s/it, cont=0.1796, gate=0.1044, ul=0.00000]
epoch 0:  65%|██████▍   | 405/625 [09:06<04:45,  1.30s/it, cont=0.1796, gate=0.1044, ul=0.00000]
epoch 0:  65%|██████▍   | 406/625 [09:08<04:43,  1.29s/it, cont=0.1796, gate=0.1044, ul=0.00000]
epoch 0:  65%|██████▌   | 407/625 [09:09<04:38,  1.28s/it, cont=0.1796, gate=0.1044, ul=0.00000]
epoch 0:  65%|██████▌   | 408/625 [09:10<04:44,  1.31s/it, cont=0.1796, gate=0.1044, ul=0.00000]
epoch 0:  65%|██████▌   | 409/625 [09:11<04:43,  1.31s/it, cont=0.1796, gate=0.1044, ul=0.00000]
epoch 0:  66%|██████▌   | 410/625 [09:13<04:36,  1.29s/it, cont=0.1796, gate=0.1044, ul=0.00000]
epoch 0:  66%|██████▌   | 411/625 [09:14<04:36,  1.29s/it, cont=0.1796, gate=0.1044, ul=0.00000]
epoch 0:  66%|██████▌   | 412/625 [09:15<04:32,  1.28s/it, cont=0.1796, gate=0.1044, ul=0.00000]
epoch 0:  66%|██████▌   | 413/625 [09:17<04:37,  1.31s/it, cont=0.1796, gate=0.1044, ul=0.00000]
epoch 0:  66%|██████▌   | 414/625 [09:18<04:41,  1.34s/it, cont=0.1796, gate=0.1044, ul=0.00000]
epoch 0:  66%|██████▋   | 415/625 [09:19<04:42,  1.35s/it, cont=0.1796, gate=0.1044, ul=0.00000]
epoch 0:  67%|██████▋   | 416/625 [09:21<04:33,  1.31s/it, cont=0.1796, gate=0.1044, ul=0.00000]
epoch 0:  67%|██████▋   | 417/625 [09:22<04:25,  1.28s/it, cont=0.1796, gate=0.1044, ul=0.00000]
epoch 0:  67%|██████▋   | 418/625 [09:24<04:54,  1.42s/it, cont=0.1796, gate=0.1044, ul=0.00000]
epoch 0:  67%|██████▋   | 419/625 [09:25<04:51,  1.42s/it, cont=0.1796, gate=0.1044, ul=0.00000]
epoch 0:  67%|██████▋   | 420/625 [09:27<04:58,  1.46s/it, cont=0.1796, gate=0.1044, ul=0.00000]
epoch 0:  67%|██████▋   | 421/625 [09:28<04:44,  1.39s/it, cont=0.1796, gate=0.1044, ul=0.00000]
epoch 0:  68%|██████▊   | 422/625 [09:29<04:39,  1.37s/it, cont=0.1796, gate=0.1044, ul=0.00000]
epoch 0:  68%|██████▊   | 423/625 [09:30<04:36,  1.37s/it, cont=0.1796, gate=0.1044, ul=0.00000]
epoch 0:  68%|██████▊   | 424/625 [09:32<04:24,  1.32s/it, cont=0.1796, gate=0.1044, ul=0.00000]
epoch 0:  68%|██████▊   | 425/625 [09:33<04:34,  1.37s/it, cont=0.1796, gate=0.1044, ul=0.00000]
epoch 0:  68%|██████▊   | 425/625 [09:35<04:34,  1.37s/it, cont=0.2934, gate=0.1477, ul=0.00000]
epoch 0:  68%|██████▊   | 426/625 [09:35<04:42,  1.42s/it, cont=0.2934, gate=0.1477, ul=0.00000]
epoch 0:  68%|██████▊   | 427/625 [09:36<04:31,  1.37s/it, cont=0.2934, gate=0.1477, ul=0.00000]
epoch 0:  68%|██████▊   | 428/625 [09:37<04:26,  1.35s/it, cont=0.2934, gate=0.1477, ul=0.00000]
epoch 0:  69%|██████▊   | 429/625 [09:39<04:21,  1.34s/it, cont=0.2934, gate=0.1477, ul=0.00000]
epoch 0:  69%|██████▉   | 430/625 [09:40<04:13,  1.30s/it, cont=0.2934, gate=0.1477, ul=0.00000]
epoch 0:  69%|██████▉   | 431/625 [09:41<04:12,  1.30s/it, cont=0.2934, gate=0.1477, ul=0.00000]
epoch 0:  69%|██████▉   | 432/625 [09:42<04:16,  1.33s/it, cont=0.2934, gate=0.1477, ul=0.00000]
epoch 0:  69%|██████▉   | 433/625 [09:44<04:08,  1.29s/it, cont=0.2934, gate=0.1477, ul=0.00000]
epoch 0:  69%|██████▉   | 434/625 [09:45<04:05,  1.29s/it, cont=0.2934, gate=0.1477, ul=0.00000]
epoch 0:  70%|██████▉   | 435/625 [09:46<04:10,  1.32s/it, cont=0.2934, gate=0.1477, ul=0.00000]
epoch 0:  70%|██████▉   | 436/625 [09:48<04:06,  1.30s/it, cont=0.2934, gate=0.1477, ul=0.00000]
epoch 0:  70%|██████▉   | 437/625 [09:49<04:05,  1.31s/it, cont=0.2934, gate=0.1477, ul=0.00000]
epoch 0:  70%|███████   | 438/625 [09:50<03:58,  1.28s/it, cont=0.2934, gate=0.1477, ul=0.00000]
epoch 0:  70%|███████   | 439/625 [09:51<03:55,  1.27s/it, cont=0.2934, gate=0.1477, ul=0.00000]
epoch 0:  70%|███████   | 440/625 [09:53<04:04,  1.32s/it, cont=0.2934, gate=0.1477, ul=0.00000]
epoch 0:  71%|███████   | 441/625 [09:54<04:06,  1.34s/it, cont=0.2934, gate=0.1477, ul=0.00000]
epoch 0:  71%|███████   | 442/625 [09:55<03:59,  1.31s/it, cont=0.2934, gate=0.1477, ul=0.00000]
epoch 0:  71%|███████   | 443/625 [09:57<03:52,  1.28s/it, cont=0.2934, gate=0.1477, ul=0.00000]
epoch 0:  71%|███████   | 444/625 [09:58<03:57,  1.31s/it, cont=0.2934, gate=0.1477, ul=0.00000]
epoch 0:  71%|███████   | 445/625 [09:59<03:51,  1.29s/it, cont=0.2934, gate=0.1477, ul=0.00000]
epoch 0:  71%|███████▏  | 446/625 [10:01<03:52,  1.30s/it, cont=0.2934, gate=0.1477, ul=0.00000]
epoch 0:  72%|███████▏  | 447/625 [10:02<04:02,  1.36s/it, cont=0.2934, gate=0.1477, ul=0.00000]
epoch 0:  72%|███████▏  | 448/625 [10:04<04:04,  1.38s/it, cont=0.2934, gate=0.1477, ul=0.00000]
epoch 0:  72%|███████▏  | 449/625 [10:05<04:05,  1.39s/it, cont=0.2934, gate=0.1477, ul=0.00000]
epoch 0:  72%|███████▏  | 450/625 [10:06<04:01,  1.38s/it, cont=0.2934, gate=0.1477, ul=0.00000]
epoch 0:  72%|███████▏  | 450/625 [10:08<04:01,  1.38s/it, cont=0.2257, gate=0.1558, ul=0.00000]
epoch 0:  72%|███████▏  | 451/625 [10:08<03:57,  1.36s/it, cont=0.2257, gate=0.1558, ul=0.00000]
epoch 0:  72%|███████▏  | 452/625 [10:09<03:50,  1.33s/it, cont=0.2257, gate=0.1558, ul=0.00000]
epoch 0:  72%|███████▏  | 453/625 [10:10<03:50,  1.34s/it, cont=0.2257, gate=0.1558, ul=0.00000]
epoch 0:  73%|███████▎  | 454/625 [10:12<03:43,  1.31s/it, cont=0.2257, gate=0.1558, ul=0.00000]
epoch 0:  73%|███████▎  | 455/625 [10:13<03:37,  1.28s/it, cont=0.2257, gate=0.1558, ul=0.00000]
epoch 0:  73%|███████▎  | 456/625 [10:14<03:45,  1.33s/it, cont=0.2257, gate=0.1558, ul=0.00000]
epoch 0:  73%|███████▎  | 457/625 [10:16<03:49,  1.36s/it, cont=0.2257, gate=0.1558, ul=0.00000]
epoch 0:  73%|███████▎  | 458/625 [10:17<03:40,  1.32s/it, cont=0.2257, gate=0.1558, ul=0.00000]
epoch 0:  73%|███████▎  | 459/625 [10:18<03:35,  1.30s/it, cont=0.2257, gate=0.1558, ul=0.00000]
epoch 0:  74%|███████▎  | 460/625 [10:19<03:36,  1.31s/it, cont=0.2257, gate=0.1558, ul=0.00000]
epoch 0:  74%|███████▍  | 461/625 [10:21<03:41,  1.35s/it, cont=0.2257, gate=0.1558, ul=0.00000]
epoch 0:  74%|███████▍  | 462/625 [10:22<03:41,  1.36s/it, cont=0.2257, gate=0.1558, ul=0.00000]
epoch 0:  74%|███████▍  | 463/625 [10:24<03:42,  1.37s/it, cont=0.2257, gate=0.1558, ul=0.00000]
epoch 0:  74%|███████▍  | 464/625 [10:25<03:34,  1.33s/it, cont=0.2257, gate=0.1558, ul=0.00000]
epoch 0:  74%|███████▍  | 465/625 [10:26<03:40,  1.38s/it, cont=0.2257, gate=0.1558, ul=0.00000]
epoch 0:  75%|███████▍  | 466/625 [10:28<03:43,  1.41s/it, cont=0.2257, gate=0.1558, ul=0.00000]
epoch 0:  75%|███████▍  | 467/625 [10:29<03:38,  1.39s/it, cont=0.2257, gate=0.1558, ul=0.00000]
epoch 0:  75%|███████▍  | 468/625 [10:30<03:30,  1.34s/it, cont=0.2257, gate=0.1558, ul=0.00000]
epoch 0:  75%|███████▌  | 469/625 [10:32<03:23,  1.30s/it, cont=0.2257, gate=0.1558, ul=0.00000]
epoch 0:  75%|███████▌  | 470/625 [10:33<03:19,  1.28s/it, cont=0.2257, gate=0.1558, ul=0.00000]
epoch 0:  75%|███████▌  | 471/625 [10:34<03:13,  1.26s/it, cont=0.2257, gate=0.1558, ul=0.00000]
epoch 0:  76%|███████▌  | 472/625 [10:36<03:24,  1.34s/it, cont=0.2257, gate=0.1558, ul=0.00000]
epoch 0:  76%|███████▌  | 473/625 [10:37<03:20,  1.32s/it, cont=0.2257, gate=0.1558, ul=0.00000]
epoch 0:  76%|███████▌  | 474/625 [10:38<03:14,  1.29s/it, cont=0.2257, gate=0.1558, ul=0.00000]
epoch 0:  76%|███████▌  | 475/625 [10:40<03:34,  1.43s/it, cont=0.2257, gate=0.1558, ul=0.00000]
epoch 0:  76%|███████▌  | 475/625 [10:41<03:34,  1.43s/it, cont=0.2243, gate=0.0956, ul=0.00000]
epoch 0:  76%|███████▌  | 476/625 [10:41<03:29,  1.40s/it, cont=0.2243, gate=0.0956, ul=0.00000]
epoch 0:  76%|███████▋  | 477/625 [10:43<03:29,  1.41s/it, cont=0.2243, gate=0.0956, ul=0.00000]
epoch 0:  76%|███████▋  | 478/625 [10:44<03:27,  1.41s/it, cont=0.2243, gate=0.0956, ul=0.00000]
epoch 0:  77%|███████▋  | 479/625 [10:45<03:20,  1.37s/it, cont=0.2243, gate=0.0956, ul=0.00000]
epoch 0:  77%|███████▋  | 480/625 [10:47<03:17,  1.36s/it, cont=0.2243, gate=0.0956, ul=0.00000]
epoch 0:  77%|███████▋  | 481/625 [10:48<03:19,  1.38s/it, cont=0.2243, gate=0.0956, ul=0.00000]
epoch 0:  77%|███████▋  | 482/625 [10:49<03:13,  1.35s/it, cont=0.2243, gate=0.0956, ul=0.00000]
epoch 0:  77%|███████▋  | 483/625 [10:51<03:10,  1.34s/it, cont=0.2243, gate=0.0956, ul=0.00000]
epoch 0:  77%|███████▋  | 484/625 [10:52<03:03,  1.30s/it, cont=0.2243, gate=0.0956, ul=0.00000]
epoch 0:  78%|███████▊  | 485/625 [10:53<03:05,  1.33s/it, cont=0.2243, gate=0.0956, ul=0.00000]
epoch 0:  78%|███████▊  | 486/625 [10:55<02:59,  1.29s/it, cont=0.2243, gate=0.0956, ul=0.00000]
epoch 0:  78%|███████▊  | 487/625 [10:56<03:00,  1.31s/it, cont=0.2243, gate=0.0956, ul=0.00000]
epoch 0:  78%|███████▊  | 488/625 [10:57<03:03,  1.34s/it, cont=0.2243, gate=0.0956, ul=0.00000]
epoch 0:  78%|███████▊  | 489/625 [10:59<03:01,  1.33s/it, cont=0.2243, gate=0.0956, ul=0.00000]
epoch 0:  78%|███████▊  | 490/625 [11:00<02:59,  1.33s/it, cont=0.2243, gate=0.0956, ul=0.00000]
epoch 0:  79%|███████▊  | 491/625 [11:01<02:56,  1.32s/it, cont=0.2243, gate=0.0956, ul=0.00000]
epoch 0:  79%|███████▊  | 492/625 [11:03<03:06,  1.40s/it, cont=0.2243, gate=0.0956, ul=0.00000]
epoch 0:  79%|███████▉  | 493/625 [11:04<02:59,  1.36s/it, cont=0.2243, gate=0.0956, ul=0.00000]
epoch 0:  79%|███████▉  | 494/625 [11:06<03:13,  1.48s/it, cont=0.2243, gate=0.0956, ul=0.00000]
epoch 0:  79%|███████▉  | 495/625 [11:07<03:09,  1.46s/it, cont=0.2243, gate=0.0956, ul=0.00000]
epoch 0:  79%|███████▉  | 496/625 [11:08<02:58,  1.38s/it, cont=0.2243, gate=0.0956, ul=0.00000]
epoch 0:  80%|███████▉  | 497/625 [11:10<02:50,  1.33s/it, cont=0.2243, gate=0.0956, ul=0.00000]
epoch 0:  80%|███████▉  | 498/625 [11:11<02:42,  1.28s/it, cont=0.2243, gate=0.0956, ul=0.00000]
epoch 0:  80%|███████▉  | 499/625 [11:13<02:57,  1.41s/it, cont=0.2243, gate=0.0956, ul=0.00000]
epoch 0:  80%|████████  | 500/625 [11:14<02:53,  1.39s/it, cont=0.2243, gate=0.0956, ul=0.00000]
epoch 0:  80%|████████  | 500/625 [11:15<02:53,  1.39s/it, cont=0.2697, gate=0.1352, ul=0.00000]
epoch 0:  80%|████████  | 501/625 [11:15<02:49,  1.36s/it, cont=0.2697, gate=0.1352, ul=0.00000]
epoch 0:  80%|████████  | 502/625 [11:16<02:42,  1.32s/it, cont=0.2697, gate=0.1352, ul=0.00000]
epoch 0:  80%|████████  | 503/625 [11:18<02:38,  1.30s/it, cont=0.2697, gate=0.1352, ul=0.00000]
epoch 0:  81%|████████  | 504/625 [11:19<02:35,  1.29s/it, cont=0.2697, gate=0.1352, ul=0.00000]
epoch 0:  81%|████████  | 505/625 [11:20<02:32,  1.27s/it, cont=0.2697, gate=0.1352, ul=0.00000]
epoch 0:  81%|████████  | 506/625 [11:21<02:29,  1.26s/it, cont=0.2697, gate=0.1352, ul=0.00000]
epoch 0:  81%|████████  | 507/625 [11:23<02:34,  1.31s/it, cont=0.2697, gate=0.1352, ul=0.00000]
epoch 0:  81%|████████▏ | 508/625 [11:24<02:32,  1.31s/it, cont=0.2697, gate=0.1352, ul=0.00000]
epoch 0:  81%|████████▏ | 509/625 [11:26<02:47,  1.45s/it, cont=0.2697, gate=0.1352, ul=0.00000]
epoch 0:  82%|████████▏ | 510/625 [11:27<02:50,  1.48s/it, cont=0.2697, gate=0.1352, ul=0.00000]
epoch 0:  82%|████████▏ | 511/625 [11:29<02:43,  1.43s/it, cont=0.2697, gate=0.1352, ul=0.00000]
epoch 0:  82%|████████▏ | 512/625 [11:30<02:36,  1.38s/it, cont=0.2697, gate=0.1352, ul=0.00000]
epoch 0:  82%|████████▏ | 513/625 [11:31<02:31,  1.35s/it, cont=0.2697, gate=0.1352, ul=0.00000]
epoch 0:  82%|████████▏ | 514/625 [11:33<02:30,  1.36s/it, cont=0.2697, gate=0.1352, ul=0.00000]
epoch 0:  82%|████████▏ | 515/625 [11:34<02:22,  1.30s/it, cont=0.2697, gate=0.1352, ul=0.00000]
epoch 0:  83%|████████▎ | 516/625 [11:35<02:20,  1.29s/it, cont=0.2697, gate=0.1352, ul=0.00000]
epoch 0:  83%|████████▎ | 517/625 [11:37<02:23,  1.33s/it, cont=0.2697, gate=0.1352, ul=0.00000]
epoch 0:  83%|████████▎ | 518/625 [11:38<02:23,  1.34s/it, cont=0.2697, gate=0.1352, ul=0.00000]
epoch 0:  83%|████████▎ | 519/625 [11:39<02:21,  1.33s/it, cont=0.2697, gate=0.1352, ul=0.00000]
epoch 0:  83%|████████▎ | 520/625 [11:40<02:17,  1.31s/it, cont=0.2697, gate=0.1352, ul=0.00000]
epoch 0:  83%|████████▎ | 521/625 [11:42<02:12,  1.27s/it, cont=0.2697, gate=0.1352, ul=0.00000]
epoch 0:  84%|████████▎ | 522/625 [11:43<02:11,  1.28s/it, cont=0.2697, gate=0.1352, ul=0.00000]
epoch 0:  84%|████████▎ | 523/625 [11:45<02:24,  1.42s/it, cont=0.2697, gate=0.1352, ul=0.00000]
epoch 0:  84%|████████▍ | 524/625 [11:46<02:19,  1.38s/it, cont=0.2697, gate=0.1352, ul=0.00000]
epoch 0:  84%|████████▍ | 525/625 [11:47<02:15,  1.35s/it, cont=0.2697, gate=0.1352, ul=0.00000]
epoch 0:  84%|████████▍ | 525/625 [11:49<02:15,  1.35s/it, cont=0.2594, gate=0.0878, ul=0.00001]
epoch 0:  84%|████████▍ | 526/625 [11:49<02:13,  1.35s/it, cont=0.2594, gate=0.0878, ul=0.00001]
epoch 0:  84%|████████▍ | 527/625 [11:50<02:11,  1.35s/it, cont=0.2594, gate=0.0878, ul=0.00001]
epoch 0:  84%|████████▍ | 528/625 [11:51<02:11,  1.36s/it, cont=0.2594, gate=0.0878, ul=0.00001]
epoch 0:  85%|████████▍ | 529/625 [11:53<02:15,  1.41s/it, cont=0.2594, gate=0.0878, ul=0.00001]
epoch 0:  85%|████████▍ | 530/625 [11:54<02:08,  1.36s/it, cont=0.2594, gate=0.0878, ul=0.00001]
epoch 0:  85%|████████▍ | 531/625 [11:55<02:05,  1.34s/it, cont=0.2594, gate=0.0878, ul=0.00001]
epoch 0:  85%|████████▌ | 532/625 [11:57<02:00,  1.30s/it, cont=0.2594, gate=0.0878, ul=0.00001]
epoch 0:  85%|████████▌ | 533/625 [11:58<01:58,  1.28s/it, cont=0.2594, gate=0.0878, ul=0.00001]
epoch 0:  85%|████████▌ | 534/625 [11:59<01:56,  1.28s/it, cont=0.2594, gate=0.0878, ul=0.00001]
epoch 0:  86%|████████▌ | 535/625 [12:00<01:53,  1.26s/it, cont=0.2594, gate=0.0878, ul=0.00001]
epoch 0:  86%|████████▌ | 536/625 [12:02<01:50,  1.24s/it, cont=0.2594, gate=0.0878, ul=0.00001]
epoch 0:  86%|████████▌ | 537/625 [12:03<01:48,  1.23s/it, cont=0.2594, gate=0.0878, ul=0.00001]
epoch 0:  86%|████████▌ | 538/625 [12:04<01:46,  1.23s/it, cont=0.2594, gate=0.0878, ul=0.00001]
epoch 0:  86%|████████▌ | 539/625 [12:05<01:48,  1.26s/it, cont=0.2594, gate=0.0878, ul=0.00001]
epoch 0:  86%|████████▋ | 540/625 [12:07<01:48,  1.28s/it, cont=0.2594, gate=0.0878, ul=0.00001]
epoch 0:  87%|████████▋ | 541/625 [12:08<01:45,  1.26s/it, cont=0.2594, gate=0.0878, ul=0.00001]
epoch 0:  87%|████████▋ | 542/625 [12:09<01:44,  1.26s/it, cont=0.2594, gate=0.0878, ul=0.00001]
epoch 0:  87%|████████▋ | 543/625 [12:10<01:42,  1.24s/it, cont=0.2594, gate=0.0878, ul=0.00001]
epoch 0:  87%|████████▋ | 544/625 [12:12<01:41,  1.26s/it, cont=0.2594, gate=0.0878, ul=0.00001]
epoch 0:  87%|████████▋ | 545/625 [12:13<01:39,  1.24s/it, cont=0.2594, gate=0.0878, ul=0.00001]
epoch 0:  87%|████████▋ | 546/625 [12:14<01:36,  1.22s/it, cont=0.2594, gate=0.0878, ul=0.00001]
epoch 0:  88%|████████▊ | 547/625 [12:15<01:37,  1.25s/it, cont=0.2594, gate=0.0878, ul=0.00001]
epoch 0:  88%|████████▊ | 548/625 [12:17<01:36,  1.25s/it, cont=0.2594, gate=0.0878, ul=0.00001]
epoch 0:  88%|████████▊ | 549/625 [12:18<01:36,  1.27s/it, cont=0.2594, gate=0.0878, ul=0.00001]
epoch 0:  88%|████████▊ | 550/625 [12:19<01:36,  1.29s/it, cont=0.2594, gate=0.0878, ul=0.00001]
epoch 0:  88%|████████▊ | 550/625 [12:21<01:36,  1.29s/it, cont=0.2358, gate=0.1620, ul=0.00000]
epoch 0:  88%|████████▊ | 551/625 [12:21<01:45,  1.43s/it, cont=0.2358, gate=0.1620, ul=0.00000]
epoch 0:  88%|████████▊ | 552/625 [12:22<01:45,  1.44s/it, cont=0.2358, gate=0.1620, ul=0.00000]
epoch 0:  88%|████████▊ | 553/625 [12:24<01:39,  1.39s/it, cont=0.2358, gate=0.1620, ul=0.00000]
epoch 0:  89%|████████▊ | 554/625 [12:25<01:38,  1.38s/it, cont=0.2358, gate=0.1620, ul=0.00000]
epoch 0:  89%|████████▉ | 555/625 [12:26<01:34,  1.35s/it, cont=0.2358, gate=0.1620, ul=0.00000]
epoch 0:  89%|████████▉ | 556/625 [12:27<01:29,  1.30s/it, cont=0.2358, gate=0.1620, ul=0.00000]
epoch 0:  89%|████████▉ | 557/625 [12:29<01:26,  1.28s/it, cont=0.2358, gate=0.1620, ul=0.00000]
epoch 0:  89%|████████▉ | 558/625 [12:30<01:24,  1.27s/it, cont=0.2358, gate=0.1620, ul=0.00000]
epoch 0:  89%|████████▉ | 559/625 [12:31<01:24,  1.29s/it, cont=0.2358, gate=0.1620, ul=0.00000]
epoch 0:  90%|████████▉ | 560/625 [12:33<01:25,  1.32s/it, cont=0.2358, gate=0.1620, ul=0.00000]
epoch 0:  90%|████████▉ | 561/625 [12:34<01:24,  1.32s/it, cont=0.2358, gate=0.1620, ul=0.00000]
epoch 0:  90%|████████▉ | 562/625 [12:36<01:29,  1.41s/it, cont=0.2358, gate=0.1620, ul=0.00000]
epoch 0:  90%|█████████ | 563/625 [12:37<01:27,  1.41s/it, cont=0.2358, gate=0.1620, ul=0.00000]
epoch 0:  90%|█████████ | 564/625 [12:38<01:25,  1.40s/it, cont=0.2358, gate=0.1620, ul=0.00000]
epoch 0:  90%|█████████ | 565/625 [12:40<01:21,  1.36s/it, cont=0.2358, gate=0.1620, ul=0.00000]
epoch 0:  91%|█████████ | 566/625 [12:41<01:18,  1.34s/it, cont=0.2358, gate=0.1620, ul=0.00000]
epoch 0:  91%|█████████ | 567/625 [12:43<01:22,  1.42s/it, cont=0.2358, gate=0.1620, ul=0.00000]
epoch 0:  91%|█████████ | 568/625 [12:44<01:25,  1.50s/it, cont=0.2358, gate=0.1620, ul=0.00000]
epoch 0:  91%|█████████ | 569/625 [12:46<01:24,  1.52s/it, cont=0.2358, gate=0.1620, ul=0.00000]
epoch 0:  91%|█████████ | 570/625 [12:47<01:18,  1.43s/it, cont=0.2358, gate=0.1620, ul=0.00000]
epoch 0:  91%|█████████▏| 571/625 [12:48<01:13,  1.36s/it, cont=0.2358, gate=0.1620, ul=0.00000]
epoch 0:  92%|█████████▏| 572/625 [12:50<01:12,  1.37s/it, cont=0.2358, gate=0.1620, ul=0.00000]
epoch 0:  92%|█████████▏| 573/625 [12:51<01:10,  1.35s/it, cont=0.2358, gate=0.1620, ul=0.00000]
epoch 0:  92%|█████████▏| 574/625 [12:52<01:09,  1.36s/it, cont=0.2358, gate=0.1620, ul=0.00000]
epoch 0:  92%|█████████▏| 575/625 [12:54<01:05,  1.32s/it, cont=0.2358, gate=0.1620, ul=0.00000]
epoch 0:  92%|█████████▏| 575/625 [12:55<01:05,  1.32s/it, cont=0.1980, gate=0.1722, ul=0.00000]
epoch 0:  92%|█████████▏| 576/625 [12:55<01:04,  1.31s/it, cont=0.1980, gate=0.1722, ul=0.00000]
epoch 0:  92%|█████████▏| 577/625 [12:56<01:06,  1.39s/it, cont=0.1980, gate=0.1722, ul=0.00000]
epoch 0:  92%|█████████▏| 578/625 [12:58<01:03,  1.36s/it, cont=0.1980, gate=0.1722, ul=0.00000]
epoch 0:  93%|█████████▎| 579/625 [12:59<01:00,  1.32s/it, cont=0.1980, gate=0.1722, ul=0.00000]
epoch 0:  93%|█████████▎| 580/625 [13:00<00:58,  1.29s/it, cont=0.1980, gate=0.1722, ul=0.00000]
epoch 0:  93%|█████████▎| 581/625 [13:01<00:57,  1.30s/it, cont=0.1980, gate=0.1722, ul=0.00000]
epoch 0:  93%|█████████▎| 582/625 [13:03<00:55,  1.28s/it, cont=0.1980, gate=0.1722, ul=0.00000]
epoch 0:  93%|█████████▎| 583/625 [13:04<00:53,  1.28s/it, cont=0.1980, gate=0.1722, ul=0.00000]
epoch 0:  93%|█████████▎| 584/625 [13:05<00:51,  1.26s/it, cont=0.1980, gate=0.1722, ul=0.00000]
epoch 0:  94%|█████████▎| 585/625 [13:06<00:50,  1.26s/it, cont=0.1980, gate=0.1722, ul=0.00000]
epoch 0:  94%|█████████▍| 586/625 [13:08<00:50,  1.31s/it, cont=0.1980, gate=0.1722, ul=0.00000]
epoch 0:  94%|█████████▍| 587/625 [13:09<00:50,  1.33s/it, cont=0.1980, gate=0.1722, ul=0.00000]
epoch 0:  94%|█████████▍| 588/625 [13:10<00:47,  1.30s/it, cont=0.1980, gate=0.1722, ul=0.00000]
epoch 0:  94%|█████████▍| 589/625 [13:12<00:45,  1.27s/it, cont=0.1980, gate=0.1722, ul=0.00000]
epoch 0:  94%|█████████▍| 590/625 [13:13<00:46,  1.34s/it, cont=0.1980, gate=0.1722, ul=0.00000]
epoch 0:  95%|█████████▍| 591/625 [13:14<00:45,  1.34s/it, cont=0.1980, gate=0.1722, ul=0.00000]
epoch 0:  95%|█████████▍| 592/625 [13:16<00:44,  1.36s/it, cont=0.1980, gate=0.1722, ul=0.00000]
epoch 0:  95%|█████████▍| 593/625 [13:17<00:42,  1.33s/it, cont=0.1980, gate=0.1722, ul=0.00000]
epoch 0:  95%|█████████▌| 594/625 [13:18<00:40,  1.29s/it, cont=0.1980, gate=0.1722, ul=0.00000]
epoch 0:  95%|█████████▌| 595/625 [13:20<00:37,  1.26s/it, cont=0.1980, gate=0.1722, ul=0.00000]
epoch 0:  95%|█████████▌| 596/625 [13:21<00:35,  1.24s/it, cont=0.1980, gate=0.1722, ul=0.00000]
epoch 0:  96%|█████████▌| 597/625 [13:22<00:35,  1.28s/it, cont=0.1980, gate=0.1722, ul=0.00000]
epoch 0:  96%|█████████▌| 598/625 [13:24<00:35,  1.32s/it, cont=0.1980, gate=0.1722, ul=0.00000]
epoch 0:  96%|█████████▌| 599/625 [13:25<00:33,  1.28s/it, cont=0.1980, gate=0.1722, ul=0.00000]
epoch 0:  96%|█████████▌| 600/625 [13:26<00:31,  1.26s/it, cont=0.1980, gate=0.1722, ul=0.00000]
epoch 0:  96%|█████████▌| 600/625 [13:27<00:31,  1.26s/it, cont=0.2547, gate=0.1045, ul=0.00000]
epoch 0:  96%|█████████▌| 601/625 [13:27<00:30,  1.28s/it, cont=0.2547, gate=0.1045, ul=0.00000]
epoch 0:  96%|█████████▋| 602/625 [13:29<00:30,  1.31s/it, cont=0.2547, gate=0.1045, ul=0.00000]
epoch 0:  96%|█████████▋| 603/625 [13:30<00:28,  1.29s/it, cont=0.2547, gate=0.1045, ul=0.00000]
epoch 0:  97%|█████████▋| 604/625 [13:31<00:27,  1.30s/it, cont=0.2547, gate=0.1045, ul=0.00000]
epoch 0:  97%|█████████▋| 605/625 [13:32<00:25,  1.28s/it, cont=0.2547, gate=0.1045, ul=0.00000]
epoch 0:  97%|█████████▋| 606/625 [13:34<00:24,  1.30s/it, cont=0.2547, gate=0.1045, ul=0.00000]
epoch 0:  97%|█████████▋| 607/625 [13:35<00:23,  1.32s/it, cont=0.2547, gate=0.1045, ul=0.00000]
epoch 0:  97%|█████████▋| 608/625 [13:37<00:23,  1.35s/it, cont=0.2547, gate=0.1045, ul=0.00000]
epoch 0:  97%|█████████▋| 609/625 [13:38<00:23,  1.47s/it, cont=0.2547, gate=0.1045, ul=0.00000]
epoch 0:  98%|█████████▊| 610/625 [13:40<00:21,  1.40s/it, cont=0.2547, gate=0.1045, ul=0.00000]
epoch 0:  98%|█████████▊| 611/625 [13:41<00:19,  1.38s/it, cont=0.2547, gate=0.1045, ul=0.00000]
epoch 0:  98%|█████████▊| 612/625 [13:42<00:17,  1.38s/it, cont=0.2547, gate=0.1045, ul=0.00000]
epoch 0:  98%|█████████▊| 613/625 [13:44<00:16,  1.37s/it, cont=0.2547, gate=0.1045, ul=0.00000]
epoch 0:  98%|█████████▊| 614/625 [13:45<00:15,  1.39s/it, cont=0.2547, gate=0.1045, ul=0.00000]
epoch 0:  98%|█████████▊| 615/625 [13:46<00:13,  1.33s/it, cont=0.2547, gate=0.1045, ul=0.00000]
epoch 0:  99%|█████████▊| 616/625 [13:48<00:11,  1.33s/it, cont=0.2547, gate=0.1045, ul=0.00000]
epoch 0:  99%|█████████▊| 617/625 [13:49<00:10,  1.34s/it, cont=0.2547, gate=0.1045, ul=0.00000]
epoch 0:  99%|█████████▉| 618/625 [13:51<00:09,  1.40s/it, cont=0.2547, gate=0.1045, ul=0.00000]
epoch 0:  99%|█████████▉| 619/625 [13:52<00:08,  1.45s/it, cont=0.2547, gate=0.1045, ul=0.00000]
epoch 0:  99%|█████████▉| 620/625 [13:54<00:07,  1.48s/it, cont=0.2547, gate=0.1045, ul=0.00000]
epoch 0:  99%|█████████▉| 621/625 [13:55<00:05,  1.41s/it, cont=0.2547, gate=0.1045, ul=0.00000]
epoch 0: 100%|█████████▉| 622/625 [13:56<00:04,  1.42s/it, cont=0.2547, gate=0.1045, ul=0.00000]
epoch 0: 100%|█████████▉| 623/625 [13:58<00:02,  1.50s/it, cont=0.2547, gate=0.1045, ul=0.00000]
epoch 0: 100%|█████████▉| 624/625 [14:00<00:01,  1.52s/it, cont=0.2547, gate=0.1045, ul=0.00000]
epoch 0: 100%|██████████| 625/625 [14:01<00:00,  1.44s/it, cont=0.2547, gate=0.1045, ul=0.00000]
epoch 0: 100%|██████████| 625/625 [14:01<00:00,  1.35s/it, cont=0.2547, gate=0.1045, ul=0.00000]
epoch 1:   0%|          | 0/625 [00:00<?, ?it/s]
epoch 1:   0%|          | 0/625 [00:01<?, ?it/s, cont=0.2382, gate=0.2165, ul=0.00000]
epoch 1:   0%|          | 1/625 [00:01<12:34,  1.21s/it, cont=0.2382, gate=0.2165, ul=0.00000]
epoch 1:   0%|          | 2/625 [00:02<13:24,  1.29s/it, cont=0.2382, gate=0.2165, ul=0.00000]
epoch 1:   0%|          | 3/625 [00:03<13:22,  1.29s/it, cont=0.2382, gate=0.2165, ul=0.00000]
epoch 1:   1%|          | 4/625 [00:05<13:28,  1.30s/it, cont=0.2382, gate=0.2165, ul=0.00000]
epoch 1:   1%|          | 5/625 [00:06<13:25,  1.30s/it, cont=0.2382, gate=0.2165, ul=0.00000]
epoch 1:   1%|          | 6/625 [00:07<13:44,  1.33s/it, cont=0.2382, gate=0.2165, ul=0.00000]
epoch 1:   1%|          | 7/625 [00:09<13:46,  1.34s/it, cont=0.2382, gate=0.2165, ul=0.00000]
epoch 1:   1%|▏         | 8/625 [00:10<13:59,  1.36s/it, cont=0.2382, gate=0.2165, ul=0.00000]
epoch 1:   1%|▏         | 9/625 [00:11<13:37,  1.33s/it, cont=0.2382, gate=0.2165, ul=0.00000]
epoch 1:   2%|▏         | 10/625 [00:13<13:44,  1.34s/it, cont=0.2382, gate=0.2165, ul=0.00000]
epoch 1:   2%|▏         | 11/625 [00:14<13:47,  1.35s/it, cont=0.2382, gate=0.2165, ul=0.00000]
epoch 1:   2%|▏         | 12/625 [00:15<13:25,  1.31s/it, cont=0.2382, gate=0.2165, ul=0.00000]
epoch 1:   2%|▏         | 13/625 [00:17<13:30,  1.32s/it, cont=0.2382, gate=0.2165, ul=0.00000]
epoch 1:   2%|▏         | 14/625 [00:18<13:55,  1.37s/it, cont=0.2382, gate=0.2165, ul=0.00000]
epoch 1:   2%|▏         | 15/625 [00:19<13:44,  1.35s/it, cont=0.2382, gate=0.2165, ul=0.00000]
epoch 1:   3%|▎         | 16/625 [00:21<13:27,  1.33s/it, cont=0.2382, gate=0.2165, ul=0.00000]
epoch 1:   3%|▎         | 17/625 [00:22<13:48,  1.36s/it, cont=0.2382, gate=0.2165, ul=0.00000]
epoch 1:   3%|▎         | 18/625 [00:24<14:48,  1.46s/it, cont=0.2382, gate=0.2165, ul=0.00000]
epoch 1:   3%|▎         | 19/625 [00:25<14:11,  1.41s/it, cont=0.2382, gate=0.2165, ul=0.00000]
epoch 1:   3%|▎         | 20/625 [00:27<14:07,  1.40s/it, cont=0.2382, gate=0.2165, ul=0.00000]
epoch 1:   3%|▎         | 21/625 [00:28<13:50,  1.38s/it, cont=0.2382, gate=0.2165, ul=0.00000]
epoch 1:   4%|▎         | 22/625 [00:29<13:18,  1.32s/it, cont=0.2382, gate=0.2165, ul=0.00000]
epoch 1:   4%|▎         | 23/625 [00:30<13:23,  1.34s/it, cont=0.2382, gate=0.2165, ul=0.00000]
epoch 1:   4%|▍         | 24/625 [00:32<13:25,  1.34s/it, cont=0.2382, gate=0.2165, ul=0.00000]
epoch 1:   4%|▍         | 25/625 [00:33<13:09,  1.32s/it, cont=0.2382, gate=0.2165, ul=0.00000]
epoch 1:   4%|▍         | 25/625 [00:35<13:09,  1.32s/it, cont=0.1700, gate=0.2246, ul=0.00462]
epoch 1:   4%|▍         | 26/625 [00:35<14:06,  1.41s/it, cont=0.1700, gate=0.2246, ul=0.00462]
epoch 1:   4%|▍         | 27/625 [00:36<13:34,  1.36s/it, cont=0.1700, gate=0.2246, ul=0.00462]
epoch 1:   4%|▍         | 28/625 [00:37<13:04,  1.31s/it, cont=0.1700, gate=0.2246, ul=0.00462]
epoch 1:   5%|▍         | 29/625 [00:39<13:28,  1.36s/it, cont=0.1700, gate=0.2246, ul=0.00462]
epoch 1:   5%|▍         | 30/625 [00:40<13:23,  1.35s/it, cont=0.1700, gate=0.2246, ul=0.00462]
epoch 1:   5%|▍         | 31/625 [00:42<14:20,  1.45s/it, cont=0.1700, gate=0.2246, ul=0.00462]
epoch 1:   5%|▌         | 32/625 [00:43<14:02,  1.42s/it, cont=0.1700, gate=0.2246, ul=0.00462]
epoch 1:   5%|▌         | 33/625 [00:44<14:00,  1.42s/it, cont=0.1700, gate=0.2246, ul=0.00462]
epoch 1:   5%|▌         | 34/625 [00:46<13:31,  1.37s/it, cont=0.1700, gate=0.2246, ul=0.00462]
epoch 1:   6%|▌         | 35/625 [00:47<12:57,  1.32s/it, cont=0.1700, gate=0.2246, ul=0.00462]
epoch 1:   6%|▌         | 36/625 [00:48<13:00,  1.33s/it, cont=0.1700, gate=0.2246, ul=0.00462]
epoch 1:   6%|▌         | 37/625 [00:50<13:04,  1.33s/it, cont=0.1700, gate=0.2246, ul=0.00462]
epoch 1:   6%|▌         | 38/625 [00:51<12:38,  1.29s/it, cont=0.1700, gate=0.2246, ul=0.00462]
epoch 1:   6%|▌         | 39/625 [00:52<12:21,  1.27s/it, cont=0.1700, gate=0.2246, ul=0.00462]
epoch 1:   6%|▋         | 40/625 [00:53<12:17,  1.26s/it, cont=0.1700, gate=0.2246, ul=0.00462]
epoch 1:   7%|▋         | 41/625 [00:54<12:07,  1.25s/it, cont=0.1700, gate=0.2246, ul=0.00462]
epoch 1:   7%|▋         | 42/625 [00:56<13:04,  1.34s/it, cont=0.1700, gate=0.2246, ul=0.00462]
epoch 1:   7%|▋         | 43/625 [00:57<13:19,  1.37s/it, cont=0.1700, gate=0.2246, ul=0.00462]
epoch 1:   7%|▋         | 44/625 [00:59<12:58,  1.34s/it, cont=0.1700, gate=0.2246, ul=0.00462]
epoch 1:   7%|▋         | 45/625 [01:00<12:40,  1.31s/it, cont=0.1700, gate=0.2246, ul=0.00462]
epoch 1:   7%|▋         | 46/625 [01:01<12:20,  1.28s/it, cont=0.1700, gate=0.2246, ul=0.00462]
epoch 1:   8%|▊         | 47/625 [01:03<12:55,  1.34s/it, cont=0.1700, gate=0.2246, ul=0.00462]
epoch 1:   8%|▊         | 48/625 [01:04<12:40,  1.32s/it, cont=0.1700, gate=0.2246, ul=0.00462]
epoch 1:   8%|▊         | 49/625 [01:05<12:56,  1.35s/it, cont=0.1700, gate=0.2246, ul=0.00462]
epoch 1:   8%|▊         | 50/625 [01:07<12:40,  1.32s/it, cont=0.1700, gate=0.2246, ul=0.00462]
epoch 1:   8%|▊         | 50/625 [01:08<12:40,  1.32s/it, cont=0.2249, gate=0.2240, ul=0.00001]
epoch 1:   8%|▊         | 51/625 [01:08<12:41,  1.33s/it, cont=0.2249, gate=0.2240, ul=0.00001]
epoch 1:   8%|▊         | 52/625 [01:09<12:44,  1.33s/it, cont=0.2249, gate=0.2240, ul=0.00001]
epoch 1:   8%|▊         | 53/625 [01:11<14:01,  1.47s/it, cont=0.2249, gate=0.2240, ul=0.00001]
epoch 1:   9%|▊         | 54/625 [01:12<13:56,  1.46s/it, cont=0.2249, gate=0.2240, ul=0.00001]
epoch 1:   9%|▉         | 55/625 [01:14<14:47,  1.56s/it, cont=0.2249, gate=0.2240, ul=0.00001]
epoch 1:   9%|▉         | 56/625 [01:16<14:02,  1.48s/it, cont=0.2249, gate=0.2240, ul=0.00001]
epoch 1:   9%|▉         | 57/625 [01:17<13:44,  1.45s/it, cont=0.2249, gate=0.2240, ul=0.00001]
epoch 1:   9%|▉         | 58/625 [01:18<13:10,  1.39s/it, cont=0.2249, gate=0.2240, ul=0.00001]
epoch 1:   9%|▉         | 59/625 [01:19<12:40,  1.34s/it, cont=0.2249, gate=0.2240, ul=0.00001]
epoch 1:  10%|▉         | 60/625 [01:21<12:32,  1.33s/it, cont=0.2249, gate=0.2240, ul=0.00001]
epoch 1:  10%|▉         | 61/625 [01:22<12:17,  1.31s/it, cont=0.2249, gate=0.2240, ul=0.00001]
epoch 1:  10%|▉         | 62/625 [01:24<12:57,  1.38s/it, cont=0.2249, gate=0.2240, ul=0.00001]
epoch 1:  10%|█         | 63/625 [01:25<12:48,  1.37s/it, cont=0.2249, gate=0.2240, ul=0.00001]
epoch 1:  10%|█         | 64/625 [01:26<12:16,  1.31s/it, cont=0.2249, gate=0.2240, ul=0.00001]
epoch 1:  10%|█         | 65/625 [01:27<11:53,  1.27s/it, cont=0.2249, gate=0.2240, ul=0.00001]
epoch 1:  11%|█         | 66/625 [01:29<14:14,  1.53s/it, cont=0.2249, gate=0.2240, ul=0.00001]
epoch 1:  11%|█         | 67/625 [01:31<13:37,  1.46s/it, cont=0.2249, gate=0.2240, ul=0.00001]
epoch 1:  11%|█         | 68/625 [01:32<12:56,  1.39s/it, cont=0.2249, gate=0.2240, ul=0.00001]
epoch 1:  11%|█         | 69/625 [01:34<13:53,  1.50s/it, cont=0.2249, gate=0.2240, ul=0.00001]
epoch 1:  11%|█         | 70/625 [01:35<13:23,  1.45s/it, cont=0.2249, gate=0.2240, ul=0.00001]
epoch 1:  11%|█▏        | 71/625 [01:36<12:48,  1.39s/it, cont=0.2249, gate=0.2240, ul=0.00001]
epoch 1:  12%|█▏        | 72/625 [01:38<12:34,  1.36s/it, cont=0.2249, gate=0.2240, ul=0.00001]
epoch 1:  12%|█▏        | 73/625 [01:39<12:28,  1.36s/it, cont=0.2249, gate=0.2240, ul=0.00001]
epoch 1:  12%|█▏        | 74/625 [01:40<12:12,  1.33s/it, cont=0.2249, gate=0.2240, ul=0.00001]
epoch 1:  12%|█▏        | 75/625 [01:41<11:55,  1.30s/it, cont=0.2249, gate=0.2240, ul=0.00001]
epoch 1:  12%|█▏        | 75/625 [01:43<11:55,  1.30s/it, cont=0.2873, gate=0.1670, ul=0.00000]
epoch 1:  12%|█▏        | 76/625 [01:43<12:00,  1.31s/it, cont=0.2873, gate=0.1670, ul=0.00000]
epoch 1:  12%|█▏        | 77/625 [01:44<12:08,  1.33s/it, cont=0.2873, gate=0.1670, ul=0.00000]
epoch 1:  12%|█▏        | 78/625 [01:45<11:58,  1.31s/it, cont=0.2873, gate=0.1670, ul=0.00000]
epoch 1:  13%|█▎        | 79/625 [01:47<11:55,  1.31s/it, cont=0.2873, gate=0.1670, ul=0.00000]
epoch 1:  13%|█▎        | 80/625 [01:48<11:52,  1.31s/it, cont=0.2873, gate=0.1670, ul=0.00000]
epoch 1:  13%|█▎        | 81/625 [01:49<12:16,  1.35s/it, cont=0.2873, gate=0.1670, ul=0.00000]
epoch 1:  13%|█▎        | 82/625 [01:51<12:16,  1.36s/it, cont=0.2873, gate=0.1670, ul=0.00000]
epoch 1:  13%|█▎        | 83/625 [01:52<12:13,  1.35s/it, cont=0.2873, gate=0.1670, ul=0.00000]
epoch 1:  13%|█▎        | 84/625 [01:53<11:56,  1.32s/it, cont=0.2873, gate=0.1670, ul=0.00000]
epoch 1:  14%|█▎        | 85/625 [01:55<12:17,  1.37s/it, cont=0.2873, gate=0.1670, ul=0.00000]
epoch 1:  14%|█▍        | 86/625 [01:56<11:51,  1.32s/it, cont=0.2873, gate=0.1670, ul=0.00000]
epoch 1:  14%|█▍        | 87/625 [01:57<11:53,  1.33s/it, cont=0.2873, gate=0.1670, ul=0.00000]
epoch 1:  14%|█▍        | 88/625 [01:59<11:33,  1.29s/it, cont=0.2873, gate=0.1670, ul=0.00000]
epoch 1:  14%|█▍        | 89/625 [02:00<11:19,  1.27s/it, cont=0.2873, gate=0.1670, ul=0.00000]
epoch 1:  14%|█▍        | 90/625 [02:01<11:49,  1.33s/it, cont=0.2873, gate=0.1670, ul=0.00000]
epoch 1:  15%|█▍        | 91/625 [02:03<11:40,  1.31s/it, cont=0.2873, gate=0.1670, ul=0.00000]
epoch 1:  15%|█▍        | 92/625 [02:04<11:48,  1.33s/it, cont=0.2873, gate=0.1670, ul=0.00000]
epoch 1:  15%|█▍        | 93/625 [02:05<11:42,  1.32s/it, cont=0.2873, gate=0.1670, ul=0.00000]
epoch 1:  15%|█▌        | 94/625 [02:07<12:27,  1.41s/it, cont=0.2873, gate=0.1670, ul=0.00000]
epoch 1:  15%|█▌        | 95/625 [02:08<11:59,  1.36s/it, cont=0.2873, gate=0.1670, ul=0.00000]
epoch 1:  15%|█▌        | 96/625 [02:09<11:45,  1.33s/it, cont=0.2873, gate=0.1670, ul=0.00000]
epoch 1:  16%|█▌        | 97/625 [02:11<11:40,  1.33s/it, cont=0.2873, gate=0.1670, ul=0.00000]
epoch 1:  16%|█▌        | 98/625 [02:12<11:46,  1.34s/it, cont=0.2873, gate=0.1670, ul=0.00000]
epoch 1:  16%|█▌        | 99/625 [02:14<12:45,  1.46s/it, cont=0.2873, gate=0.1670, ul=0.00000]
epoch 1:  16%|█▌        | 100/625 [02:16<14:25,  1.65s/it, cont=0.2873, gate=0.1670, ul=0.00000]
epoch 1:  16%|█▌        | 100/625 [02:17<14:25,  1.65s/it, cont=0.2983, gate=0.2288, ul=0.00000]
epoch 1:  16%|█▌        | 101/625 [02:17<13:56,  1.60s/it, cont=0.2983, gate=0.2288, ul=0.00000]
epoch 1:  16%|█▋        | 102/625 [02:19<12:51,  1.47s/it, cont=0.2983, gate=0.2288, ul=0.00000]
epoch 1:  16%|█▋        | 103/625 [02:20<12:18,  1.42s/it, cont=0.2983, gate=0.2288, ul=0.00000]
epoch 1:  17%|█▋        | 104/625 [02:21<12:10,  1.40s/it, cont=0.2983, gate=0.2288, ul=0.00000]
epoch 1:  17%|█▋        | 105/625 [02:22<11:48,  1.36s/it, cont=0.2983, gate=0.2288, ul=0.00000]
epoch 1:  17%|█▋        | 106/625 [02:24<11:34,  1.34s/it, cont=0.2983, gate=0.2288, ul=0.00000]
epoch 1:  17%|█▋        | 107/625 [02:25<11:15,  1.30s/it, cont=0.2983, gate=0.2288, ul=0.00000]
epoch 1:  17%|█▋        | 108/625 [02:26<10:55,  1.27s/it, cont=0.2983, gate=0.2288, ul=0.00000]
epoch 1:  17%|█▋        | 109/625 [02:27<11:01,  1.28s/it, cont=0.2983, gate=0.2288, ul=0.00000]
epoch 1:  18%|█▊        | 110/625 [02:29<11:49,  1.38s/it, cont=0.2983, gate=0.2288, ul=0.00000]
epoch 1:  18%|█▊        | 111/625 [02:31<12:05,  1.41s/it, cont=0.2983, gate=0.2288, ul=0.00000]
epoch 1:  18%|█▊        | 112/625 [02:32<12:00,  1.40s/it, cont=0.2983, gate=0.2288, ul=0.00000]
epoch 1:  18%|█▊        | 113/625 [02:33<12:06,  1.42s/it, cont=0.2983, gate=0.2288, ul=0.00000]
epoch 1:  18%|█▊        | 114/625 [02:35<12:17,  1.44s/it, cont=0.2983, gate=0.2288, ul=0.00000]
epoch 1:  18%|█▊        | 115/625 [02:36<12:06,  1.42s/it, cont=0.2983, gate=0.2288, ul=0.00000]
epoch 1:  19%|█▊        | 116/625 [02:37<11:36,  1.37s/it, cont=0.2983, gate=0.2288, ul=0.00000]
epoch 1:  19%|█▊        | 117/625 [02:39<11:17,  1.33s/it, cont=0.2983, gate=0.2288, ul=0.00000]
epoch 1:  19%|█▉        | 118/625 [02:40<11:28,  1.36s/it, cont=0.2983, gate=0.2288, ul=0.00000]
epoch 1:  19%|█▉        | 119/625 [02:41<11:11,  1.33s/it, cont=0.2983, gate=0.2288, ul=0.00000]
epoch 1:  19%|█▉        | 120/625 [02:43<10:53,  1.29s/it, cont=0.2983, gate=0.2288, ul=0.00000]
epoch 1:  19%|█▉        | 121/625 [02:44<11:05,  1.32s/it, cont=0.2983, gate=0.2288, ul=0.00000]
epoch 1:  20%|█▉        | 122/625 [02:45<11:09,  1.33s/it, cont=0.2983, gate=0.2288, ul=0.00000]
epoch 1:  20%|█▉        | 123/625 [02:47<10:47,  1.29s/it, cont=0.2983, gate=0.2288, ul=0.00000]
epoch 1:  20%|█▉        | 124/625 [02:48<11:01,  1.32s/it, cont=0.2983, gate=0.2288, ul=0.00000]
epoch 1:  20%|██        | 125/625 [02:49<10:54,  1.31s/it, cont=0.2983, gate=0.2288, ul=0.00000]
epoch 1:  20%|██        | 125/625 [02:51<10:54,  1.31s/it, cont=0.2143, gate=0.0957, ul=0.00000]
epoch 1:  20%|██        | 126/625 [02:51<10:51,  1.31s/it, cont=0.2143, gate=0.0957, ul=0.00000]
epoch 1:  20%|██        | 127/625 [02:52<10:37,  1.28s/it, cont=0.2143, gate=0.0957, ul=0.00000]
epoch 1:  20%|██        | 128/625 [02:53<10:22,  1.25s/it, cont=0.2143, gate=0.0957, ul=0.00000]
epoch 1:  21%|██        | 129/625 [02:54<10:12,  1.24s/it, cont=0.2143, gate=0.0957, ul=0.00000]
epoch 1:  21%|██        | 130/625 [02:55<10:30,  1.27s/it, cont=0.2143, gate=0.0957, ul=0.00000]
epoch 1:  21%|██        | 131/625 [02:58<12:26,  1.51s/it, cont=0.2143, gate=0.0957, ul=0.00000]
epoch 1:  21%|██        | 132/625 [02:59<12:04,  1.47s/it, cont=0.2143, gate=0.0957, ul=0.00000]
epoch 1:  21%|██▏       | 133/625 [03:00<11:48,  1.44s/it, cont=0.2143, gate=0.0957, ul=0.00000]
epoch 1:  21%|██▏       | 134/625 [03:02<11:22,  1.39s/it, cont=0.2143, gate=0.0957, ul=0.00000]
epoch 1:  22%|██▏       | 135/625 [03:03<10:54,  1.34s/it, cont=0.2143, gate=0.0957, ul=0.00000]
epoch 1:  22%|██▏       | 136/625 [03:04<10:45,  1.32s/it, cont=0.2143, gate=0.0957, ul=0.00000]
epoch 1:  22%|██▏       | 137/625 [03:05<10:29,  1.29s/it, cont=0.2143, gate=0.0957, ul=0.00000]
epoch 1:  22%|██▏       | 138/625 [03:07<10:46,  1.33s/it, cont=0.2143, gate=0.0957, ul=0.00000]
epoch 1:  22%|██▏       | 139/625 [03:08<11:01,  1.36s/it, cont=0.2143, gate=0.0957, ul=0.00000]
epoch 1:  22%|██▏       | 140/625 [03:09<10:56,  1.35s/it, cont=0.2143, gate=0.0957, ul=0.00000]
epoch 1:  23%|██▎       | 141/625 [03:11<11:35,  1.44s/it, cont=0.2143, gate=0.0957, ul=0.00000]
epoch 1:  23%|██▎       | 142/625 [03:12<11:11,  1.39s/it, cont=0.2143, gate=0.0957, ul=0.00000]
epoch 1:  23%|██▎       | 143/625 [03:14<11:21,  1.41s/it, cont=0.2143, gate=0.0957, ul=0.00000]
epoch 1:  23%|██▎       | 144/625 [03:15<11:15,  1.40s/it, cont=0.2143, gate=0.0957, ul=0.00000]
epoch 1:  23%|██▎       | 145/625 [03:16<10:48,  1.35s/it, cont=0.2143, gate=0.0957, ul=0.00000]
epoch 1:  23%|██▎       | 146/625 [03:18<10:26,  1.31s/it, cont=0.2143, gate=0.0957, ul=0.00000]
epoch 1:  24%|██▎       | 147/625 [03:19<10:15,  1.29s/it, cont=0.2143, gate=0.0957, ul=0.00000]
epoch 1:  24%|██▎       | 148/625 [03:20<10:08,  1.28s/it, cont=0.2143, gate=0.0957, ul=0.00000]
epoch 1:  24%|██▍       | 149/625 [03:22<10:18,  1.30s/it, cont=0.2143, gate=0.0957, ul=0.00000]
epoch 1:  24%|██▍       | 150/625 [03:23<10:24,  1.31s/it, cont=0.2143, gate=0.0957, ul=0.00000]
epoch 1:  24%|██▍       | 150/625 [03:24<10:24,  1.31s/it, cont=0.2944, gate=0.1410, ul=0.00000]
epoch 1:  24%|██▍       | 151/625 [03:24<10:35,  1.34s/it, cont=0.2944, gate=0.1410, ul=0.00000]
epoch 1:  24%|██▍       | 152/625 [03:26<10:56,  1.39s/it, cont=0.2944, gate=0.1410, ul=0.00000]
epoch 1:  24%|██▍       | 153/625 [03:27<10:36,  1.35s/it, cont=0.2944, gate=0.1410, ul=0.00000]
epoch 1:  25%|██▍       | 154/625 [03:28<10:11,  1.30s/it, cont=0.2944, gate=0.1410, ul=0.00000]
epoch 1:  25%|██▍       | 155/625 [03:30<10:09,  1.30s/it, cont=0.2944, gate=0.1410, ul=0.00000]
epoch 1:  25%|██▍       | 156/625 [03:31<09:58,  1.28s/it, cont=0.2944, gate=0.1410, ul=0.00000]
epoch 1:  25%|██▌       | 157/625 [03:32<09:45,  1.25s/it, cont=0.2944, gate=0.1410, ul=0.00000]
epoch 1:  25%|██▌       | 158/625 [03:33<09:46,  1.26s/it, cont=0.2944, gate=0.1410, ul=0.00000]
epoch 1:  25%|██▌       | 159/625 [03:34<09:41,  1.25s/it, cont=0.2944, gate=0.1410, ul=0.00000]
epoch 1:  26%|██▌       | 160/625 [03:36<09:35,  1.24s/it, cont=0.2944, gate=0.1410, ul=0.00000]
epoch 1:  26%|██▌       | 161/625 [03:37<09:29,  1.23s/it, cont=0.2944, gate=0.1410, ul=0.00000]
epoch 1:  26%|██▌       | 162/625 [03:38<09:28,  1.23s/it, cont=0.2944, gate=0.1410, ul=0.00000]
epoch 1:  26%|██▌       | 163/625 [03:39<09:50,  1.28s/it, cont=0.2944, gate=0.1410, ul=0.00000]
epoch 1:  26%|██▌       | 164/625 [03:41<10:06,  1.32s/it, cont=0.2944, gate=0.1410, ul=0.00000]
epoch 1:  26%|██▋       | 165/625 [03:42<10:17,  1.34s/it, cont=0.2944, gate=0.1410, ul=0.00000]
epoch 1:  27%|██▋       | 166/625 [03:43<09:59,  1.31s/it, cont=0.2944, gate=0.1410, ul=0.00000]
epoch 1:  27%|██▋       | 167/625 [03:45<10:04,  1.32s/it, cont=0.2944, gate=0.1410, ul=0.00000]
epoch 1:  27%|██▋       | 168/625 [03:46<09:51,  1.29s/it, cont=0.2944, gate=0.1410, ul=0.00000]
epoch 1:  27%|██▋       | 169/625 [03:47<09:50,  1.29s/it, cont=0.2944, gate=0.1410, ul=0.00000]
epoch 1:  27%|██▋       | 170/625 [03:49<10:01,  1.32s/it, cont=0.2944, gate=0.1410, ul=0.00000]
epoch 1:  27%|██▋       | 171/625 [03:50<10:15,  1.36s/it, cont=0.2944, gate=0.1410, ul=0.00000]
epoch 1:  28%|██▊       | 172/625 [03:51<09:59,  1.32s/it, cont=0.2944, gate=0.1410, ul=0.00000]
epoch 1:  28%|██▊       | 173/625 [03:53<11:05,  1.47s/it, cont=0.2944, gate=0.1410, ul=0.00000]
epoch 1:  28%|██▊       | 174/625 [03:55<11:00,  1.46s/it, cont=0.2944, gate=0.1410, ul=0.00000]
epoch 1:  28%|██▊       | 175/625 [03:56<10:24,  1.39s/it, cont=0.2944, gate=0.1410, ul=0.00000]
epoch 1:  28%|██▊       | 175/625 [03:58<10:24,  1.39s/it, cont=0.2736, gate=0.1217, ul=0.00001]
epoch 1:  28%|██▊       | 176/625 [03:58<11:10,  1.49s/it, cont=0.2736, gate=0.1217, ul=0.00001]
epoch 1:  28%|██▊       | 177/625 [03:59<10:42,  1.43s/it, cont=0.2736, gate=0.1217, ul=0.00001]
epoch 1:  28%|██▊       | 178/625 [04:00<10:54,  1.46s/it, cont=0.2736, gate=0.1217, ul=0.00001]
epoch 1:  29%|██▊       | 179/625 [04:02<10:23,  1.40s/it, cont=0.2736, gate=0.1217, ul=0.00001]
epoch 1:  29%|██▉       | 180/625 [04:03<10:14,  1.38s/it, cont=0.2736, gate=0.1217, ul=0.00001]
epoch 1:  29%|██▉       | 181/625 [04:05<10:35,  1.43s/it, cont=0.2736, gate=0.1217, ul=0.00001]
epoch 1:  29%|██▉       | 182/625 [04:06<10:14,  1.39s/it, cont=0.2736, gate=0.1217, ul=0.00001]
epoch 1:  29%|██▉       | 183/625 [04:08<10:46,  1.46s/it, cont=0.2736, gate=0.1217, ul=0.00001]
epoch 1:  29%|██▉       | 184/625 [04:09<10:37,  1.45s/it, cont=0.2736, gate=0.1217, ul=0.00001]
epoch 1:  30%|██▉       | 185/625 [04:10<10:10,  1.39s/it, cont=0.2736, gate=0.1217, ul=0.00001]
epoch 1:  30%|██▉       | 186/625 [04:12<10:12,  1.40s/it, cont=0.2736, gate=0.1217, ul=0.00001]
epoch 1:  30%|██▉       | 187/625 [04:13<09:49,  1.34s/it, cont=0.2736, gate=0.1217, ul=0.00001]
epoch 1:  30%|███       | 188/625 [04:14<09:49,  1.35s/it, cont=0.2736, gate=0.1217, ul=0.00001]
epoch 1:  30%|███       | 189/625 [04:16<09:49,  1.35s/it, cont=0.2736, gate=0.1217, ul=0.00001]
epoch 1:  30%|███       | 190/625 [04:17<10:09,  1.40s/it, cont=0.2736, gate=0.1217, ul=0.00001]
epoch 1:  31%|███       | 191/625 [04:19<10:22,  1.44s/it, cont=0.2736, gate=0.1217, ul=0.00001]
epoch 1:  31%|███       | 192/625 [04:20<09:54,  1.37s/it, cont=0.2736, gate=0.1217, ul=0.00001]
epoch 1:  31%|███       | 193/625 [04:21<09:49,  1.37s/it, cont=0.2736, gate=0.1217, ul=0.00001]
epoch 1:  31%|███       | 194/625 [04:22<09:25,  1.31s/it, cont=0.2736, gate=0.1217, ul=0.00001]
epoch 1:  31%|███       | 195/625 [04:24<09:19,  1.30s/it, cont=0.2736, gate=0.1217, ul=0.00001]
epoch 1:  31%|███▏      | 196/625 [04:25<09:07,  1.28s/it, cont=0.2736, gate=0.1217, ul=0.00001]
epoch 1:  32%|███▏      | 197/625 [04:26<09:10,  1.29s/it, cont=0.2736, gate=0.1217, ul=0.00001]
epoch 1:  32%|███▏      | 198/625 [04:27<08:58,  1.26s/it, cont=0.2736, gate=0.1217, ul=0.00001]
epoch 1:  32%|███▏      | 199/625 [04:29<08:52,  1.25s/it, cont=0.2736, gate=0.1217, ul=0.00001]
epoch 1:  32%|███▏      | 200/625 [04:30<09:04,  1.28s/it, cont=0.2736, gate=0.1217, ul=0.00001]
epoch 1:  32%|███▏      | 200/625 [04:31<09:04,  1.28s/it, cont=0.2501, gate=0.1387, ul=0.00000]
epoch 1:  32%|███▏      | 201/625 [04:31<09:23,  1.33s/it, cont=0.2501, gate=0.1387, ul=0.00000]
epoch 1:  32%|███▏      | 202/625 [04:33<09:06,  1.29s/it, cont=0.2501, gate=0.1387, ul=0.00000]
epoch 1:  32%|███▏      | 203/625 [04:34<09:02,  1.29s/it, cont=0.2501, gate=0.1387, ul=0.00000]
epoch 1:  33%|███▎      | 204/625 [04:35<09:05,  1.30s/it, cont=0.2501, gate=0.1387, ul=0.00000]
epoch 1:  33%|███▎      | 205/625 [04:36<08:49,  1.26s/it, cont=0.2501, gate=0.1387, ul=0.00000]
epoch 1:  33%|███▎      | 206/625 [04:38<09:07,  1.31s/it, cont=0.2501, gate=0.1387, ul=0.00000]
epoch 1:  33%|███▎      | 207/625 [04:39<09:20,  1.34s/it, cont=0.2501, gate=0.1387, ul=0.00000]
epoch 1:  33%|███▎      | 208/625 [04:41<09:48,  1.41s/it, cont=0.2501, gate=0.1387, ul=0.00000]
epoch 1:  33%|███▎      | 209/625 [04:42<09:36,  1.39s/it, cont=0.2501, gate=0.1387, ul=0.00000]
epoch 1:  34%|███▎      | 210/625 [04:44<09:42,  1.40s/it, cont=0.2501, gate=0.1387, ul=0.00000]
epoch 1:  34%|███▍      | 211/625 [04:45<09:36,  1.39s/it, cont=0.2501, gate=0.1387, ul=0.00000]
epoch 1:  34%|███▍      | 212/625 [04:46<09:28,  1.38s/it, cont=0.2501, gate=0.1387, ul=0.00000]
epoch 1:  34%|███▍      | 213/625 [04:48<09:13,  1.34s/it, cont=0.2501, gate=0.1387, ul=0.00000]
epoch 1:  34%|███▍      | 214/625 [04:49<08:51,  1.29s/it, cont=0.2501, gate=0.1387, ul=0.00000]
epoch 1:  34%|███▍      | 215/625 [04:50<08:44,  1.28s/it, cont=0.2501, gate=0.1387, ul=0.00000]
epoch 1:  35%|███▍      | 216/625 [04:51<08:36,  1.26s/it, cont=0.2501, gate=0.1387, ul=0.00000]
epoch 1:  35%|███▍      | 217/625 [04:52<08:28,  1.25s/it, cont=0.2501, gate=0.1387, ul=0.00000]
epoch 1:  35%|███▍      | 218/625 [04:54<08:32,  1.26s/it, cont=0.2501, gate=0.1387, ul=0.00000]
epoch 1:  35%|███▌      | 219/625 [04:55<08:53,  1.31s/it, cont=0.2501, gate=0.1387, ul=0.00000]
epoch 1:  35%|███▌      | 220/625 [04:57<09:11,  1.36s/it, cont=0.2501, gate=0.1387, ul=0.00000]
epoch 1:  35%|███▌      | 221/625 [04:59<10:30,  1.56s/it, cont=0.2501, gate=0.1387, ul=0.00000]
epoch 1:  36%|███▌      | 222/625 [05:00<10:04,  1.50s/it, cont=0.2501, gate=0.1387, ul=0.00000]
epoch 1:  36%|███▌      | 223/625 [05:01<09:30,  1.42s/it, cont=0.2501, gate=0.1387, ul=0.00000]
epoch 1:  36%|███▌      | 224/625 [05:02<09:17,  1.39s/it, cont=0.2501, gate=0.1387, ul=0.00000]
epoch 1:  36%|███▌      | 225/625 [05:04<09:23,  1.41s/it, cont=0.2501, gate=0.1387, ul=0.00000]
epoch 1:  36%|███▌      | 225/625 [05:05<09:23,  1.41s/it, cont=0.2053, gate=0.1717, ul=0.00000]
epoch 1:  36%|███▌      | 226/625 [05:05<09:07,  1.37s/it, cont=0.2053, gate=0.1717, ul=0.00000]
epoch 1:  36%|███▋      | 227/625 [05:07<09:12,  1.39s/it, cont=0.2053, gate=0.1717, ul=0.00000]
epoch 1:  36%|███▋      | 228/625 [05:08<09:05,  1.37s/it, cont=0.2053, gate=0.1717, ul=0.00000]
epoch 1:  37%|███▋      | 229/625 [05:09<09:02,  1.37s/it, cont=0.2053, gate=0.1717, ul=0.00000]
epoch 1:  37%|███▋      | 230/625 [05:11<08:43,  1.33s/it, cont=0.2053, gate=0.1717, ul=0.00000]
epoch 1:  37%|███▋      | 231/625 [05:12<08:42,  1.33s/it, cont=0.2053, gate=0.1717, ul=0.00000]
epoch 1:  37%|███▋      | 232/625 [05:13<08:32,  1.30s/it, cont=0.2053, gate=0.1717, ul=0.00000]
epoch 1:  37%|███▋      | 233/625 [05:15<08:39,  1.33s/it, cont=0.2053, gate=0.1717, ul=0.00000]
epoch 1:  37%|███▋      | 234/625 [05:16<08:51,  1.36s/it, cont=0.2053, gate=0.1717, ul=0.00000]
epoch 1:  38%|███▊      | 235/625 [05:18<09:08,  1.41s/it, cont=0.2053, gate=0.1717, ul=0.00000]
epoch 1:  38%|███▊      | 236/625 [05:19<08:56,  1.38s/it, cont=0.2053, gate=0.1717, ul=0.00000]
epoch 1:  38%|███▊      | 237/625 [05:20<08:37,  1.33s/it, cont=0.2053, gate=0.1717, ul=0.00000]
epoch 1:  38%|███▊      | 238/625 [05:21<08:20,  1.29s/it, cont=0.2053, gate=0.1717, ul=0.00000]
epoch 1:  38%|███▊      | 239/625 [05:23<08:37,  1.34s/it, cont=0.2053, gate=0.1717, ul=0.00000]
epoch 1:  38%|███▊      | 240/625 [05:24<08:30,  1.33s/it, cont=0.2053, gate=0.1717, ul=0.00000]
epoch 1:  39%|███▊      | 241/625 [05:25<08:32,  1.33s/it, cont=0.2053, gate=0.1717, ul=0.00000]
epoch 1:  39%|███▊      | 242/625 [05:27<08:22,  1.31s/it, cont=0.2053, gate=0.1717, ul=0.00000]
epoch 1:  39%|███▉      | 243/625 [05:28<08:49,  1.39s/it, cont=0.2053, gate=0.1717, ul=0.00000]
epoch 1:  39%|███▉      | 244/625 [05:29<08:42,  1.37s/it, cont=0.2053, gate=0.1717, ul=0.00000]
epoch 1:  39%|███▉      | 245/625 [05:31<08:31,  1.35s/it, cont=0.2053, gate=0.1717, ul=0.00000]
epoch 1:  39%|███▉      | 246/625 [05:32<08:37,  1.36s/it, cont=0.2053, gate=0.1717, ul=0.00000]
epoch 1:  40%|███▉      | 247/625 [05:33<08:22,  1.33s/it, cont=0.2053, gate=0.1717, ul=0.00000]
epoch 1:  40%|███▉      | 248/625 [05:35<08:05,  1.29s/it, cont=0.2053, gate=0.1717, ul=0.00000]
epoch 1:  40%|███▉      | 249/625 [05:36<08:06,  1.29s/it, cont=0.2053, gate=0.1717, ul=0.00000]
epoch 1:  40%|████      | 250/625 [05:37<07:58,  1.28s/it, cont=0.2053, gate=0.1717, ul=0.00000]
epoch 1:  40%|████      | 250/625 [05:39<07:58,  1.28s/it, cont=0.2208, gate=0.1252, ul=0.00001]
epoch 1:  40%|████      | 251/625 [05:39<08:07,  1.30s/it, cont=0.2208, gate=0.1252, ul=0.00001]
epoch 1:  40%|████      | 252/625 [05:40<08:06,  1.30s/it, cont=0.2208, gate=0.1252, ul=0.00001]
epoch 1:  40%|████      | 253/625 [05:41<08:03,  1.30s/it, cont=0.2208, gate=0.1252, ul=0.00001]
epoch 1:  41%|████      | 254/625 [05:42<07:48,  1.26s/it, cont=0.2208, gate=0.1252, ul=0.00001]
epoch 1:  41%|████      | 255/625 [05:44<07:45,  1.26s/it, cont=0.2208, gate=0.1252, ul=0.00001]
epoch 1:  41%|████      | 256/625 [05:45<07:44,  1.26s/it, cont=0.2208, gate=0.1252, ul=0.00001]
epoch 1:  41%|████      | 257/625 [05:46<07:51,  1.28s/it, cont=0.2208, gate=0.1252, ul=0.00001]
epoch 1:  41%|████▏     | 258/625 [05:47<07:53,  1.29s/it, cont=0.2208, gate=0.1252, ul=0.00001]
epoch 1:  41%|████▏     | 259/625 [05:49<07:56,  1.30s/it, cont=0.2208, gate=0.1252, ul=0.00001]
epoch 1:  42%|████▏     | 260/625 [05:50<07:59,  1.31s/it, cont=0.2208, gate=0.1252, ul=0.00001]
epoch 1:  42%|████▏     | 261/625 [05:52<08:09,  1.35s/it, cont=0.2208, gate=0.1252, ul=0.00001]
epoch 1:  42%|████▏     | 262/625 [05:53<08:22,  1.38s/it, cont=0.2208, gate=0.1252, ul=0.00001]
epoch 1:  42%|████▏     | 263/625 [05:54<08:12,  1.36s/it, cont=0.2208, gate=0.1252, ul=0.00001]
epoch 1:  42%|████▏     | 264/625 [05:56<08:01,  1.33s/it, cont=0.2208, gate=0.1252, ul=0.00001]
epoch 1:  42%|████▏     | 265/625 [05:57<08:16,  1.38s/it, cont=0.2208, gate=0.1252, ul=0.00001]
epoch 1:  43%|████▎     | 266/625 [05:58<08:08,  1.36s/it, cont=0.2208, gate=0.1252, ul=0.00001]
epoch 1:  43%|████▎     | 267/625 [06:00<08:06,  1.36s/it, cont=0.2208, gate=0.1252, ul=0.00001]
epoch 1:  43%|████▎     | 268/625 [06:01<07:59,  1.34s/it, cont=0.2208, gate=0.1252, ul=0.00001]
epoch 1:  43%|████▎     | 269/625 [06:02<07:46,  1.31s/it, cont=0.2208, gate=0.1252, ul=0.00001]
epoch 1:  43%|████▎     | 270/625 [06:04<07:39,  1.30s/it, cont=0.2208, gate=0.1252, ul=0.00001]
epoch 1:  43%|████▎     | 271/625 [06:05<07:31,  1.28s/it, cont=0.2208, gate=0.1252, ul=0.00001]
epoch 1:  44%|████▎     | 272/625 [06:06<07:32,  1.28s/it, cont=0.2208, gate=0.1252, ul=0.00001]
epoch 1:  44%|████▎     | 273/625 [06:07<07:25,  1.27s/it, cont=0.2208, gate=0.1252, ul=0.00001]
epoch 1:  44%|████▍     | 274/625 [06:09<07:29,  1.28s/it, cont=0.2208, gate=0.1252, ul=0.00001]
epoch 1:  44%|████▍     | 275/625 [06:10<07:22,  1.26s/it, cont=0.2208, gate=0.1252, ul=0.00001]
epoch 1:  44%|████▍     | 275/625 [06:12<07:22,  1.26s/it, cont=0.2229, gate=0.1845, ul=0.00000]
epoch 1:  44%|████▍     | 276/625 [06:12<08:10,  1.40s/it, cont=0.2229, gate=0.1845, ul=0.00000]
epoch 1:  44%|████▍     | 277/625 [06:13<08:00,  1.38s/it, cont=0.2229, gate=0.1845, ul=0.00000]
epoch 1:  44%|████▍     | 278/625 [06:14<07:49,  1.35s/it, cont=0.2229, gate=0.1845, ul=0.00000]
epoch 1:  45%|████▍     | 279/625 [06:15<07:38,  1.32s/it, cont=0.2229, gate=0.1845, ul=0.00000]
epoch 1:  45%|████▍     | 280/625 [06:17<07:28,  1.30s/it, cont=0.2229, gate=0.1845, ul=0.00000]
epoch 1:  45%|████▍     | 281/625 [06:18<07:39,  1.34s/it, cont=0.2229, gate=0.1845, ul=0.00000]
epoch 1:  45%|████▌     | 282/625 [06:20<07:44,  1.35s/it, cont=0.2229, gate=0.1845, ul=0.00000]
epoch 1:  45%|████▌     | 283/625 [06:21<07:38,  1.34s/it, cont=0.2229, gate=0.1845, ul=0.00000]
epoch 1:  45%|████▌     | 284/625 [06:22<07:38,  1.34s/it, cont=0.2229, gate=0.1845, ul=0.00000]
epoch 1:  46%|████▌     | 285/625 [06:23<07:34,  1.34s/it, cont=0.2229, gate=0.1845, ul=0.00000]
epoch 1:  46%|████▌     | 286/625 [06:25<07:19,  1.30s/it, cont=0.2229, gate=0.1845, ul=0.00000]
epoch 1:  46%|████▌     | 287/625 [06:26<07:16,  1.29s/it, cont=0.2229, gate=0.1845, ul=0.00000]
epoch 1:  46%|████▌     | 288/625 [06:27<07:21,  1.31s/it, cont=0.2229, gate=0.1845, ul=0.00000]
epoch 1:  46%|████▌     | 289/625 [06:29<07:14,  1.29s/it, cont=0.2229, gate=0.1845, ul=0.00000]
epoch 1:  46%|████▋     | 290/625 [06:30<07:22,  1.32s/it, cont=0.2229, gate=0.1845, ul=0.00000]
epoch 1:  47%|████▋     | 291/625 [06:32<07:51,  1.41s/it, cont=0.2229, gate=0.1845, ul=0.00000]
epoch 1:  47%|████▋     | 292/625 [06:33<07:52,  1.42s/it, cont=0.2229, gate=0.1845, ul=0.00000]
epoch 1:  47%|████▋     | 293/625 [06:34<07:34,  1.37s/it, cont=0.2229, gate=0.1845, ul=0.00000]
epoch 1:  47%|████▋     | 294/625 [06:35<07:15,  1.31s/it, cont=0.2229, gate=0.1845, ul=0.00000]
epoch 1:  47%|████▋     | 295/625 [06:37<07:23,  1.34s/it, cont=0.2229, gate=0.1845, ul=0.00000]
epoch 1:  47%|████▋     | 296/625 [06:38<07:31,  1.37s/it, cont=0.2229, gate=0.1845, ul=0.00000]
epoch 1:  48%|████▊     | 297/625 [06:40<07:28,  1.37s/it, cont=0.2229, gate=0.1845, ul=0.00000]
epoch 1:  48%|████▊     | 298/625 [06:41<07:10,  1.32s/it, cont=0.2229, gate=0.1845, ul=0.00000]
epoch 1:  48%|████▊     | 299/625 [06:42<07:08,  1.31s/it, cont=0.2229, gate=0.1845, ul=0.00000]
epoch 1:  48%|████▊     | 300/625 [06:43<06:56,  1.28s/it, cont=0.2229, gate=0.1845, ul=0.00000]
epoch 1:  48%|████▊     | 300/625 [06:45<06:56,  1.28s/it, cont=0.2466, gate=0.1587, ul=0.00001]
epoch 1:  48%|████▊     | 301/625 [06:45<07:30,  1.39s/it, cont=0.2466, gate=0.1587, ul=0.00001]
epoch 1:  48%|████▊     | 302/625 [06:47<07:41,  1.43s/it, cont=0.2466, gate=0.1587, ul=0.00001]
epoch 1:  48%|████▊     | 303/625 [06:48<07:21,  1.37s/it, cont=0.2466, gate=0.1587, ul=0.00001]
epoch 1:  49%|████▊     | 304/625 [06:49<07:14,  1.35s/it, cont=0.2466, gate=0.1587, ul=0.00001]
epoch 1:  49%|████▉     | 305/625 [06:51<07:18,  1.37s/it, cont=0.2466, gate=0.1587, ul=0.00001]
epoch 1:  49%|████▉     | 306/625 [06:52<06:57,  1.31s/it, cont=0.2466, gate=0.1587, ul=0.00001]
epoch 1:  49%|████▉     | 307/625 [06:53<06:45,  1.27s/it, cont=0.2466, gate=0.1587, ul=0.00001]
epoch 1:  49%|████▉     | 308/625 [06:54<06:45,  1.28s/it, cont=0.2466, gate=0.1587, ul=0.00001]
epoch 1:  49%|████▉     | 309/625 [06:55<06:40,  1.27s/it, cont=0.2466, gate=0.1587, ul=0.00001]
epoch 1:  50%|████▉     | 310/625 [06:57<06:43,  1.28s/it, cont=0.2466, gate=0.1587, ul=0.00001]
epoch 1:  50%|████▉     | 311/625 [06:58<06:49,  1.30s/it, cont=0.2466, gate=0.1587, ul=0.00001]
epoch 1:  50%|████▉     | 312/625 [06:59<06:41,  1.28s/it, cont=0.2466, gate=0.1587, ul=0.00001]
epoch 1:  50%|█████     | 313/625 [07:01<06:40,  1.28s/it, cont=0.2466, gate=0.1587, ul=0.00001]
epoch 1:  50%|█████     | 314/625 [07:02<06:47,  1.31s/it, cont=0.2466, gate=0.1587, ul=0.00001]
epoch 1:  50%|█████     | 315/625 [07:03<06:38,  1.29s/it, cont=0.2466, gate=0.1587, ul=0.00001]
epoch 1:  51%|█████     | 316/625 [07:05<07:14,  1.41s/it, cont=0.2466, gate=0.1587, ul=0.00001]
epoch 1:  51%|█████     | 317/625 [07:06<07:02,  1.37s/it, cont=0.2466, gate=0.1587, ul=0.00001]
epoch 1:  51%|█████     | 318/625 [07:07<06:44,  1.32s/it, cont=0.2466, gate=0.1587, ul=0.00001]
epoch 1:  51%|█████     | 319/625 [07:09<06:46,  1.33s/it, cont=0.2466, gate=0.1587, ul=0.00001]
epoch 1:  51%|█████     | 320/625 [07:10<06:48,  1.34s/it, cont=0.2466, gate=0.1587, ul=0.00001]
epoch 1:  51%|█████▏    | 321/625 [07:12<06:54,  1.36s/it, cont=0.2466, gate=0.1587, ul=0.00001]
epoch 1:  52%|█████▏    | 322/625 [07:13<06:40,  1.32s/it, cont=0.2466, gate=0.1587, ul=0.00001]
epoch 1:  52%|█████▏    | 323/625 [07:14<06:40,  1.32s/it, cont=0.2466, gate=0.1587, ul=0.00001]
epoch 1:  52%|█████▏    | 324/625 [07:15<06:48,  1.36s/it, cont=0.2466, gate=0.1587, ul=0.00001]
epoch 1:  52%|█████▏    | 325/625 [07:17<06:54,  1.38s/it, cont=0.2466, gate=0.1587, ul=0.00001]
epoch 1:  52%|█████▏    | 325/625 [07:18<06:54,  1.38s/it, cont=0.2347, gate=0.1141, ul=0.00000]
epoch 1:  52%|█████▏    | 326/625 [07:18<06:47,  1.36s/it, cont=0.2347, gate=0.1141, ul=0.00000]
epoch 1:  52%|█████▏    | 327/625 [07:20<06:44,  1.36s/it, cont=0.2347, gate=0.1141, ul=0.00000]
epoch 1:  52%|█████▏    | 328/625 [07:21<06:38,  1.34s/it, cont=0.2347, gate=0.1141, ul=0.00000]
epoch 1:  53%|█████▎    | 329/625 [07:22<06:24,  1.30s/it, cont=0.2347, gate=0.1141, ul=0.00000]
epoch 1:  53%|█████▎    | 330/625 [07:23<06:18,  1.28s/it, cont=0.2347, gate=0.1141, ul=0.00000]
epoch 1:  53%|█████▎    | 331/625 [07:25<06:29,  1.32s/it, cont=0.2347, gate=0.1141, ul=0.00000]
epoch 1:  53%|█████▎    | 332/625 [07:26<06:42,  1.37s/it, cont=0.2347, gate=0.1141, ul=0.00000]
epoch 1:  53%|█████▎    | 333/625 [07:28<06:31,  1.34s/it, cont=0.2347, gate=0.1141, ul=0.00000]
epoch 1:  53%|█████▎    | 334/625 [07:29<06:21,  1.31s/it, cont=0.2347, gate=0.1141, ul=0.00000]
epoch 1:  54%|█████▎    | 335/625 [07:30<06:21,  1.32s/it, cont=0.2347, gate=0.1141, ul=0.00000]
epoch 1:  54%|█████▍    | 336/625 [07:31<06:14,  1.29s/it, cont=0.2347, gate=0.1141, ul=0.00000]
epoch 1:  54%|█████▍    | 337/625 [07:33<06:36,  1.38s/it, cont=0.2347, gate=0.1141, ul=0.00000]
epoch 1:  54%|█████▍    | 338/625 [07:34<06:24,  1.34s/it, cont=0.2347, gate=0.1141, ul=0.00000]
epoch 1:  54%|█████▍    | 339/625 [07:35<06:20,  1.33s/it, cont=0.2347, gate=0.1141, ul=0.00000]
epoch 1:  54%|█████▍    | 340/625 [07:37<06:05,  1.28s/it, cont=0.2347, gate=0.1141, ul=0.00000]
epoch 1:  55%|█████▍    | 341/625 [07:38<05:58,  1.26s/it, cont=0.2347, gate=0.1141, ul=0.00000]
epoch 1:  55%|█████▍    | 342/625 [07:39<06:20,  1.34s/it, cont=0.2347, gate=0.1141, ul=0.00000]
epoch 1:  55%|█████▍    | 343/625 [07:41<06:14,  1.33s/it, cont=0.2347, gate=0.1141, ul=0.00000]
epoch 1:  55%|█████▌    | 344/625 [07:42<06:17,  1.34s/it, cont=0.2347, gate=0.1141, ul=0.00000]
epoch 1:  55%|█████▌    | 345/625 [07:43<06:04,  1.30s/it, cont=0.2347, gate=0.1141, ul=0.00000]
epoch 1:  55%|█████▌    | 346/625 [07:45<06:19,  1.36s/it, cont=0.2347, gate=0.1141, ul=0.00000]
epoch 1:  56%|█████▌    | 347/625 [07:46<06:12,  1.34s/it, cont=0.2347, gate=0.1141, ul=0.00000]
epoch 1:  56%|█████▌    | 348/625 [07:47<06:00,  1.30s/it, cont=0.2347, gate=0.1141, ul=0.00000]
epoch 1:  56%|█████▌    | 349/625 [07:49<05:57,  1.30s/it, cont=0.2347, gate=0.1141, ul=0.00000]
epoch 1:  56%|█████▌    | 350/625 [07:50<06:06,  1.33s/it, cont=0.2347, gate=0.1141, ul=0.00000]
epoch 1:  56%|█████▌    | 350/625 [07:51<06:06,  1.33s/it, cont=0.2244, gate=0.1392, ul=0.00000]
epoch 1:  56%|█████▌    | 351/625 [07:51<06:04,  1.33s/it, cont=0.2244, gate=0.1392, ul=0.00000]
epoch 1:  56%|█████▋    | 352/625 [07:52<05:54,  1.30s/it, cont=0.2244, gate=0.1392, ul=0.00000]
epoch 1:  56%|█████▋    | 353/625 [07:54<05:46,  1.27s/it, cont=0.2244, gate=0.1392, ul=0.00000]
epoch 1:  57%|█████▋    | 354/625 [07:55<06:05,  1.35s/it, cont=0.2244, gate=0.1392, ul=0.00000]
epoch 1:  57%|█████▋    | 355/625 [07:57<06:11,  1.38s/it, cont=0.2244, gate=0.1392, ul=0.00000]
epoch 1:  57%|█████▋    | 356/625 [07:58<06:14,  1.39s/it, cont=0.2244, gate=0.1392, ul=0.00000]
epoch 1:  57%|█████▋    | 357/625 [07:59<06:01,  1.35s/it, cont=0.2244, gate=0.1392, ul=0.00000]
epoch 1:  57%|█████▋    | 358/625 [08:01<06:33,  1.47s/it, cont=0.2244, gate=0.1392, ul=0.00000]
epoch 1:  57%|█████▋    | 359/625 [08:03<06:40,  1.50s/it, cont=0.2244, gate=0.1392, ul=0.00000]
epoch 1:  58%|█████▊    | 360/625 [08:04<06:16,  1.42s/it, cont=0.2244, gate=0.1392, ul=0.00000]
epoch 1:  58%|█████▊    | 361/625 [08:05<06:04,  1.38s/it, cont=0.2244, gate=0.1392, ul=0.00000]
epoch 1:  58%|█████▊    | 362/625 [08:07<06:03,  1.38s/it, cont=0.2244, gate=0.1392, ul=0.00000]
epoch 1:  58%|█████▊    | 363/625 [08:08<05:56,  1.36s/it, cont=0.2244, gate=0.1392, ul=0.00000]
epoch 1:  58%|█████▊    | 364/625 [08:09<05:49,  1.34s/it, cont=0.2244, gate=0.1392, ul=0.00000]
epoch 1:  58%|█████▊    | 365/625 [08:11<05:49,  1.34s/it, cont=0.2244, gate=0.1392, ul=0.00000]
epoch 1:  59%|█████▊    | 366/625 [08:12<05:43,  1.33s/it, cont=0.2244, gate=0.1392, ul=0.00000]
epoch 1:  59%|█████▊    | 367/625 [08:13<05:34,  1.30s/it, cont=0.2244, gate=0.1392, ul=0.00000]
epoch 1:  59%|█████▉    | 368/625 [08:14<05:27,  1.27s/it, cont=0.2244, gate=0.1392, ul=0.00000]
epoch 1:  59%|█████▉    | 369/625 [08:16<05:36,  1.32s/it, cont=0.2244, gate=0.1392, ul=0.00000]
epoch 1:  59%|█████▉    | 370/625 [08:17<05:51,  1.38s/it, cont=0.2244, gate=0.1392, ul=0.00000]
epoch 1:  59%|█████▉    | 371/625 [08:19<06:26,  1.52s/it, cont=0.2244, gate=0.1392, ul=0.00000]
epoch 1:  60%|█████▉    | 372/625 [08:20<06:03,  1.44s/it, cont=0.2244, gate=0.1392, ul=0.00000]
epoch 1:  60%|█████▉    | 373/625 [08:22<05:53,  1.40s/it, cont=0.2244, gate=0.1392, ul=0.00000]
epoch 1:  60%|█████▉    | 374/625 [08:23<05:43,  1.37s/it, cont=0.2244, gate=0.1392, ul=0.00000]
epoch 1:  60%|██████    | 375/625 [08:25<06:01,  1.44s/it, cont=0.2244, gate=0.1392, ul=0.00000]
epoch 1:  60%|██████    | 375/625 [08:26<06:01,  1.44s/it, cont=0.2531, gate=0.0676, ul=0.00001]
epoch 1:  60%|██████    | 376/625 [08:26<05:44,  1.39s/it, cont=0.2531, gate=0.0676, ul=0.00001]
epoch 1:  60%|██████    | 377/625 [08:27<05:50,  1.41s/it, cont=0.2531, gate=0.0676, ul=0.00001]
epoch 1:  60%|██████    | 378/625 [08:29<05:42,  1.39s/it, cont=0.2531, gate=0.0676, ul=0.00001]
epoch 1:  61%|██████    | 379/625 [08:30<05:29,  1.34s/it, cont=0.2531, gate=0.0676, ul=0.00001]
epoch 1:  61%|██████    | 380/625 [08:31<05:52,  1.44s/it, cont=0.2531, gate=0.0676, ul=0.00001]
epoch 1:  61%|██████    | 381/625 [08:33<05:39,  1.39s/it, cont=0.2531, gate=0.0676, ul=0.00001]
epoch 1:  61%|██████    | 382/625 [08:34<05:26,  1.35s/it, cont=0.2531, gate=0.0676, ul=0.00001]
epoch 1:  61%|██████▏   | 383/625 [08:35<05:25,  1.34s/it, cont=0.2531, gate=0.0676, ul=0.00001]
epoch 1:  61%|██████▏   | 384/625 [08:37<05:29,  1.37s/it, cont=0.2531, gate=0.0676, ul=0.00001]
epoch 1:  62%|██████▏   | 385/625 [08:38<05:19,  1.33s/it, cont=0.2531, gate=0.0676, ul=0.00001]
epoch 1:  62%|██████▏   | 386/625 [08:39<05:12,  1.31s/it, cont=0.2531, gate=0.0676, ul=0.00001]
epoch 1:  62%|██████▏   | 387/625 [08:41<06:01,  1.52s/it, cont=0.2531, gate=0.0676, ul=0.00001]
epoch 1:  62%|██████▏   | 388/625 [08:43<05:49,  1.47s/it, cont=0.2531, gate=0.0676, ul=0.00001]
epoch 1:  62%|██████▏   | 389/625 [08:44<05:41,  1.45s/it, cont=0.2531, gate=0.0676, ul=0.00001]
epoch 1:  62%|██████▏   | 390/625 [08:45<05:35,  1.43s/it, cont=0.2531, gate=0.0676, ul=0.00001]
epoch 1:  63%|██████▎   | 391/625 [08:47<05:36,  1.44s/it, cont=0.2531, gate=0.0676, ul=0.00001]
epoch 1:  63%|██████▎   | 392/625 [08:48<05:29,  1.41s/it, cont=0.2531, gate=0.0676, ul=0.00001]
epoch 1:  63%|██████▎   | 393/625 [08:49<05:13,  1.35s/it, cont=0.2531, gate=0.0676, ul=0.00001]
epoch 1:  63%|██████▎   | 394/625 [08:51<05:13,  1.36s/it, cont=0.2531, gate=0.0676, ul=0.00001]
epoch 1:  63%|██████▎   | 395/625 [08:52<05:31,  1.44s/it, cont=0.2531, gate=0.0676, ul=0.00001]
epoch 1:  63%|██████▎   | 396/625 [08:54<05:22,  1.41s/it, cont=0.2531, gate=0.0676, ul=0.00001]
epoch 1:  64%|██████▎   | 397/625 [08:55<05:09,  1.36s/it, cont=0.2531, gate=0.0676, ul=0.00001]
epoch 1:  64%|██████▎   | 398/625 [08:56<05:09,  1.36s/it, cont=0.2531, gate=0.0676, ul=0.00001]
epoch 1:  64%|██████▍   | 399/625 [08:58<04:56,  1.31s/it, cont=0.2531, gate=0.0676, ul=0.00001]
epoch 1:  64%|██████▍   | 400/625 [08:59<04:50,  1.29s/it, cont=0.2531, gate=0.0676, ul=0.00001]
epoch 1:  64%|██████▍   | 400/625 [09:00<04:50,  1.29s/it, cont=0.1975, gate=0.1819, ul=0.00000]
epoch 1:  64%|██████▍   | 401/625 [09:00<05:00,  1.34s/it, cont=0.1975, gate=0.1819, ul=0.00000]
epoch 1:  64%|██████▍   | 402/625 [09:01<04:49,  1.30s/it, cont=0.1975, gate=0.1819, ul=0.00000]
epoch 1:  64%|██████▍   | 403/625 [09:03<04:55,  1.33s/it, cont=0.1975, gate=0.1819, ul=0.00000]
epoch 1:  65%|██████▍   | 404/625 [09:04<04:52,  1.32s/it, cont=0.1975, gate=0.1819, ul=0.00000]
epoch 1:  65%|██████▍   | 405/625 [09:06<04:54,  1.34s/it, cont=0.1975, gate=0.1819, ul=0.00000]
epoch 1:  65%|██████▍   | 406/625 [09:07<05:03,  1.39s/it, cont=0.1975, gate=0.1819, ul=0.00000]
epoch 1:  65%|██████▌   | 407/625 [09:08<05:03,  1.39s/it, cont=0.1975, gate=0.1819, ul=0.00000]
epoch 1:  65%|██████▌   | 408/625 [09:10<04:50,  1.34s/it, cont=0.1975, gate=0.1819, ul=0.00000]
epoch 1:  65%|██████▌   | 409/625 [09:11<04:51,  1.35s/it, cont=0.1975, gate=0.1819, ul=0.00000]
epoch 1:  66%|██████▌   | 410/625 [09:12<04:48,  1.34s/it, cont=0.1975, gate=0.1819, ul=0.00000]
epoch 1:  66%|██████▌   | 411/625 [09:14<04:38,  1.30s/it, cont=0.1975, gate=0.1819, ul=0.00000]
epoch 1:  66%|██████▌   | 412/625 [09:15<04:38,  1.31s/it, cont=0.1975, gate=0.1819, ul=0.00000]
epoch 1:  66%|██████▌   | 413/625 [09:16<04:34,  1.30s/it, cont=0.1975, gate=0.1819, ul=0.00000]
epoch 1:  66%|██████▌   | 414/625 [09:18<05:00,  1.43s/it, cont=0.1975, gate=0.1819, ul=0.00000]
epoch 1:  66%|██████▋   | 415/625 [09:19<04:46,  1.36s/it, cont=0.1975, gate=0.1819, ul=0.00000]
epoch 1:  67%|██████▋   | 416/625 [09:20<04:35,  1.32s/it, cont=0.1975, gate=0.1819, ul=0.00000]
epoch 1:  67%|██████▋   | 417/625 [09:22<04:28,  1.29s/it, cont=0.1975, gate=0.1819, ul=0.00000]
epoch 1:  67%|██████▋   | 418/625 [09:23<04:19,  1.25s/it, cont=0.1975, gate=0.1819, ul=0.00000]
epoch 1:  67%|██████▋   | 419/625 [09:24<04:33,  1.33s/it, cont=0.1975, gate=0.1819, ul=0.00000]
epoch 1:  67%|██████▋   | 420/625 [09:25<04:26,  1.30s/it, cont=0.1975, gate=0.1819, ul=0.00000]
epoch 1:  67%|██████▋   | 421/625 [09:27<04:33,  1.34s/it, cont=0.1975, gate=0.1819, ul=0.00000]
epoch 1:  68%|██████▊   | 422/625 [09:28<04:38,  1.37s/it, cont=0.1975, gate=0.1819, ul=0.00000]
epoch 1:  68%|██████▊   | 423/625 [09:30<04:26,  1.32s/it, cont=0.1975, gate=0.1819, ul=0.00000]
epoch 1:  68%|██████▊   | 424/625 [09:31<04:27,  1.33s/it, cont=0.1975, gate=0.1819, ul=0.00000]
epoch 1:  68%|██████▊   | 425/625 [09:33<04:51,  1.46s/it, cont=0.1975, gate=0.1819, ul=0.00000]
epoch 1:  68%|██████▊   | 425/625 [09:34<04:51,  1.46s/it, cont=0.2059, gate=0.0763, ul=0.00000]
epoch 1:  68%|██████▊   | 426/625 [09:34<04:38,  1.40s/it, cont=0.2059, gate=0.0763, ul=0.00000]
epoch 1:  68%|██████▊   | 427/625 [09:35<04:25,  1.34s/it, cont=0.2059, gate=0.0763, ul=0.00000]
epoch 1:  68%|██████▊   | 428/625 [09:36<04:20,  1.32s/it, cont=0.2059, gate=0.0763, ul=0.00000]
epoch 1:  69%|██████▊   | 429/625 [09:38<04:22,  1.34s/it, cont=0.2059, gate=0.0763, ul=0.00000]
epoch 1:  69%|██████▉   | 430/625 [09:39<04:21,  1.34s/it, cont=0.2059, gate=0.0763, ul=0.00000]
epoch 1:  69%|██████▉   | 431/625 [09:40<04:15,  1.32s/it, cont=0.2059, gate=0.0763, ul=0.00000]
epoch 1:  69%|██████▉   | 432/625 [09:42<04:20,  1.35s/it, cont=0.2059, gate=0.0763, ul=0.00000]
epoch 1:  69%|██████▉   | 433/625 [09:43<04:19,  1.35s/it, cont=0.2059, gate=0.0763, ul=0.00000]
epoch 1:  69%|██████▉   | 434/625 [09:44<04:11,  1.32s/it, cont=0.2059, gate=0.0763, ul=0.00000]
epoch 1:  70%|██████▉   | 435/625 [09:46<04:15,  1.35s/it, cont=0.2059, gate=0.0763, ul=0.00000]
epoch 1:  70%|██████▉   | 436/625 [09:47<04:13,  1.34s/it, cont=0.2059, gate=0.0763, ul=0.00000]
epoch 1:  70%|██████▉   | 437/625 [09:48<04:06,  1.31s/it, cont=0.2059, gate=0.0763, ul=0.00000]
epoch 1:  70%|███████   | 438/625 [09:50<04:09,  1.33s/it, cont=0.2059, gate=0.0763, ul=0.00000]
epoch 1:  70%|███████   | 439/625 [09:51<04:03,  1.31s/it, cont=0.2059, gate=0.0763, ul=0.00000]
epoch 1:  70%|███████   | 440/625 [09:53<04:28,  1.45s/it, cont=0.2059, gate=0.0763, ul=0.00000]
epoch 1:  71%|███████   | 441/625 [09:54<04:19,  1.41s/it, cont=0.2059, gate=0.0763, ul=0.00000]
epoch 1:  71%|███████   | 442/625 [09:56<04:33,  1.49s/it, cont=0.2059, gate=0.0763, ul=0.00000]
epoch 1:  71%|███████   | 443/625 [09:57<04:23,  1.45s/it, cont=0.2059, gate=0.0763, ul=0.00000]
epoch 1:  71%|███████   | 444/625 [09:58<04:12,  1.40s/it, cont=0.2059, gate=0.0763, ul=0.00000]
epoch 1:  71%|███████   | 445/625 [10:00<04:11,  1.40s/it, cont=0.2059, gate=0.0763, ul=0.00000]
epoch 1:  71%|███████▏  | 446/625 [10:01<04:02,  1.36s/it, cont=0.2059, gate=0.0763, ul=0.00000]
epoch 1:  72%|███████▏  | 447/625 [10:02<03:54,  1.32s/it, cont=0.2059, gate=0.0763, ul=0.00000]
epoch 1:  72%|███████▏  | 448/625 [10:04<03:53,  1.32s/it, cont=0.2059, gate=0.0763, ul=0.00000]
epoch 1:  72%|███████▏  | 449/625 [10:05<03:52,  1.32s/it, cont=0.2059, gate=0.0763, ul=0.00000]
epoch 1:  72%|███████▏  | 450/625 [10:06<03:56,  1.35s/it, cont=0.2059, gate=0.0763, ul=0.00000]
epoch 1:  72%|███████▏  | 450/625 [10:08<03:56,  1.35s/it, cont=0.1680, gate=0.1351, ul=0.00000]
epoch 1:  72%|███████▏  | 451/625 [10:08<04:03,  1.40s/it, cont=0.1680, gate=0.1351, ul=0.00000]
epoch 1:  72%|███████▏  | 452/625 [10:09<03:58,  1.38s/it, cont=0.1680, gate=0.1351, ul=0.00000]
epoch 1:  72%|███████▏  | 453/625 [10:11<03:51,  1.35s/it, cont=0.1680, gate=0.1351, ul=0.00000]
epoch 1:  73%|███████▎  | 454/625 [10:12<03:41,  1.30s/it, cont=0.1680, gate=0.1351, ul=0.00000]
epoch 1:  73%|███████▎  | 455/625 [10:13<03:33,  1.26s/it, cont=0.1680, gate=0.1351, ul=0.00000]
epoch 1:  73%|███████▎  | 456/625 [10:14<03:41,  1.31s/it, cont=0.1680, gate=0.1351, ul=0.00000]
epoch 1:  73%|███████▎  | 457/625 [10:16<03:43,  1.33s/it, cont=0.1680, gate=0.1351, ul=0.00000]
epoch 1:  73%|███████▎  | 458/625 [10:17<03:43,  1.34s/it, cont=0.1680, gate=0.1351, ul=0.00000]
epoch 1:  73%|███████▎  | 459/625 [10:18<03:36,  1.30s/it, cont=0.1680, gate=0.1351, ul=0.00000]
epoch 1:  74%|███████▎  | 460/625 [10:20<03:34,  1.30s/it, cont=0.1680, gate=0.1351, ul=0.00000]
epoch 1:  74%|███████▍  | 461/625 [10:21<03:32,  1.29s/it, cont=0.1680, gate=0.1351, ul=0.00000]
epoch 1:  74%|███████▍  | 462/625 [10:22<03:32,  1.31s/it, cont=0.1680, gate=0.1351, ul=0.00000]
epoch 1:  74%|███████▍  | 463/625 [10:24<04:10,  1.55s/it, cont=0.1680, gate=0.1351, ul=0.00000]
epoch 1:  74%|███████▍  | 464/625 [10:26<03:56,  1.47s/it, cont=0.1680, gate=0.1351, ul=0.00000]
epoch 1:  74%|███████▍  | 465/625 [10:27<03:48,  1.43s/it, cont=0.1680, gate=0.1351, ul=0.00000]
epoch 1:  75%|███████▍  | 466/625 [10:28<03:51,  1.46s/it, cont=0.1680, gate=0.1351, ul=0.00000]
epoch 1:  75%|███████▍  | 467/625 [10:30<03:38,  1.38s/it, cont=0.1680, gate=0.1351, ul=0.00000]
epoch 1:  75%|███████▍  | 468/625 [10:31<03:37,  1.38s/it, cont=0.1680, gate=0.1351, ul=0.00000]
epoch 1:  75%|███████▌  | 469/625 [10:32<03:28,  1.34s/it, cont=0.1680, gate=0.1351, ul=0.00000]
epoch 1:  75%|███████▌  | 470/625 [10:34<03:27,  1.34s/it, cont=0.1680, gate=0.1351, ul=0.00000]
epoch 1:  75%|███████▌  | 471/625 [10:35<03:23,  1.32s/it, cont=0.1680, gate=0.1351, ul=0.00000]
epoch 1:  76%|███████▌  | 472/625 [10:37<03:38,  1.43s/it, cont=0.1680, gate=0.1351, ul=0.00000]
epoch 1:  76%|███████▌  | 473/625 [10:38<03:36,  1.43s/it, cont=0.1680, gate=0.1351, ul=0.00000]
epoch 1:  76%|███████▌  | 474/625 [10:39<03:28,  1.38s/it, cont=0.1680, gate=0.1351, ul=0.00000]
epoch 1:  76%|███████▌  | 475/625 [10:41<03:22,  1.35s/it, cont=0.1680, gate=0.1351, ul=0.00000]
epoch 1:  76%|███████▌  | 475/625 [10:42<03:22,  1.35s/it, cont=0.2439, gate=0.1601, ul=0.00035]
epoch 1:  76%|███████▌  | 476/625 [10:42<03:19,  1.34s/it, cont=0.2439, gate=0.1601, ul=0.00035]
epoch 1:  76%|███████▋  | 477/625 [10:43<03:16,  1.33s/it, cont=0.2439, gate=0.1601, ul=0.00035]
epoch 1:  76%|███████▋  | 478/625 [10:45<03:18,  1.35s/it, cont=0.2439, gate=0.1601, ul=0.00035]
epoch 1:  77%|███████▋  | 479/625 [10:46<03:11,  1.31s/it, cont=0.2439, gate=0.1601, ul=0.00035]
epoch 1:  77%|███████▋  | 480/625 [10:47<03:09,  1.31s/it, cont=0.2439, gate=0.1601, ul=0.00035]
epoch 1:  77%|███████▋  | 481/625 [10:49<03:24,  1.42s/it, cont=0.2439, gate=0.1601, ul=0.00035]
epoch 1:  77%|███████▋  | 482/625 [10:50<03:15,  1.37s/it, cont=0.2439, gate=0.1601, ul=0.00035]
epoch 1:  77%|███████▋  | 483/625 [10:52<03:26,  1.45s/it, cont=0.2439, gate=0.1601, ul=0.00035]
epoch 1:  77%|███████▋  | 484/625 [10:53<03:19,  1.41s/it, cont=0.2439, gate=0.1601, ul=0.00035]
epoch 1:  78%|███████▊  | 485/625 [10:54<03:14,  1.39s/it, cont=0.2439, gate=0.1601, ul=0.00035]
epoch 1:  78%|███████▊  | 486/625 [10:56<03:30,  1.51s/it, cont=0.2439, gate=0.1601, ul=0.00035]
epoch 1:  78%|███████▊  | 487/625 [10:57<03:20,  1.45s/it, cont=0.2439, gate=0.1601, ul=0.00035]
epoch 1:  78%|███████▊  | 488/625 [10:59<03:09,  1.38s/it, cont=0.2439, gate=0.1601, ul=0.00035]
epoch 1:  78%|███████▊  | 489/625 [11:00<03:06,  1.37s/it, cont=0.2439, gate=0.1601, ul=0.00035]
epoch 1:  78%|███████▊  | 490/625 [11:01<02:57,  1.32s/it, cont=0.2439, gate=0.1601, ul=0.00035]
epoch 1:  79%|███████▊  | 491/625 [11:02<02:52,  1.29s/it, cont=0.2439, gate=0.1601, ul=0.00035]
epoch 1:  79%|███████▊  | 492/625 [11:04<02:51,  1.29s/it, cont=0.2439, gate=0.1601, ul=0.00035]
epoch 1:  79%|███████▉  | 493/625 [11:05<02:53,  1.32s/it, cont=0.2439, gate=0.1601, ul=0.00035]
epoch 1:  79%|███████▉  | 494/625 [11:07<03:14,  1.49s/it, cont=0.2439, gate=0.1601, ul=0.00035]
epoch 1:  79%|███████▉  | 495/625 [11:08<03:05,  1.43s/it, cont=0.2439, gate=0.1601, ul=0.00035]
epoch 1:  79%|███████▉  | 496/625 [11:10<03:03,  1.42s/it, cont=0.2439, gate=0.1601, ul=0.00035]
epoch 1:  80%|███████▉  | 497/625 [11:11<02:56,  1.38s/it, cont=0.2439, gate=0.1601, ul=0.00035]
epoch 1:  80%|███████▉  | 498/625 [11:12<02:47,  1.32s/it, cont=0.2439, gate=0.1601, ul=0.00035]
epoch 1:  80%|███████▉  | 499/625 [11:13<02:41,  1.28s/it, cont=0.2439, gate=0.1601, ul=0.00035]
epoch 1:  80%|████████  | 500/625 [11:14<02:37,  1.26s/it, cont=0.2439, gate=0.1601, ul=0.00035]
epoch 1:  80%|████████  | 500/625 [11:16<02:37,  1.26s/it, cont=0.2071, gate=0.2168, ul=0.00000]
epoch 1:  80%|████████  | 501/625 [11:16<02:44,  1.32s/it, cont=0.2071, gate=0.2168, ul=0.00000]
epoch 1:  80%|████████  | 502/625 [11:18<02:50,  1.39s/it, cont=0.2071, gate=0.2168, ul=0.00000]
epoch 1:  80%|████████  | 503/625 [11:19<02:45,  1.36s/it, cont=0.2071, gate=0.2168, ul=0.00000]
epoch 1:  81%|████████  | 504/625 [11:20<02:42,  1.35s/it, cont=0.2071, gate=0.2168, ul=0.00000]
epoch 1:  81%|████████  | 505/625 [11:21<02:40,  1.33s/it, cont=0.2071, gate=0.2168, ul=0.00000]
epoch 1:  81%|████████  | 506/625 [11:23<02:57,  1.49s/it, cont=0.2071, gate=0.2168, ul=0.00000]
epoch 1:  81%|████████  | 507/625 [11:25<02:49,  1.43s/it, cont=0.2071, gate=0.2168, ul=0.00000]
epoch 1:  81%|████████▏ | 508/625 [11:26<02:39,  1.36s/it, cont=0.2071, gate=0.2168, ul=0.00000]
epoch 1:  81%|████████▏ | 509/625 [11:27<02:32,  1.31s/it, cont=0.2071, gate=0.2168, ul=0.00000]
epoch 1:  82%|████████▏ | 510/625 [11:28<02:35,  1.35s/it, cont=0.2071, gate=0.2168, ul=0.00000]
epoch 1:  82%|████████▏ | 511/625 [11:30<02:33,  1.34s/it, cont=0.2071, gate=0.2168, ul=0.00000]
epoch 1:  82%|████████▏ | 512/625 [11:31<02:27,  1.31s/it, cont=0.2071, gate=0.2168, ul=0.00000]
epoch 1:  82%|████████▏ | 513/625 [11:32<02:26,  1.31s/it, cont=0.2071, gate=0.2168, ul=0.00000]
epoch 1:  82%|████████▏ | 514/625 [11:33<02:21,  1.27s/it, cont=0.2071, gate=0.2168, ul=0.00000]
epoch 1:  82%|████████▏ | 515/625 [11:35<02:17,  1.25s/it, cont=0.2071, gate=0.2168, ul=0.00000]
epoch 1:  83%|████████▎ | 516/625 [11:36<02:21,  1.30s/it, cont=0.2071, gate=0.2168, ul=0.00000]
epoch 1:  83%|████████▎ | 517/625 [11:37<02:18,  1.28s/it, cont=0.2071, gate=0.2168, ul=0.00000]
epoch 1:  83%|████████▎ | 518/625 [11:38<02:13,  1.25s/it, cont=0.2071, gate=0.2168, ul=0.00000]
epoch 1:  83%|████████▎ | 519/625 [11:40<02:11,  1.24s/it, cont=0.2071, gate=0.2168, ul=0.00000]
epoch 1:  83%|████████▎ | 520/625 [11:41<02:19,  1.32s/it, cont=0.2071, gate=0.2168, ul=0.00000]
epoch 1:  83%|████████▎ | 521/625 [11:43<02:18,  1.33s/it, cont=0.2071, gate=0.2168, ul=0.00000]
epoch 1:  84%|████████▎ | 522/625 [11:44<02:16,  1.33s/it, cont=0.2071, gate=0.2168, ul=0.00000]
epoch 1:  84%|████████▎ | 523/625 [11:46<02:24,  1.42s/it, cont=0.2071, gate=0.2168, ul=0.00000]
epoch 1:  84%|████████▍ | 524/625 [11:47<02:15,  1.35s/it, cont=0.2071, gate=0.2168, ul=0.00000]
epoch 1:  84%|████████▍ | 525/625 [11:48<02:15,  1.36s/it, cont=0.2071, gate=0.2168, ul=0.00000]
epoch 1:  84%|████████▍ | 525/625 [11:49<02:15,  1.36s/it, cont=0.3078, gate=0.1042, ul=0.00001]
epoch 1:  84%|████████▍ | 526/625 [11:49<02:09,  1.31s/it, cont=0.3078, gate=0.1042, ul=0.00001]
epoch 1:  84%|████████▍ | 527/625 [11:51<02:08,  1.31s/it, cont=0.3078, gate=0.1042, ul=0.00001]
epoch 1:  84%|████████▍ | 528/625 [11:52<02:03,  1.27s/it, cont=0.3078, gate=0.1042, ul=0.00001]
epoch 1:  85%|████████▍ | 529/625 [11:53<02:03,  1.28s/it, cont=0.3078, gate=0.1042, ul=0.00001]
epoch 1:  85%|████████▍ | 530/625 [11:54<02:03,  1.30s/it, cont=0.3078, gate=0.1042, ul=0.00001]
epoch 1:  85%|████████▍ | 531/625 [11:56<02:03,  1.31s/it, cont=0.3078, gate=0.1042, ul=0.00001]
epoch 1:  85%|████████▌ | 532/625 [11:57<02:10,  1.40s/it, cont=0.3078, gate=0.1042, ul=0.00001]
epoch 1:  85%|████████▌ | 533/625 [11:59<02:06,  1.38s/it, cont=0.3078, gate=0.1042, ul=0.00001]
epoch 1:  85%|████████▌ | 534/625 [12:00<02:06,  1.39s/it, cont=0.3078, gate=0.1042, ul=0.00001]
epoch 1:  86%|████████▌ | 535/625 [12:01<02:00,  1.34s/it, cont=0.3078, gate=0.1042, ul=0.00001]
epoch 1:  86%|████████▌ | 536/625 [12:03<01:56,  1.31s/it, cont=0.3078, gate=0.1042, ul=0.00001]
epoch 1:  86%|████████▌ | 537/625 [12:04<01:52,  1.28s/it, cont=0.3078, gate=0.1042, ul=0.00001]
epoch 1:  86%|████████▌ | 538/625 [12:05<01:49,  1.26s/it, cont=0.3078, gate=0.1042, ul=0.00001]
epoch 1:  86%|████████▌ | 539/625 [12:06<01:49,  1.28s/it, cont=0.3078, gate=0.1042, ul=0.00001]
epoch 1:  86%|████████▋ | 540/625 [12:08<01:49,  1.28s/it, cont=0.3078, gate=0.1042, ul=0.00001]
epoch 1:  87%|████████▋ | 541/625 [12:09<01:50,  1.31s/it, cont=0.3078, gate=0.1042, ul=0.00001]
epoch 1:  87%|████████▋ | 542/625 [12:10<01:51,  1.35s/it, cont=0.3078, gate=0.1042, ul=0.00001]
epoch 1:  87%|████████▋ | 543/625 [12:12<01:47,  1.32s/it, cont=0.3078, gate=0.1042, ul=0.00001]
epoch 1:  87%|████████▋ | 544/625 [12:13<01:44,  1.29s/it, cont=0.3078, gate=0.1042, ul=0.00001]
epoch 1:  87%|████████▋ | 545/625 [12:14<01:50,  1.38s/it, cont=0.3078, gate=0.1042, ul=0.00001]
epoch 1:  87%|████████▋ | 546/625 [12:16<01:47,  1.37s/it, cont=0.3078, gate=0.1042, ul=0.00001]
epoch 1:  88%|████████▊ | 547/625 [12:18<01:55,  1.48s/it, cont=0.3078, gate=0.1042, ul=0.00001]
epoch 1:  88%|████████▊ | 548/625 [12:19<01:53,  1.47s/it, cont=0.3078, gate=0.1042, ul=0.00001]
epoch 1:  88%|████████▊ | 549/625 [12:20<01:49,  1.44s/it, cont=0.3078, gate=0.1042, ul=0.00001]
epoch 1:  88%|████████▊ | 550/625 [12:22<01:43,  1.38s/it, cont=0.3078, gate=0.1042, ul=0.00001]
epoch 1:  88%|████████▊ | 550/625 [12:23<01:43,  1.38s/it, cont=0.2084, gate=0.1205, ul=0.00000]
epoch 1:  88%|████████▊ | 551/625 [12:23<01:42,  1.39s/it, cont=0.2084, gate=0.1205, ul=0.00000]
epoch 1:  88%|████████▊ | 552/625 [12:24<01:38,  1.35s/it, cont=0.2084, gate=0.1205, ul=0.00000]
epoch 1:  88%|████████▊ | 553/625 [12:26<01:38,  1.36s/it, cont=0.2084, gate=0.1205, ul=0.00000]
epoch 1:  89%|████████▊ | 554/625 [12:27<01:34,  1.33s/it, cont=0.2084, gate=0.1205, ul=0.00000]
epoch 1:  89%|████████▉ | 555/625 [12:29<01:38,  1.41s/it, cont=0.2084, gate=0.1205, ul=0.00000]
epoch 1:  89%|████████▉ | 556/625 [12:30<01:37,  1.41s/it, cont=0.2084, gate=0.1205, ul=0.00000]
epoch 1:  89%|████████▉ | 557/625 [12:31<01:32,  1.36s/it, cont=0.2084, gate=0.1205, ul=0.00000]
epoch 1:  89%|████████▉ | 558/625 [12:32<01:28,  1.33s/it, cont=0.2084, gate=0.1205, ul=0.00000]
epoch 1:  89%|████████▉ | 559/625 [12:34<01:25,  1.29s/it, cont=0.2084, gate=0.1205, ul=0.00000]
epoch 1:  90%|████████▉ | 560/625 [12:35<01:24,  1.31s/it, cont=0.2084, gate=0.1205, ul=0.00000]
epoch 1:  90%|████████▉ | 561/625 [12:36<01:24,  1.32s/it, cont=0.2084, gate=0.1205, ul=0.00000]
epoch 1:  90%|████████▉ | 562/625 [12:38<01:23,  1.33s/it, cont=0.2084, gate=0.1205, ul=0.00000]
epoch 1:  90%|█████████ | 563/625 [12:39<01:21,  1.32s/it, cont=0.2084, gate=0.1205, ul=0.00000]
epoch 1:  90%|█████████ | 564/625 [12:40<01:18,  1.29s/it, cont=0.2084, gate=0.1205, ul=0.00000]
epoch 1:  90%|█████████ | 565/625 [12:41<01:15,  1.26s/it, cont=0.2084, gate=0.1205, ul=0.00000]
epoch 1:  91%|█████████ | 566/625 [12:43<01:23,  1.41s/it, cont=0.2084, gate=0.1205, ul=0.00000]
epoch 1:  91%|█████████ | 567/625 [12:45<01:22,  1.41s/it, cont=0.2084, gate=0.1205, ul=0.00000]
epoch 1:  91%|█████████ | 568/625 [12:46<01:18,  1.38s/it, cont=0.2084, gate=0.1205, ul=0.00000]
epoch 1:  91%|█████████ | 569/625 [12:47<01:18,  1.41s/it, cont=0.2084, gate=0.1205, ul=0.00000]
epoch 1:  91%|█████████ | 570/625 [12:49<01:16,  1.38s/it, cont=0.2084, gate=0.1205, ul=0.00000]
epoch 1:  91%|█████████▏| 571/625 [12:50<01:13,  1.36s/it, cont=0.2084, gate=0.1205, ul=0.00000]
epoch 1:  92%|█████████▏| 572/625 [12:52<01:17,  1.46s/it, cont=0.2084, gate=0.1205, ul=0.00000]
epoch 1:  92%|█████████▏| 573/625 [12:53<01:12,  1.39s/it, cont=0.2084, gate=0.1205, ul=0.00000]
epoch 1:  92%|█████████▏| 574/625 [12:54<01:09,  1.37s/it, cont=0.2084, gate=0.1205, ul=0.00000]
epoch 1:  92%|█████████▏| 575/625 [12:55<01:06,  1.33s/it, cont=0.2084, gate=0.1205, ul=0.00000]
epoch 1:  92%|█████████▏| 575/625 [12:57<01:06,  1.33s/it, cont=0.2185, gate=0.1551, ul=0.00000]
epoch 1:  92%|█████████▏| 576/625 [12:57<01:07,  1.39s/it, cont=0.2185, gate=0.1551, ul=0.00000]
epoch 1:  92%|█████████▏| 577/625 [12:58<01:05,  1.36s/it, cont=0.2185, gate=0.1551, ul=0.00000]
epoch 1:  92%|█████████▏| 578/625 [13:00<01:03,  1.35s/it, cont=0.2185, gate=0.1551, ul=0.00000]
epoch 1:  93%|█████████▎| 579/625 [13:01<01:02,  1.36s/it, cont=0.2185, gate=0.1551, ul=0.00000]
epoch 1:  93%|█████████▎| 580/625 [13:02<01:01,  1.37s/it, cont=0.2185, gate=0.1551, ul=0.00000]
epoch 1:  93%|█████████▎| 581/625 [13:04<00:59,  1.35s/it, cont=0.2185, gate=0.1551, ul=0.00000]
epoch 1:  93%|█████████▎| 582/625 [13:05<00:57,  1.33s/it, cont=0.2185, gate=0.1551, ul=0.00000]
epoch 1:  93%|█████████▎| 583/625 [13:06<00:54,  1.30s/it, cont=0.2185, gate=0.1551, ul=0.00000]
epoch 1:  93%|█████████▎| 584/625 [13:08<00:53,  1.30s/it, cont=0.2185, gate=0.1551, ul=0.00000]
epoch 1:  94%|█████████▎| 585/625 [13:09<00:51,  1.30s/it, cont=0.2185, gate=0.1551, ul=0.00000]
epoch 1:  94%|█████████▍| 586/625 [13:10<00:51,  1.31s/it, cont=0.2185, gate=0.1551, ul=0.00000]
epoch 1:  94%|█████████▍| 587/625 [13:12<00:51,  1.35s/it, cont=0.2185, gate=0.1551, ul=0.00000]
epoch 1:  94%|█████████▍| 588/625 [13:13<00:48,  1.32s/it, cont=0.2185, gate=0.1551, ul=0.00000]
epoch 1:  94%|█████████▍| 589/625 [13:14<00:46,  1.29s/it, cont=0.2185, gate=0.1551, ul=0.00000]
epoch 1:  94%|█████████▍| 590/625 [13:16<00:49,  1.40s/it, cont=0.2185, gate=0.1551, ul=0.00000]
epoch 1:  95%|█████████▍| 591/625 [13:17<00:47,  1.41s/it, cont=0.2185, gate=0.1551, ul=0.00000]
epoch 1:  95%|█████████▍| 592/625 [13:18<00:45,  1.37s/it, cont=0.2185, gate=0.1551, ul=0.00000]
epoch 1:  95%|█████████▍| 593/625 [13:20<00:44,  1.38s/it, cont=0.2185, gate=0.1551, ul=0.00000]
epoch 1:  95%|█████████▌| 594/625 [13:21<00:42,  1.36s/it, cont=0.2185, gate=0.1551, ul=0.00000]
epoch 1:  95%|█████████▌| 595/625 [13:23<00:43,  1.45s/it, cont=0.2185, gate=0.1551, ul=0.00000]
epoch 1:  95%|█████████▌| 596/625 [13:24<00:44,  1.52s/it, cont=0.2185, gate=0.1551, ul=0.00000]
epoch 1:  96%|█████████▌| 597/625 [13:26<00:41,  1.49s/it, cont=0.2185, gate=0.1551, ul=0.00000]
epoch 1:  96%|█████████▌| 598/625 [13:27<00:38,  1.44s/it, cont=0.2185, gate=0.1551, ul=0.00000]
epoch 1:  96%|█████████▌| 599/625 [13:28<00:35,  1.38s/it, cont=0.2185, gate=0.1551, ul=0.00000]
epoch 1:  96%|█████████▌| 600/625 [13:30<00:33,  1.34s/it, cont=0.2185, gate=0.1551, ul=0.00000]
epoch 1:  96%|█████████▌| 600/625 [13:32<00:33,  1.34s/it, cont=0.2435, gate=0.2168, ul=0.00000]
epoch 1:  96%|█████████▌| 601/625 [13:32<00:36,  1.52s/it, cont=0.2435, gate=0.2168, ul=0.00000]
epoch 1:  96%|█████████▋| 602/625 [13:33<00:34,  1.48s/it, cont=0.2435, gate=0.2168, ul=0.00000]
epoch 1:  96%|█████████▋| 603/625 [13:35<00:32,  1.48s/it, cont=0.2435, gate=0.2168, ul=0.00000]
epoch 1:  97%|█████████▋| 604/625 [13:36<00:30,  1.44s/it, cont=0.2435, gate=0.2168, ul=0.00000]
epoch 1:  97%|█████████▋| 605/625 [13:37<00:29,  1.47s/it, cont=0.2435, gate=0.2168, ul=0.00000]
epoch 1:  97%|█████████▋| 606/625 [13:39<00:27,  1.44s/it, cont=0.2435, gate=0.2168, ul=0.00000]
epoch 1:  97%|█████████▋| 607/625 [13:40<00:24,  1.38s/it, cont=0.2435, gate=0.2168, ul=0.00000]
epoch 1:  97%|█████████▋| 608/625 [13:42<00:24,  1.42s/it, cont=0.2435, gate=0.2168, ul=0.00000]
epoch 1:  97%|█████████▋| 609/625 [13:43<00:22,  1.42s/it, cont=0.2435, gate=0.2168, ul=0.00000]
epoch 1:  98%|█████████▊| 610/625 [13:44<00:20,  1.40s/it, cont=0.2435, gate=0.2168, ul=0.00000]
epoch 1:  98%|█████████▊| 611/625 [13:46<00:19,  1.40s/it, cont=0.2435, gate=0.2168, ul=0.00000]
epoch 1:  98%|█████████▊| 612/625 [13:47<00:17,  1.36s/it, cont=0.2435, gate=0.2168, ul=0.00000]
epoch 1:  98%|█████████▊| 613/625 [13:48<00:15,  1.32s/it, cont=0.2435, gate=0.2168, ul=0.00000]
epoch 1:  98%|█████████▊| 614/625 [13:49<00:14,  1.30s/it, cont=0.2435, gate=0.2168, ul=0.00000]
epoch 1:  98%|█████████▊| 615/625 [13:51<00:13,  1.30s/it, cont=0.2435, gate=0.2168, ul=0.00000]
epoch 1:  99%|█████████▊| 616/625 [13:52<00:11,  1.32s/it, cont=0.2435, gate=0.2168, ul=0.00000]
epoch 1:  99%|█████████▊| 617/625 [13:53<00:10,  1.29s/it, cont=0.2435, gate=0.2168, ul=0.00000]
epoch 1:  99%|█████████▉| 618/625 [13:55<00:09,  1.29s/it, cont=0.2435, gate=0.2168, ul=0.00000]
epoch 1:  99%|█████████▉| 619/625 [13:56<00:07,  1.28s/it, cont=0.2435, gate=0.2168, ul=0.00000]
epoch 1:  99%|█████████▉| 620/625 [13:57<00:06,  1.26s/it, cont=0.2435, gate=0.2168, ul=0.00000]
epoch 1:  99%|█████████▉| 621/625 [13:58<00:04,  1.24s/it, cont=0.2435, gate=0.2168, ul=0.00000]
epoch 1: 100%|█████████▉| 622/625 [13:59<00:03,  1.21s/it, cont=0.2435, gate=0.2168, ul=0.00000]
epoch 1: 100%|█████████▉| 623/625 [14:01<00:02,  1.22s/it, cont=0.2435, gate=0.2168, ul=0.00000]
epoch 1: 100%|█████████▉| 624/625 [14:02<00:01,  1.22s/it, cont=0.2435, gate=0.2168, ul=0.00000]
epoch 1: 100%|██████████| 625/625 [14:03<00:00,  1.24s/it, cont=0.2435, gate=0.2168, ul=0.00000]
epoch 1: 100%|██████████| 625/625 [14:03<00:00,  1.35s/it, cont=0.2435, gate=0.2168, ul=0.00000]
[coding-train] saved -> outputs/coding_zqmarker_ul
