nohup: ignoring input
Note: Environment variable`HF_TOKEN` is set and is the current active token independently from the token you've just configured.
[transformers] `torch_dtype` is deprecated! Use `dtype` instead!
Loading weights:   0%|          | 0/291 [00:00<?, ?it/s]
Loading weights:  31%|███       | 90/291 [00:00<00:00, 651.30it/s]
Loading weights:  57%|█████▋    | 167/291 [00:00<00:00, 673.55it/s]
Loading weights:  81%|████████  | 235/291 [00:00<00:00, 632.22it/s]
Loading weights: 100%|██████████| 291/291 [00:00<00:00, 639.95it/s]
trainable params: 83,886,080 || all params: 8,114,147,328 || trainable%: 1.0338
[symbolic-data] 12000 gate / 24000 cont; domain mix={'coding': 6023, 'math': 5977}; 18 train words, 7 train pairs
epoch 0:   0%|          | 0/750 [00:00<?, ?it/s]
epoch 0:   0%|          | 0/750 [00:02<?, ?it/s, cont=0.4898, gate=21.2671]
epoch 0:   0%|          | 1/750 [00:02<37:24,  3.00s/it, cont=0.4898, gate=21.2671]
epoch 0:   0%|          | 2/750 [00:04<25:35,  2.05s/it, cont=0.4898, gate=21.2671]
epoch 0:   0%|          | 3/750 [00:05<21:58,  1.77s/it, cont=0.4898, gate=21.2671]
epoch 0:   1%|          | 4/750 [00:07<20:10,  1.62s/it, cont=0.4898, gate=21.2671]
epoch 0:   1%|          | 5/750 [00:08<19:40,  1.58s/it, cont=0.4898, gate=21.2671]
epoch 0:   1%|          | 6/750 [00:10<19:40,  1.59s/it, cont=0.4898, gate=21.2671]
epoch 0:   1%|          | 7/750 [00:11<18:55,  1.53s/it, cont=0.4898, gate=21.2671]
epoch 0:   1%|          | 8/750 [00:13<18:37,  1.51s/it, cont=0.4898, gate=21.2671]
epoch 0:   1%|          | 9/750 [00:14<18:34,  1.50s/it, cont=0.4898, gate=21.2671]
epoch 0:   1%|▏         | 10/750 [00:16<18:13,  1.48s/it, cont=0.4898, gate=21.2671]
epoch 0:   1%|▏         | 11/750 [00:17<17:51,  1.45s/it, cont=0.4898, gate=21.2671]
epoch 0:   2%|▏         | 12/750 [00:19<18:03,  1.47s/it, cont=0.4898, gate=21.2671]
epoch 0:   2%|▏         | 13/750 [00:20<17:25,  1.42s/it, cont=0.4898, gate=21.2671]
epoch 0:   2%|▏         | 14/750 [00:21<17:52,  1.46s/it, cont=0.4898, gate=21.2671]
epoch 0:   2%|▏         | 15/750 [00:23<20:21,  1.66s/it, cont=0.4898, gate=21.2671]
epoch 0:   2%|▏         | 16/750 [00:25<20:10,  1.65s/it, cont=0.4898, gate=21.2671]
epoch 0:   2%|▏         | 17/750 [00:27<20:22,  1.67s/it, cont=0.4898, gate=21.2671]
epoch 0:   2%|▏         | 18/750 [00:28<20:14,  1.66s/it, cont=0.4898, gate=21.2671]
epoch 0:   3%|▎         | 19/750 [00:30<19:49,  1.63s/it, cont=0.4898, gate=21.2671]
epoch 0:   3%|▎         | 20/750 [00:31<18:55,  1.56s/it, cont=0.4898, gate=21.2671]
epoch 0:   3%|▎         | 21/750 [00:33<18:14,  1.50s/it, cont=0.4898, gate=21.2671]
epoch 0:   3%|▎         | 22/750 [00:34<18:11,  1.50s/it, cont=0.4898, gate=21.2671]
epoch 0:   3%|▎         | 23/750 [00:36<17:57,  1.48s/it, cont=0.4898, gate=21.2671]
epoch 0:   3%|▎         | 24/750 [00:37<17:50,  1.47s/it, cont=0.4898, gate=21.2671]
epoch 0:   3%|▎         | 25/750 [00:39<17:22,  1.44s/it, cont=0.4898, gate=21.2671]
epoch 0:   3%|▎         | 25/750 [00:40<17:22,  1.44s/it, cont=0.3651, gate=0.1234] 
epoch 0:   3%|▎         | 26/750 [00:40<17:17,  1.43s/it, cont=0.3651, gate=0.1234]
epoch 0:   4%|▎         | 27/750 [00:41<17:12,  1.43s/it, cont=0.3651, gate=0.1234]
epoch 0:   4%|▎         | 28/750 [00:43<17:09,  1.43s/it, cont=0.3651, gate=0.1234]
epoch 0:   4%|▍         | 29/750 [00:44<16:49,  1.40s/it, cont=0.3651, gate=0.1234]
epoch 0:   4%|▍         | 30/750 [00:46<17:02,  1.42s/it, cont=0.3651, gate=0.1234]
epoch 0:   4%|▍         | 31/750 [00:47<17:07,  1.43s/it, cont=0.3651, gate=0.1234]
epoch 0:   4%|▍         | 32/750 [00:49<17:13,  1.44s/it, cont=0.3651, gate=0.1234]
epoch 0:   4%|▍         | 33/750 [00:50<17:05,  1.43s/it, cont=0.3651, gate=0.1234]
epoch 0:   5%|▍         | 34/750 [00:51<16:50,  1.41s/it, cont=0.3651, gate=0.1234]
epoch 0:   5%|▍         | 35/750 [00:53<17:09,  1.44s/it, cont=0.3651, gate=0.1234]
epoch 0:   5%|▍         | 36/750 [00:54<17:16,  1.45s/it, cont=0.3651, gate=0.1234]
epoch 0:   5%|▍         | 37/750 [00:56<17:39,  1.49s/it, cont=0.3651, gate=0.1234]
epoch 0:   5%|▌         | 38/750 [00:57<17:48,  1.50s/it, cont=0.3651, gate=0.1234]
epoch 0:   5%|▌         | 39/750 [00:59<17:56,  1.51s/it, cont=0.3651, gate=0.1234]
epoch 0:   5%|▌         | 40/750 [01:00<17:54,  1.51s/it, cont=0.3651, gate=0.1234]
epoch 0:   5%|▌         | 41/750 [01:02<17:51,  1.51s/it, cont=0.3651, gate=0.1234]
epoch 0:   6%|▌         | 42/750 [01:03<17:28,  1.48s/it, cont=0.3651, gate=0.1234]
epoch 0:   6%|▌         | 43/750 [01:05<17:07,  1.45s/it, cont=0.3651, gate=0.1234]
epoch 0:   6%|▌         | 44/750 [01:06<17:32,  1.49s/it, cont=0.3651, gate=0.1234]
epoch 0:   6%|▌         | 45/750 [01:08<17:48,  1.52s/it, cont=0.3651, gate=0.1234]
epoch 0:   6%|▌         | 46/750 [01:09<17:27,  1.49s/it, cont=0.3651, gate=0.1234]
epoch 0:   6%|▋         | 47/750 [01:11<17:37,  1.50s/it, cont=0.3651, gate=0.1234]
epoch 0:   6%|▋         | 48/750 [01:12<17:10,  1.47s/it, cont=0.3651, gate=0.1234]
epoch 0:   7%|▋         | 49/750 [01:14<16:38,  1.42s/it, cont=0.3651, gate=0.1234]
epoch 0:   7%|▋         | 50/750 [01:15<16:48,  1.44s/it, cont=0.3651, gate=0.1234]
epoch 0:   7%|▋         | 50/750 [01:16<16:48,  1.44s/it, cont=0.4393, gate=0.3521]
epoch 0:   7%|▋         | 51/750 [01:16<16:41,  1.43s/it, cont=0.4393, gate=0.3521]
epoch 0:   7%|▋         | 52/750 [01:18<17:17,  1.49s/it, cont=0.4393, gate=0.3521]
epoch 0:   7%|▋         | 53/750 [01:20<17:08,  1.48s/it, cont=0.4393, gate=0.3521]
epoch 0:   7%|▋         | 54/750 [01:21<18:04,  1.56s/it, cont=0.4393, gate=0.3521]
epoch 0:   7%|▋         | 55/750 [01:23<17:56,  1.55s/it, cont=0.4393, gate=0.3521]
epoch 0:   7%|▋         | 56/750 [01:24<18:22,  1.59s/it, cont=0.4393, gate=0.3521]
epoch 0:   8%|▊         | 57/750 [01:26<18:19,  1.59s/it, cont=0.4393, gate=0.3521]
epoch 0:   8%|▊         | 58/750 [01:28<17:53,  1.55s/it, cont=0.4393, gate=0.3521]
epoch 0:   8%|▊         | 59/750 [01:29<17:21,  1.51s/it, cont=0.4393, gate=0.3521]
epoch 0:   8%|▊         | 60/750 [01:30<17:08,  1.49s/it, cont=0.4393, gate=0.3521]
epoch 0:   8%|▊         | 61/750 [01:32<17:08,  1.49s/it, cont=0.4393, gate=0.3521]
epoch 0:   8%|▊         | 62/750 [01:33<16:41,  1.46s/it, cont=0.4393, gate=0.3521]
epoch 0:   8%|▊         | 63/750 [01:35<17:39,  1.54s/it, cont=0.4393, gate=0.3521]
epoch 0:   9%|▊         | 64/750 [01:37<17:40,  1.55s/it, cont=0.4393, gate=0.3521]
epoch 0:   9%|▊         | 65/750 [01:38<17:24,  1.52s/it, cont=0.4393, gate=0.3521]
epoch 0:   9%|▉         | 66/750 [01:40<17:17,  1.52s/it, cont=0.4393, gate=0.3521]
epoch 0:   9%|▉         | 67/750 [01:41<17:13,  1.51s/it, cont=0.4393, gate=0.3521]
epoch 0:   9%|▉         | 68/750 [01:43<17:22,  1.53s/it, cont=0.4393, gate=0.3521]
epoch 0:   9%|▉         | 69/750 [01:44<17:55,  1.58s/it, cont=0.4393, gate=0.3521]
epoch 0:   9%|▉         | 70/750 [01:46<17:59,  1.59s/it, cont=0.4393, gate=0.3521]
epoch 0:   9%|▉         | 71/750 [01:47<18:00,  1.59s/it, cont=0.4393, gate=0.3521]
epoch 0:  10%|▉         | 72/750 [01:49<18:06,  1.60s/it, cont=0.4393, gate=0.3521]
epoch 0:  10%|▉         | 73/750 [01:51<18:25,  1.63s/it, cont=0.4393, gate=0.3521]
epoch 0:  10%|▉         | 74/750 [01:52<18:09,  1.61s/it, cont=0.4393, gate=0.3521]
epoch 0:  10%|█         | 75/750 [01:54<17:26,  1.55s/it, cont=0.4393, gate=0.3521]
epoch 0:  10%|█         | 75/750 [01:55<17:26,  1.55s/it, cont=0.2441, gate=0.1304]
epoch 0:  10%|█         | 76/750 [01:55<17:06,  1.52s/it, cont=0.2441, gate=0.1304]
epoch 0:  10%|█         | 77/750 [01:57<16:34,  1.48s/it, cont=0.2441, gate=0.1304]
epoch 0:  10%|█         | 78/750 [01:58<16:21,  1.46s/it, cont=0.2441, gate=0.1304]
epoch 0:  11%|█         | 79/750 [01:59<16:05,  1.44s/it, cont=0.2441, gate=0.1304]
epoch 0:  11%|█         | 80/750 [02:01<16:02,  1.44s/it, cont=0.2441, gate=0.1304]
epoch 0:  11%|█         | 81/750 [02:02<16:00,  1.44s/it, cont=0.2441, gate=0.1304]
epoch 0:  11%|█         | 82/750 [02:04<17:02,  1.53s/it, cont=0.2441, gate=0.1304]
epoch 0:  11%|█         | 83/750 [02:06<16:55,  1.52s/it, cont=0.2441, gate=0.1304]
epoch 0:  11%|█         | 84/750 [02:07<17:41,  1.59s/it, cont=0.2441, gate=0.1304]
epoch 0:  11%|█▏        | 85/750 [02:09<17:03,  1.54s/it, cont=0.2441, gate=0.1304]
epoch 0:  11%|█▏        | 86/750 [02:10<16:42,  1.51s/it, cont=0.2441, gate=0.1304]
epoch 0:  12%|█▏        | 87/750 [02:12<16:27,  1.49s/it, cont=0.2441, gate=0.1304]
epoch 0:  12%|█▏        | 88/750 [02:13<16:52,  1.53s/it, cont=0.2441, gate=0.1304]
epoch 0:  12%|█▏        | 89/750 [02:15<17:05,  1.55s/it, cont=0.2441, gate=0.1304]
epoch 0:  12%|█▏        | 90/750 [02:16<17:05,  1.55s/it, cont=0.2441, gate=0.1304]
epoch 0:  12%|█▏        | 91/750 [02:18<17:09,  1.56s/it, cont=0.2441, gate=0.1304]
epoch 0:  12%|█▏        | 92/750 [02:19<16:38,  1.52s/it, cont=0.2441, gate=0.1304]
epoch 0:  12%|█▏        | 93/750 [02:21<16:33,  1.51s/it, cont=0.2441, gate=0.1304]
epoch 0:  13%|█▎        | 94/750 [02:22<16:14,  1.48s/it, cont=0.2441, gate=0.1304]
epoch 0:  13%|█▎        | 95/750 [02:24<15:57,  1.46s/it, cont=0.2441, gate=0.1304]
epoch 0:  13%|█▎        | 96/750 [02:25<16:17,  1.49s/it, cont=0.2441, gate=0.1304]
epoch 0:  13%|█▎        | 97/750 [02:27<16:47,  1.54s/it, cont=0.2441, gate=0.1304]
epoch 0:  13%|█▎        | 98/750 [02:29<17:08,  1.58s/it, cont=0.2441, gate=0.1304]
epoch 0:  13%|█▎        | 99/750 [02:30<16:41,  1.54s/it, cont=0.2441, gate=0.1304]
epoch 0:  13%|█▎        | 100/750 [02:32<16:37,  1.53s/it, cont=0.2441, gate=0.1304]
epoch 0:  13%|█▎        | 100/750 [02:33<16:37,  1.53s/it, cont=0.2841, gate=0.2889]
epoch 0:  13%|█▎        | 101/750 [02:33<16:29,  1.52s/it, cont=0.2841, gate=0.2889]
epoch 0:  14%|█▎        | 102/750 [02:35<16:36,  1.54s/it, cont=0.2841, gate=0.2889]
epoch 0:  14%|█▎        | 103/750 [02:36<16:28,  1.53s/it, cont=0.2841, gate=0.2889]
epoch 0:  14%|█▍        | 104/750 [02:38<16:11,  1.50s/it, cont=0.2841, gate=0.2889]
epoch 0:  14%|█▍        | 105/750 [02:39<15:36,  1.45s/it, cont=0.2841, gate=0.2889]
epoch 0:  14%|█▍        | 106/750 [02:40<15:52,  1.48s/it, cont=0.2841, gate=0.2889]
epoch 0:  14%|█▍        | 107/750 [02:42<15:37,  1.46s/it, cont=0.2841, gate=0.2889]
epoch 0:  14%|█▍        | 108/750 [02:43<15:44,  1.47s/it, cont=0.2841, gate=0.2889]
epoch 0:  15%|█▍        | 109/750 [02:45<16:08,  1.51s/it, cont=0.2841, gate=0.2889]
epoch 0:  15%|█▍        | 110/750 [02:46<15:44,  1.48s/it, cont=0.2841, gate=0.2889]
epoch 0:  15%|█▍        | 111/750 [02:48<15:40,  1.47s/it, cont=0.2841, gate=0.2889]
epoch 0:  15%|█▍        | 112/750 [02:49<15:32,  1.46s/it, cont=0.2841, gate=0.2889]
epoch 0:  15%|█▌        | 113/750 [02:51<15:46,  1.49s/it, cont=0.2841, gate=0.2889]
epoch 0:  15%|█▌        | 114/750 [02:52<15:59,  1.51s/it, cont=0.2841, gate=0.2889]
epoch 0:  15%|█▌        | 115/750 [02:54<15:49,  1.50s/it, cont=0.2841, gate=0.2889]
epoch 0:  15%|█▌        | 116/750 [02:55<15:27,  1.46s/it, cont=0.2841, gate=0.2889]
epoch 0:  16%|█▌        | 117/750 [02:57<15:37,  1.48s/it, cont=0.2841, gate=0.2889]
epoch 0:  16%|█▌        | 118/750 [02:58<15:22,  1.46s/it, cont=0.2841, gate=0.2889]
epoch 0:  16%|█▌        | 119/750 [03:00<15:32,  1.48s/it, cont=0.2841, gate=0.2889]
epoch 0:  16%|█▌        | 120/750 [03:01<15:43,  1.50s/it, cont=0.2841, gate=0.2889]
epoch 0:  16%|█▌        | 121/750 [03:03<15:32,  1.48s/it, cont=0.2841, gate=0.2889]
epoch 0:  16%|█▋        | 122/750 [03:04<15:15,  1.46s/it, cont=0.2841, gate=0.2889]
epoch 0:  16%|█▋        | 123/750 [03:06<15:41,  1.50s/it, cont=0.2841, gate=0.2889]
epoch 0:  17%|█▋        | 124/750 [03:07<15:29,  1.49s/it, cont=0.2841, gate=0.2889]
epoch 0:  17%|█▋        | 125/750 [03:09<15:35,  1.50s/it, cont=0.2841, gate=0.2889]
epoch 0:  17%|█▋        | 125/750 [03:10<15:35,  1.50s/it, cont=0.2872, gate=0.2209]
epoch 0:  17%|█▋        | 126/750 [03:10<15:20,  1.48s/it, cont=0.2872, gate=0.2209]
epoch 0:  17%|█▋        | 127/750 [03:12<15:25,  1.49s/it, cont=0.2872, gate=0.2209]
epoch 0:  17%|█▋        | 128/750 [03:13<15:29,  1.49s/it, cont=0.2872, gate=0.2209]
epoch 0:  17%|█▋        | 129/750 [03:15<16:08,  1.56s/it, cont=0.2872, gate=0.2209]
epoch 0:  17%|█▋        | 130/750 [03:16<15:50,  1.53s/it, cont=0.2872, gate=0.2209]
epoch 0:  17%|█▋        | 131/750 [03:18<15:33,  1.51s/it, cont=0.2872, gate=0.2209]
epoch 0:  18%|█▊        | 132/750 [03:19<15:13,  1.48s/it, cont=0.2872, gate=0.2209]
epoch 0:  18%|█▊        | 133/750 [03:21<15:34,  1.51s/it, cont=0.2872, gate=0.2209]
epoch 0:  18%|█▊        | 134/750 [03:22<15:42,  1.53s/it, cont=0.2872, gate=0.2209]
epoch 0:  18%|█▊        | 135/750 [03:24<15:39,  1.53s/it, cont=0.2872, gate=0.2209]
epoch 0:  18%|█▊        | 136/750 [03:25<15:16,  1.49s/it, cont=0.2872, gate=0.2209]
epoch 0:  18%|█▊        | 137/750 [03:27<15:10,  1.49s/it, cont=0.2872, gate=0.2209]
epoch 0:  18%|█▊        | 138/750 [03:28<14:49,  1.45s/it, cont=0.2872, gate=0.2209]
epoch 0:  19%|█▊        | 139/750 [03:30<15:18,  1.50s/it, cont=0.2872, gate=0.2209]
epoch 0:  19%|█▊        | 140/750 [03:31<15:47,  1.55s/it, cont=0.2872, gate=0.2209]
epoch 0:  19%|█▉        | 141/750 [03:33<15:40,  1.54s/it, cont=0.2872, gate=0.2209]
epoch 0:  19%|█▉        | 142/750 [03:34<15:09,  1.50s/it, cont=0.2872, gate=0.2209]
epoch 0:  19%|█▉        | 143/750 [03:36<14:58,  1.48s/it, cont=0.2872, gate=0.2209]
epoch 0:  19%|█▉        | 144/750 [03:37<15:19,  1.52s/it, cont=0.2872, gate=0.2209]
epoch 0:  19%|█▉        | 145/750 [03:39<15:06,  1.50s/it, cont=0.2872, gate=0.2209]
epoch 0:  19%|█▉        | 146/750 [03:40<15:35,  1.55s/it, cont=0.2872, gate=0.2209]
epoch 0:  20%|█▉        | 147/750 [03:42<15:02,  1.50s/it, cont=0.2872, gate=0.2209]
epoch 0:  20%|█▉        | 148/750 [03:43<14:34,  1.45s/it, cont=0.2872, gate=0.2209]
epoch 0:  20%|█▉        | 149/750 [03:45<15:26,  1.54s/it, cont=0.2872, gate=0.2209]
epoch 0:  20%|██        | 150/750 [03:46<15:09,  1.52s/it, cont=0.2872, gate=0.2209]
epoch 0:  20%|██        | 150/750 [03:48<15:09,  1.52s/it, cont=0.2365, gate=0.1782]
epoch 0:  20%|██        | 151/750 [03:48<14:40,  1.47s/it, cont=0.2365, gate=0.1782]
epoch 0:  20%|██        | 152/750 [03:49<14:36,  1.47s/it, cont=0.2365, gate=0.1782]
epoch 0:  20%|██        | 153/750 [03:51<14:49,  1.49s/it, cont=0.2365, gate=0.1782]
epoch 0:  21%|██        | 154/750 [03:52<15:07,  1.52s/it, cont=0.2365, gate=0.1782]
epoch 0:  21%|██        | 155/750 [03:54<16:29,  1.66s/it, cont=0.2365, gate=0.1782]
epoch 0:  21%|██        | 156/750 [03:56<16:01,  1.62s/it, cont=0.2365, gate=0.1782]
epoch 0:  21%|██        | 157/750 [03:57<16:02,  1.62s/it, cont=0.2365, gate=0.1782]
epoch 0:  21%|██        | 158/750 [03:59<15:32,  1.58s/it, cont=0.2365, gate=0.1782]
epoch 0:  21%|██        | 159/750 [04:00<15:10,  1.54s/it, cont=0.2365, gate=0.1782]
epoch 0:  21%|██▏       | 160/750 [04:02<14:54,  1.52s/it, cont=0.2365, gate=0.1782]
epoch 0:  21%|██▏       | 161/750 [04:03<14:56,  1.52s/it, cont=0.2365, gate=0.1782]
epoch 0:  22%|██▏       | 162/750 [04:05<14:43,  1.50s/it, cont=0.2365, gate=0.1782]
epoch 0:  22%|██▏       | 163/750 [04:06<14:27,  1.48s/it, cont=0.2365, gate=0.1782]
epoch 0:  22%|██▏       | 164/750 [04:08<14:12,  1.46s/it, cont=0.2365, gate=0.1782]
epoch 0:  22%|██▏       | 165/750 [04:09<14:16,  1.46s/it, cont=0.2365, gate=0.1782]
epoch 0:  22%|██▏       | 166/750 [04:11<14:29,  1.49s/it, cont=0.2365, gate=0.1782]
epoch 0:  22%|██▏       | 167/750 [04:12<14:16,  1.47s/it, cont=0.2365, gate=0.1782]
epoch 0:  22%|██▏       | 168/750 [04:13<13:54,  1.43s/it, cont=0.2365, gate=0.1782]
epoch 0:  23%|██▎       | 169/750 [04:15<13:39,  1.41s/it, cont=0.2365, gate=0.1782]
epoch 0:  23%|██▎       | 170/750 [04:16<14:03,  1.45s/it, cont=0.2365, gate=0.1782]
epoch 0:  23%|██▎       | 171/750 [04:18<14:14,  1.48s/it, cont=0.2365, gate=0.1782]
epoch 0:  23%|██▎       | 172/750 [04:19<14:01,  1.46s/it, cont=0.2365, gate=0.1782]
epoch 0:  23%|██▎       | 173/750 [04:21<15:13,  1.58s/it, cont=0.2365, gate=0.1782]
epoch 0:  23%|██▎       | 174/750 [04:23<14:43,  1.53s/it, cont=0.2365, gate=0.1782]
epoch 0:  23%|██▎       | 175/750 [04:24<14:33,  1.52s/it, cont=0.2365, gate=0.1782]
epoch 0:  23%|██▎       | 175/750 [04:26<14:33,  1.52s/it, cont=0.2559, gate=0.1079]
epoch 0:  23%|██▎       | 176/750 [04:26<14:22,  1.50s/it, cont=0.2559, gate=0.1079]
epoch 0:  24%|██▎       | 177/750 [04:27<14:03,  1.47s/it, cont=0.2559, gate=0.1079]
epoch 0:  24%|██▎       | 178/750 [04:29<14:12,  1.49s/it, cont=0.2559, gate=0.1079]
epoch 0:  24%|██▍       | 179/750 [04:30<14:12,  1.49s/it, cont=0.2559, gate=0.1079]
epoch 0:  24%|██▍       | 180/750 [04:31<14:01,  1.48s/it, cont=0.2559, gate=0.1079]
epoch 0:  24%|██▍       | 181/750 [04:33<13:55,  1.47s/it, cont=0.2559, gate=0.1079]
epoch 0:  24%|██▍       | 182/750 [04:34<14:15,  1.51s/it, cont=0.2559, gate=0.1079]
epoch 0:  24%|██▍       | 183/750 [04:36<14:07,  1.49s/it, cont=0.2559, gate=0.1079]
epoch 0:  25%|██▍       | 184/750 [04:37<13:59,  1.48s/it, cont=0.2559, gate=0.1079]
epoch 0:  25%|██▍       | 185/750 [04:39<13:59,  1.49s/it, cont=0.2559, gate=0.1079]
epoch 0:  25%|██▍       | 186/750 [04:40<13:45,  1.46s/it, cont=0.2559, gate=0.1079]
epoch 0:  25%|██▍       | 187/750 [04:42<13:38,  1.45s/it, cont=0.2559, gate=0.1079]
epoch 0:  25%|██▌       | 188/750 [04:43<13:23,  1.43s/it, cont=0.2559, gate=0.1079]
epoch 0:  25%|██▌       | 189/750 [04:45<13:33,  1.45s/it, cont=0.2559, gate=0.1079]
epoch 0:  25%|██▌       | 190/750 [04:46<13:42,  1.47s/it, cont=0.2559, gate=0.1079]
epoch 0:  25%|██▌       | 191/750 [04:48<13:56,  1.50s/it, cont=0.2559, gate=0.1079]
epoch 0:  26%|██▌       | 192/750 [04:49<13:39,  1.47s/it, cont=0.2559, gate=0.1079]
epoch 0:  26%|██▌       | 193/750 [04:50<13:15,  1.43s/it, cont=0.2559, gate=0.1079]
epoch 0:  26%|██▌       | 194/750 [04:52<13:59,  1.51s/it, cont=0.2559, gate=0.1079]
epoch 0:  26%|██▌       | 195/750 [04:54<14:05,  1.52s/it, cont=0.2559, gate=0.1079]
epoch 0:  26%|██▌       | 196/750 [04:55<14:01,  1.52s/it, cont=0.2559, gate=0.1079]
epoch 0:  26%|██▋       | 197/750 [04:57<14:43,  1.60s/it, cont=0.2559, gate=0.1079]
epoch 0:  26%|██▋       | 198/750 [04:58<14:27,  1.57s/it, cont=0.2559, gate=0.1079]
epoch 0:  27%|██▋       | 199/750 [05:00<14:13,  1.55s/it, cont=0.2559, gate=0.1079]
epoch 0:  27%|██▋       | 200/750 [05:01<14:00,  1.53s/it, cont=0.2559, gate=0.1079]
epoch 0:  27%|██▋       | 200/750 [05:03<14:00,  1.53s/it, cont=0.3372, gate=0.1560]
epoch 0:  27%|██▋       | 201/750 [05:03<13:57,  1.53s/it, cont=0.3372, gate=0.1560]
epoch 0:  27%|██▋       | 202/750 [05:04<13:44,  1.50s/it, cont=0.3372, gate=0.1560]
epoch 0:  27%|██▋       | 203/750 [05:06<13:41,  1.50s/it, cont=0.3372, gate=0.1560]
epoch 0:  27%|██▋       | 204/750 [05:08<13:51,  1.52s/it, cont=0.3372, gate=0.1560]
epoch 0:  27%|██▋       | 205/750 [05:09<13:47,  1.52s/it, cont=0.3372, gate=0.1560]
epoch 0:  27%|██▋       | 206/750 [05:10<13:20,  1.47s/it, cont=0.3372, gate=0.1560]
epoch 0:  28%|██▊       | 207/750 [05:12<13:09,  1.45s/it, cont=0.3372, gate=0.1560]
epoch 0:  28%|██▊       | 208/750 [05:13<13:21,  1.48s/it, cont=0.3372, gate=0.1560]
epoch 0:  28%|██▊       | 209/750 [05:15<13:08,  1.46s/it, cont=0.3372, gate=0.1560]
epoch 0:  28%|██▊       | 210/750 [05:16<13:16,  1.47s/it, cont=0.3372, gate=0.1560]
epoch 0:  28%|██▊       | 211/750 [05:18<13:19,  1.48s/it, cont=0.3372, gate=0.1560]
epoch 0:  28%|██▊       | 212/750 [05:19<12:55,  1.44s/it, cont=0.3372, gate=0.1560]
epoch 0:  28%|██▊       | 213/750 [05:21<12:50,  1.43s/it, cont=0.3372, gate=0.1560]
epoch 0:  29%|██▊       | 214/750 [05:22<13:03,  1.46s/it, cont=0.3372, gate=0.1560]
epoch 0:  29%|██▊       | 215/750 [05:24<13:29,  1.51s/it, cont=0.3372, gate=0.1560]
epoch 0:  29%|██▉       | 216/750 [05:25<13:33,  1.52s/it, cont=0.3372, gate=0.1560]
epoch 0:  29%|██▉       | 217/750 [05:27<13:13,  1.49s/it, cont=0.3372, gate=0.1560]
epoch 0:  29%|██▉       | 218/750 [05:28<13:01,  1.47s/it, cont=0.3372, gate=0.1560]
epoch 0:  29%|██▉       | 219/750 [05:30<13:22,  1.51s/it, cont=0.3372, gate=0.1560]
epoch 0:  29%|██▉       | 220/750 [05:31<13:30,  1.53s/it, cont=0.3372, gate=0.1560]
epoch 0:  29%|██▉       | 221/750 [05:33<14:11,  1.61s/it, cont=0.3372, gate=0.1560]
epoch 0:  30%|██▉       | 222/750 [05:35<14:11,  1.61s/it, cont=0.3372, gate=0.1560]
epoch 0:  30%|██▉       | 223/750 [05:36<13:39,  1.55s/it, cont=0.3372, gate=0.1560]
epoch 0:  30%|██▉       | 224/750 [05:37<13:17,  1.52s/it, cont=0.3372, gate=0.1560]
epoch 0:  30%|███       | 225/750 [05:39<12:45,  1.46s/it, cont=0.3372, gate=0.1560]
epoch 0:  30%|███       | 225/750 [05:40<12:45,  1.46s/it, cont=0.3471, gate=0.1253]
epoch 0:  30%|███       | 226/750 [05:40<12:43,  1.46s/it, cont=0.3471, gate=0.1253]
epoch 0:  30%|███       | 227/750 [05:42<12:43,  1.46s/it, cont=0.3471, gate=0.1253]
epoch 0:  30%|███       | 228/750 [05:43<13:05,  1.50s/it, cont=0.3471, gate=0.1253]
epoch 0:  31%|███       | 229/750 [05:45<12:33,  1.45s/it, cont=0.3471, gate=0.1253]
epoch 0:  31%|███       | 230/750 [05:46<12:43,  1.47s/it, cont=0.3471, gate=0.1253]
epoch 0:  31%|███       | 231/750 [05:48<12:53,  1.49s/it, cont=0.3471, gate=0.1253]
epoch 0:  31%|███       | 232/750 [05:49<12:44,  1.48s/it, cont=0.3471, gate=0.1253]
epoch 0:  31%|███       | 233/750 [05:50<12:08,  1.41s/it, cont=0.3471, gate=0.1253]
epoch 0:  31%|███       | 234/750 [05:52<12:13,  1.42s/it, cont=0.3471, gate=0.1253]
epoch 0:  31%|███▏      | 235/750 [05:53<12:18,  1.43s/it, cont=0.3471, gate=0.1253]
epoch 0:  31%|███▏      | 236/750 [05:55<12:48,  1.50s/it, cont=0.3471, gate=0.1253]
epoch 0:  32%|███▏      | 237/750 [05:56<12:37,  1.48s/it, cont=0.3471, gate=0.1253]
epoch 0:  32%|███▏      | 238/750 [05:58<12:34,  1.47s/it, cont=0.3471, gate=0.1253]
epoch 0:  32%|███▏      | 239/750 [05:59<12:52,  1.51s/it, cont=0.3471, gate=0.1253]
epoch 0:  32%|███▏      | 240/750 [06:01<12:34,  1.48s/it, cont=0.3471, gate=0.1253]
epoch 0:  32%|███▏      | 241/750 [06:02<12:34,  1.48s/it, cont=0.3471, gate=0.1253]
epoch 0:  32%|███▏      | 242/750 [06:04<12:42,  1.50s/it, cont=0.3471, gate=0.1253]
epoch 0:  32%|███▏      | 243/750 [06:05<12:41,  1.50s/it, cont=0.3471, gate=0.1253]
epoch 0:  33%|███▎      | 244/750 [06:07<12:21,  1.47s/it, cont=0.3471, gate=0.1253]
epoch 0:  33%|███▎      | 245/750 [06:08<12:04,  1.43s/it, cont=0.3471, gate=0.1253]
epoch 0:  33%|███▎      | 246/750 [06:10<12:01,  1.43s/it, cont=0.3471, gate=0.1253]
epoch 0:  33%|███▎      | 247/750 [06:11<12:10,  1.45s/it, cont=0.3471, gate=0.1253]
epoch 0:  33%|███▎      | 248/750 [06:13<12:12,  1.46s/it, cont=0.3471, gate=0.1253]
epoch 0:  33%|███▎      | 249/750 [06:14<13:03,  1.56s/it, cont=0.3471, gate=0.1253]
epoch 0:  33%|███▎      | 250/750 [06:16<12:43,  1.53s/it, cont=0.3471, gate=0.1253]
epoch 0:  33%|███▎      | 250/750 [06:17<12:43,  1.53s/it, cont=0.2467, gate=0.1469]
epoch 0:  33%|███▎      | 251/750 [06:17<12:39,  1.52s/it, cont=0.2467, gate=0.1469]
epoch 0:  34%|███▎      | 252/750 [06:19<12:29,  1.50s/it, cont=0.2467, gate=0.1469]
epoch 0:  34%|███▎      | 253/750 [06:20<12:26,  1.50s/it, cont=0.2467, gate=0.1469]
epoch 0:  34%|███▍      | 254/750 [06:22<12:08,  1.47s/it, cont=0.2467, gate=0.1469]
epoch 0:  34%|███▍      | 255/750 [06:23<12:06,  1.47s/it, cont=0.2467, gate=0.1469]
epoch 0:  34%|███▍      | 256/750 [06:25<12:07,  1.47s/it, cont=0.2467, gate=0.1469]
epoch 0:  34%|███▍      | 257/750 [06:26<11:59,  1.46s/it, cont=0.2467, gate=0.1469]
epoch 0:  34%|███▍      | 258/750 [06:28<12:02,  1.47s/it, cont=0.2467, gate=0.1469]
epoch 0:  35%|███▍      | 259/750 [06:29<12:05,  1.48s/it, cont=0.2467, gate=0.1469]
epoch 0:  35%|███▍      | 260/750 [06:30<11:41,  1.43s/it, cont=0.2467, gate=0.1469]
epoch 0:  35%|███▍      | 261/750 [06:32<11:49,  1.45s/it, cont=0.2467, gate=0.1469]
epoch 0:  35%|███▍      | 262/750 [06:33<11:57,  1.47s/it, cont=0.2467, gate=0.1469]
epoch 0:  35%|███▌      | 263/750 [06:35<11:51,  1.46s/it, cont=0.2467, gate=0.1469]
epoch 0:  35%|███▌      | 264/750 [06:36<12:14,  1.51s/it, cont=0.2467, gate=0.1469]
epoch 0:  35%|███▌      | 265/750 [06:38<12:19,  1.53s/it, cont=0.2467, gate=0.1469]
epoch 0:  35%|███▌      | 266/750 [06:39<12:02,  1.49s/it, cont=0.2467, gate=0.1469]
epoch 0:  36%|███▌      | 267/750 [06:41<12:25,  1.54s/it, cont=0.2467, gate=0.1469]
epoch 0:  36%|███▌      | 268/750 [06:43<12:17,  1.53s/it, cont=0.2467, gate=0.1469]
epoch 0:  36%|███▌      | 269/750 [06:44<12:07,  1.51s/it, cont=0.2467, gate=0.1469]
epoch 0:  36%|███▌      | 270/750 [06:45<11:47,  1.47s/it, cont=0.2467, gate=0.1469]
epoch 0:  36%|███▌      | 271/750 [06:47<11:37,  1.46s/it, cont=0.2467, gate=0.1469]
epoch 0:  36%|███▋      | 272/750 [06:48<11:35,  1.45s/it, cont=0.2467, gate=0.1469]
epoch 0:  36%|███▋      | 273/750 [06:50<12:16,  1.54s/it, cont=0.2467, gate=0.1469]
epoch 0:  37%|███▋      | 274/750 [06:51<12:01,  1.52s/it, cont=0.2467, gate=0.1469]
epoch 0:  37%|███▋      | 275/750 [06:53<12:06,  1.53s/it, cont=0.2467, gate=0.1469]
epoch 0:  37%|███▋      | 275/750 [06:55<12:06,  1.53s/it, cont=0.3666, gate=0.0742]
epoch 0:  37%|███▋      | 276/750 [06:55<12:07,  1.54s/it, cont=0.3666, gate=0.0742]
epoch 0:  37%|███▋      | 277/750 [06:56<12:00,  1.52s/it, cont=0.3666, gate=0.0742]
epoch 0:  37%|███▋      | 278/750 [06:58<11:53,  1.51s/it, cont=0.3666, gate=0.0742]
epoch 0:  37%|███▋      | 279/750 [06:59<11:34,  1.48s/it, cont=0.3666, gate=0.0742]
epoch 0:  37%|███▋      | 280/750 [07:00<11:30,  1.47s/it, cont=0.3666, gate=0.0742]
epoch 0:  37%|███▋      | 281/750 [07:02<11:36,  1.48s/it, cont=0.3666, gate=0.0742]
epoch 0:  38%|███▊      | 282/750 [07:03<11:30,  1.47s/it, cont=0.3666, gate=0.0742]
epoch 0:  38%|███▊      | 283/750 [07:05<11:57,  1.54s/it, cont=0.3666, gate=0.0742]
epoch 0:  38%|███▊      | 284/750 [07:06<11:35,  1.49s/it, cont=0.3666, gate=0.0742]
epoch 0:  38%|███▊      | 285/750 [07:08<11:11,  1.44s/it, cont=0.3666, gate=0.0742]
epoch 0:  38%|███▊      | 286/750 [07:10<11:49,  1.53s/it, cont=0.3666, gate=0.0742]
epoch 0:  38%|███▊      | 287/750 [07:11<11:44,  1.52s/it, cont=0.3666, gate=0.0742]
epoch 0:  38%|███▊      | 288/750 [07:12<11:21,  1.47s/it, cont=0.3666, gate=0.0742]
epoch 0:  39%|███▊      | 289/750 [07:14<11:24,  1.48s/it, cont=0.3666, gate=0.0742]
epoch 0:  39%|███▊      | 290/750 [07:15<11:19,  1.48s/it, cont=0.3666, gate=0.0742]
epoch 0:  39%|███▉      | 291/750 [07:17<11:37,  1.52s/it, cont=0.3666, gate=0.0742]
epoch 0:  39%|███▉      | 292/750 [07:19<11:38,  1.52s/it, cont=0.3666, gate=0.0742]
epoch 0:  39%|███▉      | 293/750 [07:20<11:29,  1.51s/it, cont=0.3666, gate=0.0742]
epoch 0:  39%|███▉      | 294/750 [07:21<11:28,  1.51s/it, cont=0.3666, gate=0.0742]
epoch 0:  39%|███▉      | 295/750 [07:23<11:12,  1.48s/it, cont=0.3666, gate=0.0742]
epoch 0:  39%|███▉      | 296/750 [07:24<11:09,  1.47s/it, cont=0.3666, gate=0.0742]
epoch 0:  40%|███▉      | 297/750 [07:26<10:53,  1.44s/it, cont=0.3666, gate=0.0742]
epoch 0:  40%|███▉      | 298/750 [07:27<10:58,  1.46s/it, cont=0.3666, gate=0.0742]
epoch 0:  40%|███▉      | 299/750 [07:29<10:46,  1.43s/it, cont=0.3666, gate=0.0742]
epoch 0:  40%|████      | 300/750 [07:30<10:43,  1.43s/it, cont=0.3666, gate=0.0742]
epoch 0:  40%|████      | 300/750 [07:31<10:43,  1.43s/it, cont=0.3412, gate=0.1498]
epoch 0:  40%|████      | 301/750 [07:31<10:32,  1.41s/it, cont=0.3412, gate=0.1498]
epoch 0:  40%|████      | 302/750 [07:33<10:32,  1.41s/it, cont=0.3412, gate=0.1498]
epoch 0:  40%|████      | 303/750 [07:34<10:30,  1.41s/it, cont=0.3412, gate=0.1498]
epoch 0:  41%|████      | 304/750 [07:36<10:31,  1.42s/it, cont=0.3412, gate=0.1498]
epoch 0:  41%|████      | 305/750 [07:37<10:25,  1.40s/it, cont=0.3412, gate=0.1498]
epoch 0:  41%|████      | 306/750 [07:38<10:18,  1.39s/it, cont=0.3412, gate=0.1498]
epoch 0:  41%|████      | 307/750 [07:40<10:43,  1.45s/it, cont=0.3412, gate=0.1498]
epoch 0:  41%|████      | 308/750 [07:41<10:39,  1.45s/it, cont=0.3412, gate=0.1498]
epoch 0:  41%|████      | 309/750 [07:43<10:49,  1.47s/it, cont=0.3412, gate=0.1498]
epoch 0:  41%|████▏     | 310/750 [07:44<10:41,  1.46s/it, cont=0.3412, gate=0.1498]
epoch 0:  41%|████▏     | 311/750 [07:46<10:36,  1.45s/it, cont=0.3412, gate=0.1498]
epoch 0:  42%|████▏     | 312/750 [07:47<10:26,  1.43s/it, cont=0.3412, gate=0.1498]
epoch 0:  42%|████▏     | 313/750 [07:49<10:37,  1.46s/it, cont=0.3412, gate=0.1498]
epoch 0:  42%|████▏     | 314/750 [07:50<10:38,  1.47s/it, cont=0.3412, gate=0.1498]
epoch 0:  42%|████▏     | 315/750 [07:52<11:04,  1.53s/it, cont=0.3412, gate=0.1498]
epoch 0:  42%|████▏     | 316/750 [07:53<11:02,  1.53s/it, cont=0.3412, gate=0.1498]
epoch 0:  42%|████▏     | 317/750 [07:55<11:01,  1.53s/it, cont=0.3412, gate=0.1498]
epoch 0:  42%|████▏     | 318/750 [07:56<10:51,  1.51s/it, cont=0.3412, gate=0.1498]
epoch 0:  43%|████▎     | 319/750 [07:58<10:41,  1.49s/it, cont=0.3412, gate=0.1498]
epoch 0:  43%|████▎     | 320/750 [07:59<10:30,  1.47s/it, cont=0.3412, gate=0.1498]
epoch 0:  43%|████▎     | 321/750 [08:01<10:38,  1.49s/it, cont=0.3412, gate=0.1498]
epoch 0:  43%|████▎     | 322/750 [08:02<10:47,  1.51s/it, cont=0.3412, gate=0.1498]
epoch 0:  43%|████▎     | 323/750 [08:04<10:32,  1.48s/it, cont=0.3412, gate=0.1498]
epoch 0:  43%|████▎     | 324/750 [08:05<10:33,  1.49s/it, cont=0.3412, gate=0.1498]
epoch 0:  43%|████▎     | 325/750 [08:07<10:38,  1.50s/it, cont=0.3412, gate=0.1498]
epoch 0:  43%|████▎     | 325/750 [08:08<10:38,  1.50s/it, cont=0.2568, gate=0.1685]
epoch 0:  43%|████▎     | 326/750 [08:08<10:31,  1.49s/it, cont=0.2568, gate=0.1685]
epoch 0:  44%|████▎     | 327/750 [08:10<10:27,  1.48s/it, cont=0.2568, gate=0.1685]
epoch 0:  44%|████▎     | 328/750 [08:11<10:36,  1.51s/it, cont=0.2568, gate=0.1685]
epoch 0:  44%|████▍     | 329/750 [08:13<10:22,  1.48s/it, cont=0.2568, gate=0.1685]
epoch 0:  44%|████▍     | 330/750 [08:14<10:23,  1.48s/it, cont=0.2568, gate=0.1685]
epoch 0:  44%|████▍     | 331/750 [08:16<10:13,  1.46s/it, cont=0.2568, gate=0.1685]
epoch 0:  44%|████▍     | 332/750 [08:17<10:16,  1.47s/it, cont=0.2568, gate=0.1685]
epoch 0:  44%|████▍     | 333/750 [08:19<10:42,  1.54s/it, cont=0.2568, gate=0.1685]
epoch 0:  45%|████▍     | 334/750 [08:20<10:20,  1.49s/it, cont=0.2568, gate=0.1685]
epoch 0:  45%|████▍     | 335/750 [08:22<10:13,  1.48s/it, cont=0.2568, gate=0.1685]
epoch 0:  45%|████▍     | 336/750 [08:23<10:04,  1.46s/it, cont=0.2568, gate=0.1685]
epoch 0:  45%|████▍     | 337/750 [08:25<10:07,  1.47s/it, cont=0.2568, gate=0.1685]
epoch 0:  45%|████▌     | 338/750 [08:26<10:09,  1.48s/it, cont=0.2568, gate=0.1685]
epoch 0:  45%|████▌     | 339/750 [08:27<10:01,  1.46s/it, cont=0.2568, gate=0.1685]
epoch 0:  45%|████▌     | 340/750 [08:29<10:04,  1.47s/it, cont=0.2568, gate=0.1685]
epoch 0:  45%|████▌     | 341/750 [08:30<09:42,  1.42s/it, cont=0.2568, gate=0.1685]
epoch 0:  46%|████▌     | 342/750 [08:32<10:37,  1.56s/it, cont=0.2568, gate=0.1685]
epoch 0:  46%|████▌     | 343/750 [08:34<10:28,  1.54s/it, cont=0.2568, gate=0.1685]
epoch 0:  46%|████▌     | 344/750 [08:35<10:43,  1.59s/it, cont=0.2568, gate=0.1685]
epoch 0:  46%|████▌     | 345/750 [08:37<11:03,  1.64s/it, cont=0.2568, gate=0.1685]
epoch 0:  46%|████▌     | 346/750 [08:39<10:33,  1.57s/it, cont=0.2568, gate=0.1685]
epoch 0:  46%|████▋     | 347/750 [08:40<10:12,  1.52s/it, cont=0.2568, gate=0.1685]
epoch 0:  46%|████▋     | 348/750 [08:41<10:10,  1.52s/it, cont=0.2568, gate=0.1685]
epoch 0:  47%|████▋     | 349/750 [08:43<10:00,  1.50s/it, cont=0.2568, gate=0.1685]
epoch 0:  47%|████▋     | 350/750 [08:44<09:51,  1.48s/it, cont=0.2568, gate=0.1685]
epoch 0:  47%|████▋     | 350/750 [08:46<09:51,  1.48s/it, cont=0.2822, gate=0.1138]
epoch 0:  47%|████▋     | 351/750 [08:46<09:58,  1.50s/it, cont=0.2822, gate=0.1138]
epoch 0:  47%|████▋     | 352/750 [08:47<09:54,  1.49s/it, cont=0.2822, gate=0.1138]
epoch 0:  47%|████▋     | 353/750 [08:49<09:43,  1.47s/it, cont=0.2822, gate=0.1138]
epoch 0:  47%|████▋     | 354/750 [08:50<09:34,  1.45s/it, cont=0.2822, gate=0.1138]
epoch 0:  47%|████▋     | 355/750 [08:52<09:47,  1.49s/it, cont=0.2822, gate=0.1138]
epoch 0:  47%|████▋     | 356/750 [08:53<09:37,  1.47s/it, cont=0.2822, gate=0.1138]
epoch 0:  48%|████▊     | 357/750 [08:55<09:32,  1.46s/it, cont=0.2822, gate=0.1138]
epoch 0:  48%|████▊     | 358/750 [08:56<09:43,  1.49s/it, cont=0.2822, gate=0.1138]
epoch 0:  48%|████▊     | 359/750 [08:58<09:34,  1.47s/it, cont=0.2822, gate=0.1138]
epoch 0:  48%|████▊     | 360/750 [08:59<09:38,  1.48s/it, cont=0.2822, gate=0.1138]
epoch 0:  48%|████▊     | 361/750 [09:01<09:31,  1.47s/it, cont=0.2822, gate=0.1138]
epoch 0:  48%|████▊     | 362/750 [09:02<09:32,  1.48s/it, cont=0.2822, gate=0.1138]
epoch 0:  48%|████▊     | 363/750 [09:03<09:26,  1.46s/it, cont=0.2822, gate=0.1138]
epoch 0:  49%|████▊     | 364/750 [09:05<09:29,  1.47s/it, cont=0.2822, gate=0.1138]
epoch 0:  49%|████▊     | 365/750 [09:07<09:38,  1.50s/it, cont=0.2822, gate=0.1138]
epoch 0:  49%|████▉     | 366/750 [09:08<09:19,  1.46s/it, cont=0.2822, gate=0.1138]
epoch 0:  49%|████▉     | 367/750 [09:10<09:44,  1.53s/it, cont=0.2822, gate=0.1138]
epoch 0:  49%|████▉     | 368/750 [09:11<09:41,  1.52s/it, cont=0.2822, gate=0.1138]
epoch 0:  49%|████▉     | 369/750 [09:13<09:56,  1.57s/it, cont=0.2822, gate=0.1138]
epoch 0:  49%|████▉     | 370/750 [09:14<09:42,  1.53s/it, cont=0.2822, gate=0.1138]
epoch 0:  49%|████▉     | 371/750 [09:16<09:33,  1.51s/it, cont=0.2822, gate=0.1138]
epoch 0:  50%|████▉     | 372/750 [09:17<09:24,  1.49s/it, cont=0.2822, gate=0.1138]
epoch 0:  50%|████▉     | 373/750 [09:19<10:09,  1.62s/it, cont=0.2822, gate=0.1138]
epoch 0:  50%|████▉     | 374/750 [09:21<09:56,  1.59s/it, cont=0.2822, gate=0.1138]
epoch 0:  50%|█████     | 375/750 [09:22<09:51,  1.58s/it, cont=0.2822, gate=0.1138]
epoch 0:  50%|█████     | 375/750 [09:24<09:51,  1.58s/it, cont=0.4077, gate=0.0676]
epoch 0:  50%|█████     | 376/750 [09:24<09:46,  1.57s/it, cont=0.4077, gate=0.0676]
epoch 0:  50%|█████     | 377/750 [09:25<09:48,  1.58s/it, cont=0.4077, gate=0.0676]
epoch 0:  50%|█████     | 378/750 [09:27<09:41,  1.56s/it, cont=0.4077, gate=0.0676]
epoch 0:  51%|█████     | 379/750 [09:28<09:53,  1.60s/it, cont=0.4077, gate=0.0676]
epoch 0:  51%|█████     | 380/750 [09:30<09:22,  1.52s/it, cont=0.4077, gate=0.0676]
epoch 0:  51%|█████     | 381/750 [09:32<10:00,  1.63s/it, cont=0.4077, gate=0.0676]
epoch 0:  51%|█████     | 382/750 [09:33<09:50,  1.61s/it, cont=0.4077, gate=0.0676]
epoch 0:  51%|█████     | 383/750 [09:35<09:30,  1.55s/it, cont=0.4077, gate=0.0676]
epoch 0:  51%|█████     | 384/750 [09:36<09:06,  1.49s/it, cont=0.4077, gate=0.0676]
epoch 0:  51%|█████▏    | 385/750 [09:38<09:28,  1.56s/it, cont=0.4077, gate=0.0676]
epoch 0:  51%|█████▏    | 386/750 [09:39<09:21,  1.54s/it, cont=0.4077, gate=0.0676]
epoch 0:  52%|█████▏    | 387/750 [09:41<09:01,  1.49s/it, cont=0.4077, gate=0.0676]
epoch 0:  52%|█████▏    | 388/750 [09:42<09:12,  1.53s/it, cont=0.4077, gate=0.0676]
epoch 0:  52%|█████▏    | 389/750 [09:44<09:03,  1.51s/it, cont=0.4077, gate=0.0676]
epoch 0:  52%|█████▏    | 390/750 [09:45<08:50,  1.47s/it, cont=0.4077, gate=0.0676]
epoch 0:  52%|█████▏    | 391/750 [09:46<08:41,  1.45s/it, cont=0.4077, gate=0.0676]
epoch 0:  52%|█████▏    | 392/750 [09:48<08:51,  1.49s/it, cont=0.4077, gate=0.0676]
epoch 0:  52%|█████▏    | 393/750 [09:49<08:47,  1.48s/it, cont=0.4077, gate=0.0676]
epoch 0:  53%|█████▎    | 394/750 [09:51<08:37,  1.45s/it, cont=0.4077, gate=0.0676]
epoch 0:  53%|█████▎    | 395/750 [09:52<08:25,  1.42s/it, cont=0.4077, gate=0.0676]
epoch 0:  53%|█████▎    | 396/750 [09:54<08:15,  1.40s/it, cont=0.4077, gate=0.0676]
epoch 0:  53%|█████▎    | 397/750 [09:55<08:41,  1.48s/it, cont=0.4077, gate=0.0676]
epoch 0:  53%|█████▎    | 398/750 [09:57<08:45,  1.49s/it, cont=0.4077, gate=0.0676]
epoch 0:  53%|█████▎    | 399/750 [09:58<08:31,  1.46s/it, cont=0.4077, gate=0.0676]
epoch 0:  53%|█████▎    | 400/750 [09:59<08:17,  1.42s/it, cont=0.4077, gate=0.0676]
epoch 0:  53%|█████▎    | 400/750 [10:01<08:17,  1.42s/it, cont=0.4769, gate=0.1359]
epoch 0:  53%|█████▎    | 401/750 [10:01<08:19,  1.43s/it, cont=0.4769, gate=0.1359]
epoch 0:  54%|█████▎    | 402/750 [10:02<08:21,  1.44s/it, cont=0.4769, gate=0.1359]
epoch 0:  54%|█████▎    | 403/750 [10:04<08:18,  1.44s/it, cont=0.4769, gate=0.1359]
epoch 0:  54%|█████▍    | 404/750 [10:05<08:09,  1.42s/it, cont=0.4769, gate=0.1359]
epoch 0:  54%|█████▍    | 405/750 [10:07<08:15,  1.44s/it, cont=0.4769, gate=0.1359]
epoch 0:  54%|█████▍    | 406/750 [10:08<08:21,  1.46s/it, cont=0.4769, gate=0.1359]
epoch 0:  54%|█████▍    | 407/750 [10:10<08:09,  1.43s/it, cont=0.4769, gate=0.1359]
epoch 0:  54%|█████▍    | 408/750 [10:11<08:21,  1.47s/it, cont=0.4769, gate=0.1359]
epoch 0:  55%|█████▍    | 409/750 [10:13<08:29,  1.50s/it, cont=0.4769, gate=0.1359]
epoch 0:  55%|█████▍    | 410/750 [10:14<08:28,  1.50s/it, cont=0.4769, gate=0.1359]
epoch 0:  55%|█████▍    | 411/750 [10:16<08:18,  1.47s/it, cont=0.4769, gate=0.1359]
epoch 0:  55%|█████▍    | 412/750 [10:17<08:20,  1.48s/it, cont=0.4769, gate=0.1359]
epoch 0:  55%|█████▌    | 413/750 [10:19<08:36,  1.53s/it, cont=0.4769, gate=0.1359]
epoch 0:  55%|█████▌    | 414/750 [10:20<08:28,  1.51s/it, cont=0.4769, gate=0.1359]
epoch 0:  55%|█████▌    | 415/750 [10:22<08:57,  1.60s/it, cont=0.4769, gate=0.1359]
epoch 0:  55%|█████▌    | 416/750 [10:23<08:36,  1.55s/it, cont=0.4769, gate=0.1359]
epoch 0:  56%|█████▌    | 417/750 [10:25<08:38,  1.56s/it, cont=0.4769, gate=0.1359]
epoch 0:  56%|█████▌    | 418/750 [10:26<08:26,  1.52s/it, cont=0.4769, gate=0.1359]
epoch 0:  56%|█████▌    | 419/750 [10:28<08:40,  1.57s/it, cont=0.4769, gate=0.1359]
epoch 0:  56%|█████▌    | 420/750 [10:30<08:29,  1.54s/it, cont=0.4769, gate=0.1359]
epoch 0:  56%|█████▌    | 421/750 [10:31<08:24,  1.53s/it, cont=0.4769, gate=0.1359]
epoch 0:  56%|█████▋    | 422/750 [10:33<08:21,  1.53s/it, cont=0.4769, gate=0.1359]
epoch 0:  56%|█████▋    | 423/750 [10:34<08:38,  1.58s/it, cont=0.4769, gate=0.1359]
epoch 0:  57%|█████▋    | 424/750 [10:36<08:12,  1.51s/it, cont=0.4769, gate=0.1359]
epoch 0:  57%|█████▋    | 425/750 [10:37<08:10,  1.51s/it, cont=0.4769, gate=0.1359]
epoch 0:  57%|█████▋    | 425/750 [10:39<08:10,  1.51s/it, cont=0.2356, gate=0.2215]
epoch 0:  57%|█████▋    | 426/750 [10:39<08:05,  1.50s/it, cont=0.2356, gate=0.2215]
epoch 0:  57%|█████▋    | 427/750 [10:40<08:03,  1.50s/it, cont=0.2356, gate=0.2215]
epoch 0:  57%|█████▋    | 428/750 [10:42<08:03,  1.50s/it, cont=0.2356, gate=0.2215]
epoch 0:  57%|█████▋    | 429/750 [10:43<07:58,  1.49s/it, cont=0.2356, gate=0.2215]
epoch 0:  57%|█████▋    | 430/750 [10:45<08:01,  1.51s/it, cont=0.2356, gate=0.2215]
epoch 0:  57%|█████▋    | 431/750 [10:46<07:44,  1.46s/it, cont=0.2356, gate=0.2215]
epoch 0:  58%|█████▊    | 432/750 [10:47<07:44,  1.46s/it, cont=0.2356, gate=0.2215]
epoch 0:  58%|█████▊    | 433/750 [10:49<07:32,  1.43s/it, cont=0.2356, gate=0.2215]
epoch 0:  58%|█████▊    | 434/750 [10:50<07:44,  1.47s/it, cont=0.2356, gate=0.2215]
epoch 0:  58%|█████▊    | 435/750 [10:52<07:48,  1.49s/it, cont=0.2356, gate=0.2215]
epoch 0:  58%|█████▊    | 436/750 [10:53<07:41,  1.47s/it, cont=0.2356, gate=0.2215]
epoch 0:  58%|█████▊    | 437/750 [10:55<07:49,  1.50s/it, cont=0.2356, gate=0.2215]
epoch 0:  58%|█████▊    | 438/750 [10:56<07:43,  1.48s/it, cont=0.2356, gate=0.2215]
epoch 0:  59%|█████▊    | 439/750 [10:58<07:35,  1.46s/it, cont=0.2356, gate=0.2215]
epoch 0:  59%|█████▊    | 440/750 [10:59<07:31,  1.46s/it, cont=0.2356, gate=0.2215]
epoch 0:  59%|█████▉    | 441/750 [11:01<07:50,  1.52s/it, cont=0.2356, gate=0.2215]
epoch 0:  59%|█████▉    | 442/750 [11:02<07:39,  1.49s/it, cont=0.2356, gate=0.2215]
epoch 0:  59%|█████▉    | 443/750 [11:04<07:36,  1.49s/it, cont=0.2356, gate=0.2215]
epoch 0:  59%|█████▉    | 444/750 [11:05<07:38,  1.50s/it, cont=0.2356, gate=0.2215]
epoch 0:  59%|█████▉    | 445/750 [11:07<07:30,  1.48s/it, cont=0.2356, gate=0.2215]
epoch 0:  59%|█████▉    | 446/750 [11:08<07:31,  1.48s/it, cont=0.2356, gate=0.2215]
epoch 0:  60%|█████▉    | 447/750 [11:10<07:37,  1.51s/it, cont=0.2356, gate=0.2215]
epoch 0:  60%|█████▉    | 448/750 [11:11<07:35,  1.51s/it, cont=0.2356, gate=0.2215]
epoch 0:  60%|█████▉    | 449/750 [11:13<07:28,  1.49s/it, cont=0.2356, gate=0.2215]
epoch 0:  60%|██████    | 450/750 [11:14<07:17,  1.46s/it, cont=0.2356, gate=0.2215]
epoch 0:  60%|██████    | 450/750 [11:16<07:17,  1.46s/it, cont=0.2276, gate=0.0836]
epoch 0:  60%|██████    | 451/750 [11:16<07:21,  1.48s/it, cont=0.2276, gate=0.0836]
epoch 0:  60%|██████    | 452/750 [11:17<07:24,  1.49s/it, cont=0.2276, gate=0.0836]
epoch 0:  60%|██████    | 453/750 [11:19<07:52,  1.59s/it, cont=0.2276, gate=0.0836]
epoch 0:  61%|██████    | 454/750 [11:21<07:40,  1.56s/it, cont=0.2276, gate=0.0836]
epoch 0:  61%|██████    | 455/750 [11:22<07:24,  1.51s/it, cont=0.2276, gate=0.0836]
epoch 0:  61%|██████    | 456/750 [11:24<07:32,  1.54s/it, cont=0.2276, gate=0.0836]
epoch 0:  61%|██████    | 457/750 [11:25<07:23,  1.51s/it, cont=0.2276, gate=0.0836]
epoch 0:  61%|██████    | 458/750 [11:27<08:09,  1.68s/it, cont=0.2276, gate=0.0836]
epoch 0:  61%|██████    | 459/750 [11:28<07:47,  1.61s/it, cont=0.2276, gate=0.0836]
epoch 0:  61%|██████▏   | 460/750 [11:30<07:45,  1.61s/it, cont=0.2276, gate=0.0836]
epoch 0:  61%|██████▏   | 461/750 [11:32<07:32,  1.57s/it, cont=0.2276, gate=0.0836]
epoch 0:  62%|██████▏   | 462/750 [11:33<07:20,  1.53s/it, cont=0.2276, gate=0.0836]
epoch 0:  62%|██████▏   | 463/750 [11:35<07:26,  1.56s/it, cont=0.2276, gate=0.0836]
epoch 0:  62%|██████▏   | 464/750 [11:36<07:05,  1.49s/it, cont=0.2276, gate=0.0836]
epoch 0:  62%|██████▏   | 465/750 [11:38<07:11,  1.51s/it, cont=0.2276, gate=0.0836]
epoch 0:  62%|██████▏   | 466/750 [11:39<07:02,  1.49s/it, cont=0.2276, gate=0.0836]
epoch 0:  62%|██████▏   | 467/750 [11:40<07:06,  1.51s/it, cont=0.2276, gate=0.0836]
epoch 0:  62%|██████▏   | 468/750 [11:42<07:04,  1.50s/it, cont=0.2276, gate=0.0836]
epoch 0:  63%|██████▎   | 469/750 [11:43<07:03,  1.51s/it, cont=0.2276, gate=0.0836]
epoch 0:  63%|██████▎   | 470/750 [11:45<06:52,  1.47s/it, cont=0.2276, gate=0.0836]
epoch 0:  63%|██████▎   | 471/750 [11:46<06:59,  1.50s/it, cont=0.2276, gate=0.0836]
epoch 0:  63%|██████▎   | 472/750 [11:48<06:52,  1.48s/it, cont=0.2276, gate=0.0836]
epoch 0:  63%|██████▎   | 473/750 [11:49<06:52,  1.49s/it, cont=0.2276, gate=0.0836]
epoch 0:  63%|██████▎   | 474/750 [11:51<06:53,  1.50s/it, cont=0.2276, gate=0.0836]
epoch 0:  63%|██████▎   | 475/750 [11:52<06:53,  1.51s/it, cont=0.2276, gate=0.0836]
epoch 0:  63%|██████▎   | 475/750 [11:54<06:53,  1.51s/it, cont=0.2331, gate=0.1545]
epoch 0:  63%|██████▎   | 476/750 [11:54<07:01,  1.54s/it, cont=0.2331, gate=0.1545]
epoch 0:  64%|██████▎   | 477/750 [11:56<06:53,  1.51s/it, cont=0.2331, gate=0.1545]
epoch 0:  64%|██████▎   | 478/750 [11:57<06:40,  1.47s/it, cont=0.2331, gate=0.1545]
epoch 0:  64%|██████▍   | 479/750 [11:58<06:34,  1.46s/it, cont=0.2331, gate=0.1545]
epoch 0:  64%|██████▍   | 480/750 [12:00<06:36,  1.47s/it, cont=0.2331, gate=0.1545]
epoch 0:  64%|██████▍   | 481/750 [12:01<06:37,  1.48s/it, cont=0.2331, gate=0.1545]
epoch 0:  64%|██████▍   | 482/750 [12:03<06:36,  1.48s/it, cont=0.2331, gate=0.1545]
epoch 0:  64%|██████▍   | 483/750 [12:04<06:39,  1.50s/it, cont=0.2331, gate=0.1545]
epoch 0:  65%|██████▍   | 484/750 [12:06<06:35,  1.49s/it, cont=0.2331, gate=0.1545]
epoch 0:  65%|██████▍   | 485/750 [12:07<06:33,  1.49s/it, cont=0.2331, gate=0.1545]
epoch 0:  65%|██████▍   | 486/750 [12:09<06:48,  1.55s/it, cont=0.2331, gate=0.1545]
epoch 0:  65%|██████▍   | 487/750 [12:10<06:43,  1.53s/it, cont=0.2331, gate=0.1545]
epoch 0:  65%|██████▌   | 488/750 [12:12<06:34,  1.50s/it, cont=0.2331, gate=0.1545]
epoch 0:  65%|██████▌   | 489/750 [12:13<06:32,  1.50s/it, cont=0.2331, gate=0.1545]
epoch 0:  65%|██████▌   | 490/750 [12:15<06:23,  1.47s/it, cont=0.2331, gate=0.1545]
epoch 0:  65%|██████▌   | 491/750 [12:16<06:32,  1.51s/it, cont=0.2331, gate=0.1545]
epoch 0:  66%|██████▌   | 492/750 [12:18<06:32,  1.52s/it, cont=0.2331, gate=0.1545]
epoch 0:  66%|██████▌   | 493/750 [12:19<06:31,  1.53s/it, cont=0.2331, gate=0.1545]
epoch 0:  66%|██████▌   | 494/750 [12:21<06:27,  1.51s/it, cont=0.2331, gate=0.1545]
epoch 0:  66%|██████▌   | 495/750 [12:23<06:28,  1.52s/it, cont=0.2331, gate=0.1545]
epoch 0:  66%|██████▌   | 496/750 [12:24<06:19,  1.50s/it, cont=0.2331, gate=0.1545]
epoch 0:  66%|██████▋   | 497/750 [12:25<06:07,  1.45s/it, cont=0.2331, gate=0.1545]
epoch 0:  66%|██████▋   | 498/750 [12:27<06:03,  1.44s/it, cont=0.2331, gate=0.1545]
epoch 0:  67%|██████▋   | 499/750 [12:28<06:03,  1.45s/it, cont=0.2331, gate=0.1545]
epoch 0:  67%|██████▋   | 500/750 [12:30<06:28,  1.55s/it, cont=0.2331, gate=0.1545]
epoch 0:  67%|██████▋   | 500/750 [12:31<06:28,  1.55s/it, cont=0.2812, gate=0.3119]
epoch 0:  67%|██████▋   | 501/750 [12:31<06:21,  1.53s/it, cont=0.2812, gate=0.3119]
epoch 0:  67%|██████▋   | 502/750 [12:33<06:24,  1.55s/it, cont=0.2812, gate=0.3119]
epoch 0:  67%|██████▋   | 503/750 [12:35<06:16,  1.52s/it, cont=0.2812, gate=0.3119]
epoch 0:  67%|██████▋   | 504/750 [12:36<06:16,  1.53s/it, cont=0.2812, gate=0.3119]
epoch 0:  67%|██████▋   | 505/750 [12:38<06:11,  1.52s/it, cont=0.2812, gate=0.3119]
epoch 0:  67%|██████▋   | 506/750 [12:39<06:07,  1.50s/it, cont=0.2812, gate=0.3119]
epoch 0:  68%|██████▊   | 507/750 [12:40<05:56,  1.47s/it, cont=0.2812, gate=0.3119]
epoch 0:  68%|██████▊   | 508/750 [12:42<06:00,  1.49s/it, cont=0.2812, gate=0.3119]
epoch 0:  68%|██████▊   | 509/750 [12:43<05:51,  1.46s/it, cont=0.2812, gate=0.3119]
epoch 0:  68%|██████▊   | 510/750 [12:45<05:42,  1.43s/it, cont=0.2812, gate=0.3119]
epoch 0:  68%|██████▊   | 511/750 [12:46<05:52,  1.48s/it, cont=0.2812, gate=0.3119]
epoch 0:  68%|██████▊   | 512/750 [12:48<05:53,  1.49s/it, cont=0.2812, gate=0.3119]
epoch 0:  68%|██████▊   | 513/750 [12:49<05:41,  1.44s/it, cont=0.2812, gate=0.3119]
epoch 0:  69%|██████▊   | 514/750 [12:51<05:41,  1.45s/it, cont=0.2812, gate=0.3119]
epoch 0:  69%|██████▊   | 515/750 [12:52<05:39,  1.44s/it, cont=0.2812, gate=0.3119]
epoch 0:  69%|██████▉   | 516/750 [12:53<05:33,  1.43s/it, cont=0.2812, gate=0.3119]
epoch 0:  69%|██████▉   | 517/750 [12:55<05:49,  1.50s/it, cont=0.2812, gate=0.3119]
epoch 0:  69%|██████▉   | 518/750 [12:57<05:48,  1.50s/it, cont=0.2812, gate=0.3119]
epoch 0:  69%|██████▉   | 519/750 [12:58<05:43,  1.49s/it, cont=0.2812, gate=0.3119]
epoch 0:  69%|██████▉   | 520/750 [12:59<05:38,  1.47s/it, cont=0.2812, gate=0.3119]
epoch 0:  69%|██████▉   | 521/750 [13:01<05:39,  1.48s/it, cont=0.2812, gate=0.3119]
epoch 0:  70%|██████▉   | 522/750 [13:03<05:54,  1.56s/it, cont=0.2812, gate=0.3119]
epoch 0:  70%|██████▉   | 523/750 [13:04<05:48,  1.53s/it, cont=0.2812, gate=0.3119]
epoch 0:  70%|██████▉   | 524/750 [13:06<05:39,  1.50s/it, cont=0.2812, gate=0.3119]
epoch 0:  70%|███████   | 525/750 [13:07<05:43,  1.53s/it, cont=0.2812, gate=0.3119]
epoch 0:  70%|███████   | 525/750 [13:09<05:43,  1.53s/it, cont=0.3301, gate=0.2317]
epoch 0:  70%|███████   | 526/750 [13:09<05:37,  1.51s/it, cont=0.3301, gate=0.2317]
epoch 0:  70%|███████   | 527/750 [13:10<05:33,  1.50s/it, cont=0.3301, gate=0.2317]
epoch 0:  70%|███████   | 528/750 [13:12<05:34,  1.51s/it, cont=0.3301, gate=0.2317]
epoch 0:  71%|███████   | 529/750 [13:13<05:34,  1.51s/it, cont=0.3301, gate=0.2317]
epoch 0:  71%|███████   | 530/750 [13:15<05:36,  1.53s/it, cont=0.3301, gate=0.2317]
epoch 0:  71%|███████   | 531/750 [13:16<05:40,  1.55s/it, cont=0.3301, gate=0.2317]
epoch 0:  71%|███████   | 532/750 [13:18<05:42,  1.57s/it, cont=0.3301, gate=0.2317]
epoch 0:  71%|███████   | 533/750 [13:20<05:42,  1.58s/it, cont=0.3301, gate=0.2317]
epoch 0:  71%|███████   | 534/750 [13:21<05:41,  1.58s/it, cont=0.3301, gate=0.2317]
epoch 0:  71%|███████▏  | 535/750 [13:23<05:50,  1.63s/it, cont=0.3301, gate=0.2317]
epoch 0:  71%|███████▏  | 536/750 [13:24<05:41,  1.60s/it, cont=0.3301, gate=0.2317]
epoch 0:  72%|███████▏  | 537/750 [13:26<05:27,  1.54s/it, cont=0.3301, gate=0.2317]
epoch 0:  72%|███████▏  | 538/750 [13:28<05:46,  1.64s/it, cont=0.3301, gate=0.2317]
epoch 0:  72%|███████▏  | 539/750 [13:29<05:37,  1.60s/it, cont=0.3301, gate=0.2317]
epoch 0:  72%|███████▏  | 540/750 [13:31<05:35,  1.60s/it, cont=0.3301, gate=0.2317]
epoch 0:  72%|███████▏  | 541/750 [13:32<05:19,  1.53s/it, cont=0.3301, gate=0.2317]
epoch 0:  72%|███████▏  | 542/750 [13:34<05:24,  1.56s/it, cont=0.3301, gate=0.2317]
epoch 0:  72%|███████▏  | 543/750 [13:35<05:17,  1.54s/it, cont=0.3301, gate=0.2317]
epoch 0:  73%|███████▎  | 544/750 [13:37<05:05,  1.48s/it, cont=0.3301, gate=0.2317]
epoch 0:  73%|███████▎  | 545/750 [13:38<05:01,  1.47s/it, cont=0.3301, gate=0.2317]
epoch 0:  73%|███████▎  | 546/750 [13:40<05:01,  1.48s/it, cont=0.3301, gate=0.2317]
epoch 0:  73%|███████▎  | 547/750 [13:41<04:52,  1.44s/it, cont=0.3301, gate=0.2317]
epoch 0:  73%|███████▎  | 548/750 [13:43<04:59,  1.48s/it, cont=0.3301, gate=0.2317]
epoch 0:  73%|███████▎  | 549/750 [13:44<04:51,  1.45s/it, cont=0.3301, gate=0.2317]
epoch 0:  73%|███████▎  | 550/750 [13:45<04:46,  1.43s/it, cont=0.3301, gate=0.2317]
epoch 0:  73%|███████▎  | 550/750 [13:47<04:46,  1.43s/it, cont=0.3961, gate=0.0949]
epoch 0:  73%|███████▎  | 551/750 [13:47<05:02,  1.52s/it, cont=0.3961, gate=0.0949]
epoch 0:  74%|███████▎  | 552/750 [13:48<04:55,  1.49s/it, cont=0.3961, gate=0.0949]
epoch 0:  74%|███████▎  | 553/750 [13:50<04:46,  1.46s/it, cont=0.3961, gate=0.0949]
epoch 0:  74%|███████▍  | 554/750 [13:51<04:43,  1.44s/it, cont=0.3961, gate=0.0949]
epoch 0:  74%|███████▍  | 555/750 [13:53<04:45,  1.47s/it, cont=0.3961, gate=0.0949]
epoch 0:  74%|███████▍  | 556/750 [13:54<04:38,  1.44s/it, cont=0.3961, gate=0.0949]
epoch 0:  74%|███████▍  | 557/750 [13:56<04:53,  1.52s/it, cont=0.3961, gate=0.0949]
epoch 0:  74%|███████▍  | 558/750 [13:57<04:38,  1.45s/it, cont=0.3961, gate=0.0949]
epoch 0:  75%|███████▍  | 559/750 [13:59<04:37,  1.45s/it, cont=0.3961, gate=0.0949]
epoch 0:  75%|███████▍  | 560/750 [14:00<04:33,  1.44s/it, cont=0.3961, gate=0.0949]
epoch 0:  75%|███████▍  | 561/750 [14:02<04:36,  1.46s/it, cont=0.3961, gate=0.0949]
epoch 0:  75%|███████▍  | 562/750 [14:03<04:43,  1.51s/it, cont=0.3961, gate=0.0949]
epoch 0:  75%|███████▌  | 563/750 [14:05<04:36,  1.48s/it, cont=0.3961, gate=0.0949]
epoch 0:  75%|███████▌  | 564/750 [14:06<04:30,  1.45s/it, cont=0.3961, gate=0.0949]
epoch 0:  75%|███████▌  | 565/750 [14:07<04:30,  1.46s/it, cont=0.3961, gate=0.0949]
epoch 0:  75%|███████▌  | 566/750 [14:09<04:31,  1.47s/it, cont=0.3961, gate=0.0949]
epoch 0:  76%|███████▌  | 567/750 [14:10<04:26,  1.46s/it, cont=0.3961, gate=0.0949]
epoch 0:  76%|███████▌  | 568/750 [14:12<04:21,  1.43s/it, cont=0.3961, gate=0.0949]
epoch 0:  76%|███████▌  | 569/750 [14:13<04:17,  1.42s/it, cont=0.3961, gate=0.0949]
epoch 0:  76%|███████▌  | 570/750 [14:15<04:15,  1.42s/it, cont=0.3961, gate=0.0949]
epoch 0:  76%|███████▌  | 571/750 [14:16<04:22,  1.47s/it, cont=0.3961, gate=0.0949]
epoch 0:  76%|███████▋  | 572/750 [14:17<04:15,  1.44s/it, cont=0.3961, gate=0.0949]
epoch 0:  76%|███████▋  | 573/750 [14:19<04:23,  1.49s/it, cont=0.3961, gate=0.0949]
epoch 0:  77%|███████▋  | 574/750 [14:21<04:59,  1.70s/it, cont=0.3961, gate=0.0949]
epoch 0:  77%|███████▋  | 575/750 [14:23<04:49,  1.66s/it, cont=0.3961, gate=0.0949]
epoch 0:  77%|███████▋  | 575/750 [14:24<04:49,  1.66s/it, cont=0.2472, gate=0.1395]
epoch 0:  77%|███████▋  | 576/750 [14:24<04:35,  1.58s/it, cont=0.2472, gate=0.1395]
epoch 0:  77%|███████▋  | 577/750 [14:26<04:26,  1.54s/it, cont=0.2472, gate=0.1395]
epoch 0:  77%|███████▋  | 578/750 [14:27<04:17,  1.50s/it, cont=0.2472, gate=0.1395]
epoch 0:  77%|███████▋  | 579/750 [14:29<04:17,  1.50s/it, cont=0.2472, gate=0.1395]
epoch 0:  77%|███████▋  | 580/750 [14:30<04:13,  1.49s/it, cont=0.2472, gate=0.1395]
epoch 0:  77%|███████▋  | 581/750 [14:31<04:06,  1.46s/it, cont=0.2472, gate=0.1395]
epoch 0:  78%|███████▊  | 582/750 [14:33<04:12,  1.50s/it, cont=0.2472, gate=0.1395]
epoch 0:  78%|███████▊  | 583/750 [14:35<04:12,  1.51s/it, cont=0.2472, gate=0.1395]
epoch 0:  78%|███████▊  | 584/750 [14:36<04:08,  1.50s/it, cont=0.2472, gate=0.1395]
epoch 0:  78%|███████▊  | 585/750 [14:38<04:06,  1.49s/it, cont=0.2472, gate=0.1395]
epoch 0:  78%|███████▊  | 586/750 [14:39<04:00,  1.47s/it, cont=0.2472, gate=0.1395]
epoch 0:  78%|███████▊  | 587/750 [14:40<03:58,  1.46s/it, cont=0.2472, gate=0.1395]
epoch 0:  78%|███████▊  | 588/750 [14:42<04:04,  1.51s/it, cont=0.2472, gate=0.1395]
epoch 0:  79%|███████▊  | 589/750 [14:44<04:10,  1.55s/it, cont=0.2472, gate=0.1395]
epoch 0:  79%|███████▊  | 590/750 [14:45<04:04,  1.53s/it, cont=0.2472, gate=0.1395]
epoch 0:  79%|███████▉  | 591/750 [14:47<04:17,  1.62s/it, cont=0.2472, gate=0.1395]
epoch 0:  79%|███████▉  | 592/750 [14:48<04:11,  1.59s/it, cont=0.2472, gate=0.1395]
epoch 0:  79%|███████▉  | 593/750 [14:50<04:03,  1.55s/it, cont=0.2472, gate=0.1395]
epoch 0:  79%|███████▉  | 594/750 [14:51<04:00,  1.54s/it, cont=0.2472, gate=0.1395]
epoch 0:  79%|███████▉  | 595/750 [14:53<03:58,  1.54s/it, cont=0.2472, gate=0.1395]
epoch 0:  79%|███████▉  | 596/750 [14:55<03:56,  1.53s/it, cont=0.2472, gate=0.1395]
epoch 0:  80%|███████▉  | 597/750 [14:56<03:47,  1.48s/it, cont=0.2472, gate=0.1395]
epoch 0:  80%|███████▉  | 598/750 [14:57<03:47,  1.49s/it, cont=0.2472, gate=0.1395]
epoch 0:  80%|███████▉  | 599/750 [14:59<03:47,  1.51s/it, cont=0.2472, gate=0.1395]
epoch 0:  80%|████████  | 600/750 [15:00<03:39,  1.47s/it, cont=0.2472, gate=0.1395]
epoch 0:  80%|████████  | 600/750 [15:02<03:39,  1.47s/it, cont=0.2787, gate=0.0911]
epoch 0:  80%|████████  | 601/750 [15:02<03:39,  1.47s/it, cont=0.2787, gate=0.0911]
epoch 0:  80%|████████  | 602/750 [15:03<03:37,  1.47s/it, cont=0.2787, gate=0.0911]
epoch 0:  80%|████████  | 603/750 [15:05<03:37,  1.48s/it, cont=0.2787, gate=0.0911]
epoch 0:  81%|████████  | 604/750 [15:06<03:35,  1.48s/it, cont=0.2787, gate=0.0911]
epoch 0:  81%|████████  | 605/750 [15:08<03:33,  1.48s/it, cont=0.2787, gate=0.0911]
epoch 0:  81%|████████  | 606/750 [15:09<03:32,  1.48s/it, cont=0.2787, gate=0.0911]
epoch 0:  81%|████████  | 607/750 [15:11<03:32,  1.48s/it, cont=0.2787, gate=0.0911]
epoch 0:  81%|████████  | 608/750 [15:12<03:27,  1.46s/it, cont=0.2787, gate=0.0911]
epoch 0:  81%|████████  | 609/750 [15:14<03:30,  1.49s/it, cont=0.2787, gate=0.0911]
epoch 0:  81%|████████▏ | 610/750 [15:15<03:32,  1.51s/it, cont=0.2787, gate=0.0911]
epoch 0:  81%|████████▏ | 611/750 [15:17<03:26,  1.49s/it, cont=0.2787, gate=0.0911]
epoch 0:  82%|████████▏ | 612/750 [15:18<03:31,  1.54s/it, cont=0.2787, gate=0.0911]
epoch 0:  82%|████████▏ | 613/750 [15:20<03:29,  1.53s/it, cont=0.2787, gate=0.0911]
epoch 0:  82%|████████▏ | 614/750 [15:21<03:21,  1.48s/it, cont=0.2787, gate=0.0911]
epoch 0:  82%|████████▏ | 615/750 [15:23<03:17,  1.47s/it, cont=0.2787, gate=0.0911]
epoch 0:  82%|████████▏ | 616/750 [15:24<03:25,  1.54s/it, cont=0.2787, gate=0.0911]
epoch 0:  82%|████████▏ | 617/750 [15:26<03:14,  1.46s/it, cont=0.2787, gate=0.0911]
epoch 0:  82%|████████▏ | 618/750 [15:27<03:17,  1.49s/it, cont=0.2787, gate=0.0911]
epoch 0:  83%|████████▎ | 619/750 [15:29<03:39,  1.68s/it, cont=0.2787, gate=0.0911]
epoch 0:  83%|████████▎ | 620/750 [15:31<03:31,  1.63s/it, cont=0.2787, gate=0.0911]
epoch 0:  83%|████████▎ | 621/750 [15:32<03:23,  1.57s/it, cont=0.2787, gate=0.0911]
epoch 0:  83%|████████▎ | 622/750 [15:34<03:18,  1.55s/it, cont=0.2787, gate=0.0911]
epoch 0:  83%|████████▎ | 623/750 [15:36<03:30,  1.66s/it, cont=0.2787, gate=0.0911]
epoch 0:  83%|████████▎ | 624/750 [15:37<03:20,  1.59s/it, cont=0.2787, gate=0.0911]
epoch 0:  83%|████████▎ | 625/750 [15:39<03:17,  1.58s/it, cont=0.2787, gate=0.0911]
epoch 0:  83%|████████▎ | 625/750 [15:40<03:17,  1.58s/it, cont=0.3141, gate=0.1359]
epoch 0:  83%|████████▎ | 626/750 [15:40<03:10,  1.54s/it, cont=0.3141, gate=0.1359]
epoch 0:  84%|████████▎ | 627/750 [15:41<03:00,  1.47s/it, cont=0.3141, gate=0.1359]
epoch 0:  84%|████████▎ | 628/750 [15:43<02:57,  1.45s/it, cont=0.3141, gate=0.1359]
epoch 0:  84%|████████▍ | 629/750 [15:44<02:54,  1.44s/it, cont=0.3141, gate=0.1359]
epoch 0:  84%|████████▍ | 630/750 [15:46<02:52,  1.44s/it, cont=0.3141, gate=0.1359]
epoch 0:  84%|████████▍ | 631/750 [15:47<02:50,  1.43s/it, cont=0.3141, gate=0.1359]
epoch 0:  84%|████████▍ | 632/750 [15:48<02:48,  1.42s/it, cont=0.3141, gate=0.1359]
epoch 0:  84%|████████▍ | 633/750 [15:50<02:48,  1.44s/it, cont=0.3141, gate=0.1359]
epoch 0:  85%|████████▍ | 634/750 [15:51<02:45,  1.42s/it, cont=0.3141, gate=0.1359]
epoch 0:  85%|████████▍ | 635/750 [15:53<02:44,  1.43s/it, cont=0.3141, gate=0.1359]
epoch 0:  85%|████████▍ | 636/750 [15:54<02:45,  1.45s/it, cont=0.3141, gate=0.1359]
epoch 0:  85%|████████▍ | 637/750 [15:56<02:46,  1.47s/it, cont=0.3141, gate=0.1359]
epoch 0:  85%|████████▌ | 638/750 [15:57<02:42,  1.45s/it, cont=0.3141, gate=0.1359]
epoch 0:  85%|████████▌ | 639/750 [15:59<02:49,  1.53s/it, cont=0.3141, gate=0.1359]
epoch 0:  85%|████████▌ | 640/750 [16:00<02:49,  1.54s/it, cont=0.3141, gate=0.1359]
epoch 0:  85%|████████▌ | 641/750 [16:02<02:43,  1.50s/it, cont=0.3141, gate=0.1359]
epoch 0:  86%|████████▌ | 642/750 [16:04<02:53,  1.60s/it, cont=0.3141, gate=0.1359]
epoch 0:  86%|████████▌ | 643/750 [16:05<02:45,  1.55s/it, cont=0.3141, gate=0.1359]
epoch 0:  86%|████████▌ | 644/750 [16:07<02:40,  1.52s/it, cont=0.3141, gate=0.1359]
epoch 0:  86%|████████▌ | 645/750 [16:08<02:39,  1.51s/it, cont=0.3141, gate=0.1359]
epoch 0:  86%|████████▌ | 646/750 [16:10<02:38,  1.52s/it, cont=0.3141, gate=0.1359]
epoch 0:  86%|████████▋ | 647/750 [16:11<02:34,  1.50s/it, cont=0.3141, gate=0.1359]
epoch 0:  86%|████████▋ | 648/750 [16:13<02:37,  1.55s/it, cont=0.3141, gate=0.1359]
epoch 0:  87%|████████▋ | 649/750 [16:14<02:33,  1.52s/it, cont=0.3141, gate=0.1359]
epoch 0:  87%|████████▋ | 650/750 [16:16<02:35,  1.56s/it, cont=0.3141, gate=0.1359]
epoch 0:  87%|████████▋ | 650/750 [16:17<02:35,  1.56s/it, cont=0.2790, gate=0.1444]
epoch 0:  87%|████████▋ | 651/750 [16:17<02:30,  1.52s/it, cont=0.2790, gate=0.1444]
epoch 0:  87%|████████▋ | 652/750 [16:19<02:30,  1.54s/it, cont=0.2790, gate=0.1444]
epoch 0:  87%|████████▋ | 653/750 [16:20<02:24,  1.48s/it, cont=0.2790, gate=0.1444]
epoch 0:  87%|████████▋ | 654/750 [16:22<02:21,  1.47s/it, cont=0.2790, gate=0.1444]
epoch 0:  87%|████████▋ | 655/750 [16:23<02:18,  1.46s/it, cont=0.2790, gate=0.1444]
epoch 0:  87%|████████▋ | 656/750 [16:24<02:15,  1.44s/it, cont=0.2790, gate=0.1444]
epoch 0:  88%|████████▊ | 657/750 [16:26<02:14,  1.45s/it, cont=0.2790, gate=0.1444]
epoch 0:  88%|████████▊ | 658/750 [16:27<02:14,  1.46s/it, cont=0.2790, gate=0.1444]
epoch 0:  88%|████████▊ | 659/750 [16:29<02:18,  1.52s/it, cont=0.2790, gate=0.1444]
epoch 0:  88%|████████▊ | 660/750 [16:31<02:20,  1.56s/it, cont=0.2790, gate=0.1444]
epoch 0:  88%|████████▊ | 661/750 [16:32<02:18,  1.56s/it, cont=0.2790, gate=0.1444]
epoch 0:  88%|████████▊ | 662/750 [16:34<02:14,  1.52s/it, cont=0.2790, gate=0.1444]
epoch 0:  88%|████████▊ | 663/750 [16:35<02:10,  1.50s/it, cont=0.2790, gate=0.1444]
epoch 0:  89%|████████▊ | 664/750 [16:37<02:08,  1.50s/it, cont=0.2790, gate=0.1444]
epoch 0:  89%|████████▊ | 665/750 [16:38<02:04,  1.47s/it, cont=0.2790, gate=0.1444]
epoch 0:  89%|████████▉ | 666/750 [16:40<02:05,  1.50s/it, cont=0.2790, gate=0.1444]
epoch 0:  89%|████████▉ | 667/750 [16:41<02:04,  1.50s/it, cont=0.2790, gate=0.1444]
epoch 0:  89%|████████▉ | 668/750 [16:43<02:03,  1.50s/it, cont=0.2790, gate=0.1444]
epoch 0:  89%|████████▉ | 669/750 [16:44<01:58,  1.46s/it, cont=0.2790, gate=0.1444]
epoch 0:  89%|████████▉ | 670/750 [16:45<01:56,  1.46s/it, cont=0.2790, gate=0.1444]
epoch 0:  89%|████████▉ | 671/750 [16:47<01:54,  1.45s/it, cont=0.2790, gate=0.1444]
epoch 0:  90%|████████▉ | 672/750 [16:48<01:54,  1.46s/it, cont=0.2790, gate=0.1444]
epoch 0:  90%|████████▉ | 673/750 [16:50<02:02,  1.60s/it, cont=0.2790, gate=0.1444]
epoch 0:  90%|████████▉ | 674/750 [16:52<01:58,  1.56s/it, cont=0.2790, gate=0.1444]
epoch 0:  90%|█████████ | 675/750 [16:53<01:54,  1.53s/it, cont=0.2790, gate=0.1444]
epoch 0:  90%|█████████ | 675/750 [16:55<01:54,  1.53s/it, cont=0.2840, gate=0.2373]
epoch 0:  90%|█████████ | 676/750 [16:55<01:52,  1.53s/it, cont=0.2840, gate=0.2373]
epoch 0:  90%|█████████ | 677/750 [16:56<01:50,  1.51s/it, cont=0.2840, gate=0.2373]
epoch 0:  90%|█████████ | 678/750 [16:58<01:50,  1.53s/it, cont=0.2840, gate=0.2373]
epoch 0:  91%|█████████ | 679/750 [16:59<01:46,  1.49s/it, cont=0.2840, gate=0.2373]
epoch 0:  91%|█████████ | 680/750 [17:01<01:43,  1.48s/it, cont=0.2840, gate=0.2373]
epoch 0:  91%|█████████ | 681/750 [17:02<01:42,  1.48s/it, cont=0.2840, gate=0.2373]
epoch 0:  91%|█████████ | 682/750 [17:04<01:42,  1.50s/it, cont=0.2840, gate=0.2373]
epoch 0:  91%|█████████ | 683/750 [17:05<01:39,  1.49s/it, cont=0.2840, gate=0.2373]
epoch 0:  91%|█████████ | 684/750 [17:07<01:37,  1.48s/it, cont=0.2840, gate=0.2373]
epoch 0:  91%|█████████▏| 685/750 [17:08<01:35,  1.46s/it, cont=0.2840, gate=0.2373]
epoch 0:  91%|█████████▏| 686/750 [17:10<01:34,  1.47s/it, cont=0.2840, gate=0.2373]
epoch 0:  92%|█████████▏| 687/750 [17:11<01:36,  1.52s/it, cont=0.2840, gate=0.2373]
epoch 0:  92%|█████████▏| 688/750 [17:13<01:35,  1.55s/it, cont=0.2840, gate=0.2373]
epoch 0:  92%|█████████▏| 689/750 [17:14<01:33,  1.53s/it, cont=0.2840, gate=0.2373]
epoch 0:  92%|█████████▏| 690/750 [17:16<01:28,  1.48s/it, cont=0.2840, gate=0.2373]
epoch 0:  92%|█████████▏| 691/750 [17:17<01:32,  1.57s/it, cont=0.2840, gate=0.2373]
epoch 0:  92%|█████████▏| 692/750 [17:19<01:30,  1.56s/it, cont=0.2840, gate=0.2373]
epoch 0:  92%|█████████▏| 693/750 [17:20<01:26,  1.52s/it, cont=0.2840, gate=0.2373]
epoch 0:  93%|█████████▎| 694/750 [17:22<01:24,  1.51s/it, cont=0.2840, gate=0.2373]
epoch 0:  93%|█████████▎| 695/750 [17:23<01:24,  1.54s/it, cont=0.2840, gate=0.2373]
epoch 0:  93%|█████████▎| 696/750 [17:25<01:21,  1.51s/it, cont=0.2840, gate=0.2373]
epoch 0:  93%|█████████▎| 697/750 [17:26<01:18,  1.47s/it, cont=0.2840, gate=0.2373]
epoch 0:  93%|█████████▎| 698/750 [17:28<01:18,  1.50s/it, cont=0.2840, gate=0.2373]
epoch 0:  93%|█████████▎| 699/750 [17:29<01:15,  1.49s/it, cont=0.2840, gate=0.2373]
epoch 0:  93%|█████████▎| 700/750 [17:31<01:16,  1.53s/it, cont=0.2840, gate=0.2373]
epoch 0:  93%|█████████▎| 700/750 [17:32<01:16,  1.53s/it, cont=0.2657, gate=0.1063]
epoch 0:  93%|█████████▎| 701/750 [17:32<01:13,  1.50s/it, cont=0.2657, gate=0.1063]
epoch 0:  94%|█████████▎| 702/750 [17:34<01:13,  1.54s/it, cont=0.2657, gate=0.1063]
epoch 0:  94%|█████████▎| 703/750 [17:35<01:11,  1.52s/it, cont=0.2657, gate=0.1063]
epoch 0:  94%|█████████▍| 704/750 [17:37<01:13,  1.60s/it, cont=0.2657, gate=0.1063]
epoch 0:  94%|█████████▍| 705/750 [17:39<01:10,  1.56s/it, cont=0.2657, gate=0.1063]
epoch 0:  94%|█████████▍| 706/750 [17:40<01:07,  1.53s/it, cont=0.2657, gate=0.1063]
epoch 0:  94%|█████████▍| 707/750 [17:42<01:05,  1.53s/it, cont=0.2657, gate=0.1063]
epoch 0:  94%|█████████▍| 708/750 [17:43<01:06,  1.58s/it, cont=0.2657, gate=0.1063]
epoch 0:  95%|█████████▍| 709/750 [17:45<01:02,  1.54s/it, cont=0.2657, gate=0.1063]
epoch 0:  95%|█████████▍| 710/750 [17:46<01:01,  1.54s/it, cont=0.2657, gate=0.1063]
epoch 0:  95%|█████████▍| 711/750 [17:48<00:59,  1.53s/it, cont=0.2657, gate=0.1063]
epoch 0:  95%|█████████▍| 712/750 [17:49<00:56,  1.50s/it, cont=0.2657, gate=0.1063]
epoch 0:  95%|█████████▌| 713/750 [17:51<00:56,  1.52s/it, cont=0.2657, gate=0.1063]
epoch 0:  95%|█████████▌| 714/750 [17:52<00:54,  1.51s/it, cont=0.2657, gate=0.1063]
epoch 0:  95%|█████████▌| 715/750 [17:54<00:50,  1.45s/it, cont=0.2657, gate=0.1063]
epoch 0:  95%|█████████▌| 716/750 [17:55<00:48,  1.44s/it, cont=0.2657, gate=0.1063]
epoch 0:  96%|█████████▌| 717/750 [17:57<00:48,  1.46s/it, cont=0.2657, gate=0.1063]
epoch 0:  96%|█████████▌| 718/750 [17:58<00:47,  1.50s/it, cont=0.2657, gate=0.1063]
epoch 0:  96%|█████████▌| 719/750 [18:00<00:46,  1.50s/it, cont=0.2657, gate=0.1063]
epoch 0:  96%|█████████▌| 720/750 [18:01<00:44,  1.49s/it, cont=0.2657, gate=0.1063]
epoch 0:  96%|█████████▌| 721/750 [18:03<00:44,  1.53s/it, cont=0.2657, gate=0.1063]
epoch 0:  96%|█████████▋| 722/750 [18:04<00:42,  1.52s/it, cont=0.2657, gate=0.1063]
epoch 0:  96%|█████████▋| 723/750 [18:06<00:41,  1.52s/it, cont=0.2657, gate=0.1063]
epoch 0:  97%|█████████▋| 724/750 [18:07<00:39,  1.51s/it, cont=0.2657, gate=0.1063]
epoch 0:  97%|█████████▋| 725/750 [18:09<00:37,  1.49s/it, cont=0.2657, gate=0.1063]
epoch 0:  97%|█████████▋| 725/750 [18:10<00:37,  1.49s/it, cont=0.2112, gate=0.2670]
epoch 0:  97%|█████████▋| 726/750 [18:10<00:35,  1.47s/it, cont=0.2112, gate=0.2670]
epoch 0:  97%|█████████▋| 727/750 [18:12<00:33,  1.44s/it, cont=0.2112, gate=0.2670]
epoch 0:  97%|█████████▋| 728/750 [18:13<00:31,  1.44s/it, cont=0.2112, gate=0.2670]
epoch 0:  97%|█████████▋| 729/750 [18:15<00:30,  1.47s/it, cont=0.2112, gate=0.2670]
epoch 0:  97%|█████████▋| 730/750 [18:16<00:29,  1.45s/it, cont=0.2112, gate=0.2670]
epoch 0:  97%|█████████▋| 731/750 [18:18<00:28,  1.48s/it, cont=0.2112, gate=0.2670]
epoch 0:  98%|█████████▊| 732/750 [18:19<00:26,  1.48s/it, cont=0.2112, gate=0.2670]
epoch 0:  98%|█████████▊| 733/750 [18:21<00:25,  1.50s/it, cont=0.2112, gate=0.2670]
epoch 0:  98%|█████████▊| 734/750 [18:22<00:24,  1.51s/it, cont=0.2112, gate=0.2670]
epoch 0:  98%|█████████▊| 735/750 [18:24<00:22,  1.51s/it, cont=0.2112, gate=0.2670]
epoch 0:  98%|█████████▊| 736/750 [18:25<00:20,  1.48s/it, cont=0.2112, gate=0.2670]
epoch 0:  98%|█████████▊| 737/750 [18:27<00:20,  1.60s/it, cont=0.2112, gate=0.2670]
epoch 0:  98%|█████████▊| 738/750 [18:28<00:19,  1.60s/it, cont=0.2112, gate=0.2670]
epoch 0:  99%|█████████▊| 739/750 [18:30<00:17,  1.60s/it, cont=0.2112, gate=0.2670]
epoch 0:  99%|█████████▊| 740/750 [18:32<00:15,  1.56s/it, cont=0.2112, gate=0.2670]
epoch 0:  99%|█████████▉| 741/750 [18:33<00:13,  1.51s/it, cont=0.2112, gate=0.2670]
epoch 0:  99%|█████████▉| 742/750 [18:34<00:11,  1.49s/it, cont=0.2112, gate=0.2670]
epoch 0:  99%|█████████▉| 743/750 [18:36<00:10,  1.45s/it, cont=0.2112, gate=0.2670]
epoch 0:  99%|█████████▉| 744/750 [18:37<00:08,  1.46s/it, cont=0.2112, gate=0.2670]
epoch 0:  99%|█████████▉| 745/750 [18:39<00:07,  1.49s/it, cont=0.2112, gate=0.2670]
epoch 0:  99%|█████████▉| 746/750 [18:40<00:05,  1.50s/it, cont=0.2112, gate=0.2670]
epoch 0: 100%|█████████▉| 747/750 [18:42<00:04,  1.46s/it, cont=0.2112, gate=0.2670]
epoch 0: 100%|█████████▉| 748/750 [18:43<00:02,  1.47s/it, cont=0.2112, gate=0.2670]
epoch 0: 100%|█████████▉| 749/750 [18:45<00:01,  1.51s/it, cont=0.2112, gate=0.2670]
epoch 0: 100%|██████████| 750/750 [18:46<00:00,  1.54s/it, cont=0.2112, gate=0.2670]
epoch 0: 100%|██████████| 750/750 [18:46<00:00,  1.50s/it, cont=0.2112, gate=0.2670]
epoch 1:   0%|          | 0/750 [00:00<?, ?it/s]
epoch 1:   0%|          | 0/750 [00:01<?, ?it/s, cont=0.2545, gate=0.1038]
epoch 1:   0%|          | 1/750 [00:01<18:46,  1.50s/it, cont=0.2545, gate=0.1038]
epoch 1:   0%|          | 2/750 [00:03<18:50,  1.51s/it, cont=0.2545, gate=0.1038]
epoch 1:   0%|          | 3/750 [00:04<18:16,  1.47s/it, cont=0.2545, gate=0.1038]
epoch 1:   1%|          | 4/750 [00:06<19:29,  1.57s/it, cont=0.2545, gate=0.1038]
epoch 1:   1%|          | 5/750 [00:07<19:31,  1.57s/it, cont=0.2545, gate=0.1038]
epoch 1:   1%|          | 6/750 [00:09<19:00,  1.53s/it, cont=0.2545, gate=0.1038]
epoch 1:   1%|          | 7/750 [00:10<18:27,  1.49s/it, cont=0.2545, gate=0.1038]
epoch 1:   1%|          | 8/750 [00:12<18:19,  1.48s/it, cont=0.2545, gate=0.1038]
epoch 1:   1%|          | 9/750 [00:13<18:08,  1.47s/it, cont=0.2545, gate=0.1038]
epoch 1:   1%|▏         | 10/750 [00:15<18:33,  1.51s/it, cont=0.2545, gate=0.1038]
epoch 1:   1%|▏         | 11/750 [00:16<18:03,  1.47s/it, cont=0.2545, gate=0.1038]
epoch 1:   2%|▏         | 12/750 [00:17<17:40,  1.44s/it, cont=0.2545, gate=0.1038]
epoch 1:   2%|▏         | 13/750 [00:19<18:52,  1.54s/it, cont=0.2545, gate=0.1038]
epoch 1:   2%|▏         | 14/750 [00:21<18:30,  1.51s/it, cont=0.2545, gate=0.1038]
epoch 1:   2%|▏         | 15/750 [00:22<18:28,  1.51s/it, cont=0.2545, gate=0.1038]
epoch 1:   2%|▏         | 16/750 [00:24<18:33,  1.52s/it, cont=0.2545, gate=0.1038]
epoch 1:   2%|▏         | 17/750 [00:25<18:26,  1.51s/it, cont=0.2545, gate=0.1038]
epoch 1:   2%|▏         | 18/750 [00:26<17:57,  1.47s/it, cont=0.2545, gate=0.1038]
epoch 1:   3%|▎         | 19/750 [00:28<17:50,  1.46s/it, cont=0.2545, gate=0.1038]
epoch 1:   3%|▎         | 20/750 [00:29<17:42,  1.46s/it, cont=0.2545, gate=0.1038]
epoch 1:   3%|▎         | 21/750 [00:31<17:50,  1.47s/it, cont=0.2545, gate=0.1038]
epoch 1:   3%|▎         | 22/750 [00:32<17:23,  1.43s/it, cont=0.2545, gate=0.1038]
epoch 1:   3%|▎         | 23/750 [00:34<17:38,  1.46s/it, cont=0.2545, gate=0.1038]
epoch 1:   3%|▎         | 24/750 [00:35<17:19,  1.43s/it, cont=0.2545, gate=0.1038]
epoch 1:   3%|▎         | 25/750 [00:36<17:12,  1.42s/it, cont=0.2545, gate=0.1038]
epoch 1:   3%|▎         | 25/750 [00:38<17:12,  1.42s/it, cont=0.2413, gate=0.2413]
epoch 1:   3%|▎         | 26/750 [00:38<16:59,  1.41s/it, cont=0.2413, gate=0.2413]
epoch 1:   4%|▎         | 27/750 [00:39<17:11,  1.43s/it, cont=0.2413, gate=0.2413]
epoch 1:   4%|▎         | 28/750 [00:41<17:32,  1.46s/it, cont=0.2413, gate=0.2413]
epoch 1:   4%|▍         | 29/750 [00:42<17:38,  1.47s/it, cont=0.2413, gate=0.2413]
epoch 1:   4%|▍         | 30/750 [00:44<17:37,  1.47s/it, cont=0.2413, gate=0.2413]
epoch 1:   4%|▍         | 31/750 [00:45<17:18,  1.44s/it, cont=0.2413, gate=0.2413]
epoch 1:   4%|▍         | 32/750 [00:47<17:40,  1.48s/it, cont=0.2413, gate=0.2413]
epoch 1:   4%|▍         | 33/750 [00:48<17:41,  1.48s/it, cont=0.2413, gate=0.2413]
epoch 1:   5%|▍         | 34/750 [00:50<17:43,  1.49s/it, cont=0.2413, gate=0.2413]
epoch 1:   5%|▍         | 35/750 [00:52<19:12,  1.61s/it, cont=0.2413, gate=0.2413]
epoch 1:   5%|▍         | 36/750 [00:53<18:27,  1.55s/it, cont=0.2413, gate=0.2413]
epoch 1:   5%|▍         | 37/750 [00:55<18:21,  1.55s/it, cont=0.2413, gate=0.2413]
epoch 1:   5%|▌         | 38/750 [00:56<17:51,  1.51s/it, cont=0.2413, gate=0.2413]
epoch 1:   5%|▌         | 39/750 [00:58<18:05,  1.53s/it, cont=0.2413, gate=0.2413]
epoch 1:   5%|▌         | 40/750 [00:59<18:12,  1.54s/it, cont=0.2413, gate=0.2413]
epoch 1:   5%|▌         | 41/750 [01:01<17:42,  1.50s/it, cont=0.2413, gate=0.2413]
epoch 1:   6%|▌         | 42/750 [01:02<17:30,  1.48s/it, cont=0.2413, gate=0.2413]
epoch 1:   6%|▌         | 43/750 [01:03<17:13,  1.46s/it, cont=0.2413, gate=0.2413]
epoch 1:   6%|▌         | 44/750 [01:05<17:06,  1.45s/it, cont=0.2413, gate=0.2413]
epoch 1:   6%|▌         | 45/750 [01:06<17:02,  1.45s/it, cont=0.2413, gate=0.2413]
epoch 1:   6%|▌         | 46/750 [01:08<17:35,  1.50s/it, cont=0.2413, gate=0.2413]
epoch 1:   6%|▋         | 47/750 [01:09<17:47,  1.52s/it, cont=0.2413, gate=0.2413]
epoch 1:   6%|▋         | 48/750 [01:11<17:52,  1.53s/it, cont=0.2413, gate=0.2413]
epoch 1:   7%|▋         | 49/750 [01:12<17:18,  1.48s/it, cont=0.2413, gate=0.2413]
epoch 1:   7%|▋         | 50/750 [01:14<17:09,  1.47s/it, cont=0.2413, gate=0.2413]
epoch 1:   7%|▋         | 50/750 [01:15<17:09,  1.47s/it, cont=0.4108, gate=0.1684]
epoch 1:   7%|▋         | 51/750 [01:15<17:02,  1.46s/it, cont=0.4108, gate=0.1684]
epoch 1:   7%|▋         | 52/750 [01:17<17:10,  1.48s/it, cont=0.4108, gate=0.1684]
epoch 1:   7%|▋         | 53/750 [01:18<17:27,  1.50s/it, cont=0.4108, gate=0.1684]
epoch 1:   7%|▋         | 54/750 [01:20<17:04,  1.47s/it, cont=0.4108, gate=0.1684]
epoch 1:   7%|▋         | 55/750 [01:21<16:59,  1.47s/it, cont=0.4108, gate=0.1684]
epoch 1:   7%|▋         | 56/750 [01:23<17:05,  1.48s/it, cont=0.4108, gate=0.1684]
epoch 1:   8%|▊         | 57/750 [01:24<17:19,  1.50s/it, cont=0.4108, gate=0.1684]
epoch 1:   8%|▊         | 58/750 [01:26<16:51,  1.46s/it, cont=0.4108, gate=0.1684]
epoch 1:   8%|▊         | 59/750 [01:27<16:42,  1.45s/it, cont=0.4108, gate=0.1684]
epoch 1:   8%|▊         | 60/750 [01:28<16:33,  1.44s/it, cont=0.4108, gate=0.1684]
epoch 1:   8%|▊         | 61/750 [01:30<15:47,  1.38s/it, cont=0.4108, gate=0.1684]
epoch 1:   8%|▊         | 62/750 [01:31<16:02,  1.40s/it, cont=0.4108, gate=0.1684]
epoch 1:   8%|▊         | 63/750 [01:33<16:04,  1.40s/it, cont=0.4108, gate=0.1684]
epoch 1:   9%|▊         | 64/750 [01:34<16:36,  1.45s/it, cont=0.4108, gate=0.1684]
epoch 1:   9%|▊         | 65/750 [01:36<16:54,  1.48s/it, cont=0.4108, gate=0.1684]
epoch 1:   9%|▉         | 66/750 [01:37<16:26,  1.44s/it, cont=0.4108, gate=0.1684]
epoch 1:   9%|▉         | 67/750 [01:38<16:22,  1.44s/it, cont=0.4108, gate=0.1684]
epoch 1:   9%|▉         | 68/750 [01:40<16:35,  1.46s/it, cont=0.4108, gate=0.1684]
epoch 1:   9%|▉         | 69/750 [01:41<16:32,  1.46s/it, cont=0.4108, gate=0.1684]
epoch 1:   9%|▉         | 70/750 [01:43<16:35,  1.46s/it, cont=0.4108, gate=0.1684]
epoch 1:   9%|▉         | 71/750 [01:44<16:15,  1.44s/it, cont=0.4108, gate=0.1684]
epoch 1:  10%|▉         | 72/750 [01:46<16:03,  1.42s/it, cont=0.4108, gate=0.1684]
epoch 1:  10%|▉         | 73/750 [01:47<16:01,  1.42s/it, cont=0.4108, gate=0.1684]
epoch 1:  10%|▉         | 74/750 [01:48<15:53,  1.41s/it, cont=0.4108, gate=0.1684]
epoch 1:  10%|█         | 75/750 [01:50<16:33,  1.47s/it, cont=0.4108, gate=0.1684]
epoch 1:  10%|█         | 75/750 [01:52<16:33,  1.47s/it, cont=0.3713, gate=0.0795]
epoch 1:  10%|█         | 76/750 [01:52<16:56,  1.51s/it, cont=0.3713, gate=0.0795]
epoch 1:  10%|█         | 77/750 [01:53<16:59,  1.51s/it, cont=0.3713, gate=0.0795]
epoch 1:  10%|█         | 78/750 [01:55<16:22,  1.46s/it, cont=0.3713, gate=0.0795]
epoch 1:  11%|█         | 79/750 [01:56<16:17,  1.46s/it, cont=0.3713, gate=0.0795]
epoch 1:  11%|█         | 80/750 [01:57<16:18,  1.46s/it, cont=0.3713, gate=0.0795]
epoch 1:  11%|█         | 81/750 [01:59<16:30,  1.48s/it, cont=0.3713, gate=0.0795]
epoch 1:  11%|█         | 82/750 [02:01<16:41,  1.50s/it, cont=0.3713, gate=0.0795]
epoch 1:  11%|█         | 83/750 [02:02<16:33,  1.49s/it, cont=0.3713, gate=0.0795]
epoch 1:  11%|█         | 84/750 [02:04<18:06,  1.63s/it, cont=0.3713, gate=0.0795]
epoch 1:  11%|█▏        | 85/750 [02:06<18:35,  1.68s/it, cont=0.3713, gate=0.0795]
epoch 1:  11%|█▏        | 86/750 [02:07<18:32,  1.68s/it, cont=0.3713, gate=0.0795]
epoch 1:  12%|█▏        | 87/750 [02:09<17:53,  1.62s/it, cont=0.3713, gate=0.0795]
epoch 1:  12%|█▏        | 88/750 [02:11<17:48,  1.61s/it, cont=0.3713, gate=0.0795]
epoch 1:  12%|█▏        | 89/750 [02:12<17:19,  1.57s/it, cont=0.3713, gate=0.0795]
epoch 1:  12%|█▏        | 90/750 [02:14<17:20,  1.58s/it, cont=0.3713, gate=0.0795]
epoch 1:  12%|█▏        | 91/750 [02:15<17:08,  1.56s/it, cont=0.3713, gate=0.0795]
epoch 1:  12%|█▏        | 92/750 [02:17<16:57,  1.55s/it, cont=0.3713, gate=0.0795]
epoch 1:  12%|█▏        | 93/750 [02:18<16:58,  1.55s/it, cont=0.3713, gate=0.0795]
epoch 1:  13%|█▎        | 94/750 [02:20<16:47,  1.54s/it, cont=0.3713, gate=0.0795]
epoch 1:  13%|█▎        | 95/750 [02:21<16:23,  1.50s/it, cont=0.3713, gate=0.0795]
epoch 1:  13%|█▎        | 96/750 [02:23<16:05,  1.48s/it, cont=0.3713, gate=0.0795]
epoch 1:  13%|█▎        | 97/750 [02:24<15:58,  1.47s/it, cont=0.3713, gate=0.0795]
epoch 1:  13%|█▎        | 98/750 [02:25<15:56,  1.47s/it, cont=0.3713, gate=0.0795]
epoch 1:  13%|█▎        | 99/750 [02:27<15:49,  1.46s/it, cont=0.3713, gate=0.0795]
epoch 1:  13%|█▎        | 100/750 [02:28<16:17,  1.50s/it, cont=0.3713, gate=0.0795]
epoch 1:  13%|█▎        | 100/750 [02:30<16:17,  1.50s/it, cont=0.3756, gate=0.1355]
epoch 1:  13%|█▎        | 101/750 [02:30<16:08,  1.49s/it, cont=0.3756, gate=0.1355]
epoch 1:  14%|█▎        | 102/750 [02:31<15:49,  1.47s/it, cont=0.3756, gate=0.1355]
epoch 1:  14%|█▎        | 103/750 [02:33<16:04,  1.49s/it, cont=0.3756, gate=0.1355]
epoch 1:  14%|█▍        | 104/750 [02:34<16:18,  1.51s/it, cont=0.3756, gate=0.1355]
epoch 1:  14%|█▍        | 105/750 [02:36<15:53,  1.48s/it, cont=0.3756, gate=0.1355]
epoch 1:  14%|█▍        | 106/750 [02:37<16:01,  1.49s/it, cont=0.3756, gate=0.1355]
epoch 1:  14%|█▍        | 107/750 [02:39<15:31,  1.45s/it, cont=0.3756, gate=0.1355]
epoch 1:  14%|█▍        | 108/750 [02:40<15:22,  1.44s/it, cont=0.3756, gate=0.1355]
epoch 1:  15%|█▍        | 109/750 [02:42<15:41,  1.47s/it, cont=0.3756, gate=0.1355]
epoch 1:  15%|█▍        | 110/750 [02:43<15:22,  1.44s/it, cont=0.3756, gate=0.1355]
epoch 1:  15%|█▍        | 111/750 [02:45<15:48,  1.48s/it, cont=0.3756, gate=0.1355]
epoch 1:  15%|█▍        | 112/750 [02:46<15:33,  1.46s/it, cont=0.3756, gate=0.1355]
epoch 1:  15%|█▌        | 113/750 [02:48<15:38,  1.47s/it, cont=0.3756, gate=0.1355]
epoch 1:  15%|█▌        | 114/750 [02:49<15:28,  1.46s/it, cont=0.3756, gate=0.1355]
epoch 1:  15%|█▌        | 115/750 [02:50<15:16,  1.44s/it, cont=0.3756, gate=0.1355]
epoch 1:  15%|█▌        | 116/750 [02:52<15:29,  1.47s/it, cont=0.3756, gate=0.1355]
epoch 1:  16%|█▌        | 117/750 [02:53<15:49,  1.50s/it, cont=0.3756, gate=0.1355]
epoch 1:  16%|█▌        | 118/750 [02:55<15:50,  1.50s/it, cont=0.3756, gate=0.1355]
epoch 1:  16%|█▌        | 119/750 [02:56<15:37,  1.49s/it, cont=0.3756, gate=0.1355]
epoch 1:  16%|█▌        | 120/750 [02:58<15:31,  1.48s/it, cont=0.3756, gate=0.1355]
epoch 1:  16%|█▌        | 121/750 [02:59<15:42,  1.50s/it, cont=0.3756, gate=0.1355]
epoch 1:  16%|█▋        | 122/750 [03:01<15:34,  1.49s/it, cont=0.3756, gate=0.1355]
epoch 1:  16%|█▋        | 123/750 [03:02<15:28,  1.48s/it, cont=0.3756, gate=0.1355]
epoch 1:  17%|█▋        | 124/750 [03:04<15:31,  1.49s/it, cont=0.3756, gate=0.1355]
epoch 1:  17%|█▋        | 125/750 [03:05<15:29,  1.49s/it, cont=0.3756, gate=0.1355]
epoch 1:  17%|█▋        | 125/750 [03:07<15:29,  1.49s/it, cont=0.2498, gate=0.1772]
epoch 1:  17%|█▋        | 126/750 [03:07<15:22,  1.48s/it, cont=0.2498, gate=0.1772]
epoch 1:  17%|█▋        | 127/750 [03:08<14:48,  1.43s/it, cont=0.2498, gate=0.1772]
epoch 1:  17%|█▋        | 128/750 [03:10<14:57,  1.44s/it, cont=0.2498, gate=0.1772]
epoch 1:  17%|█▋        | 129/750 [03:11<15:51,  1.53s/it, cont=0.2498, gate=0.1772]
epoch 1:  17%|█▋        | 130/750 [03:13<16:22,  1.58s/it, cont=0.2498, gate=0.1772]
epoch 1:  17%|█▋        | 131/750 [03:14<15:48,  1.53s/it, cont=0.2498, gate=0.1772]
epoch 1:  18%|█▊        | 132/750 [03:16<15:35,  1.51s/it, cont=0.2498, gate=0.1772]
epoch 1:  18%|█▊        | 133/750 [03:17<15:03,  1.46s/it, cont=0.2498, gate=0.1772]
epoch 1:  18%|█▊        | 134/750 [03:19<14:53,  1.45s/it, cont=0.2498, gate=0.1772]
epoch 1:  18%|█▊        | 135/750 [03:20<15:17,  1.49s/it, cont=0.2498, gate=0.1772]
epoch 1:  18%|█▊        | 136/750 [03:22<15:26,  1.51s/it, cont=0.2498, gate=0.1772]
epoch 1:  18%|█▊        | 137/750 [03:23<15:04,  1.48s/it, cont=0.2498, gate=0.1772]
epoch 1:  18%|█▊        | 138/750 [03:25<15:00,  1.47s/it, cont=0.2498, gate=0.1772]
epoch 1:  19%|█▊        | 139/750 [03:26<15:37,  1.53s/it, cont=0.2498, gate=0.1772]
epoch 1:  19%|█▊        | 140/750 [03:28<15:30,  1.52s/it, cont=0.2498, gate=0.1772]
epoch 1:  19%|█▉        | 141/750 [03:29<15:24,  1.52s/it, cont=0.2498, gate=0.1772]
epoch 1:  19%|█▉        | 142/750 [03:31<14:59,  1.48s/it, cont=0.2498, gate=0.1772]
epoch 1:  19%|█▉        | 143/750 [03:32<14:51,  1.47s/it, cont=0.2498, gate=0.1772]
epoch 1:  19%|█▉        | 144/750 [03:34<14:27,  1.43s/it, cont=0.2498, gate=0.1772]
epoch 1:  19%|█▉        | 145/750 [03:35<14:18,  1.42s/it, cont=0.2498, gate=0.1772]
epoch 1:  19%|█▉        | 146/750 [03:37<15:43,  1.56s/it, cont=0.2498, gate=0.1772]
epoch 1:  20%|█▉        | 147/750 [03:39<16:39,  1.66s/it, cont=0.2498, gate=0.1772]
epoch 1:  20%|█▉        | 148/750 [03:40<16:08,  1.61s/it, cont=0.2498, gate=0.1772]
epoch 1:  20%|█▉        | 149/750 [03:42<15:50,  1.58s/it, cont=0.2498, gate=0.1772]
epoch 1:  20%|██        | 150/750 [03:43<15:31,  1.55s/it, cont=0.2498, gate=0.1772]
epoch 1:  20%|██        | 150/750 [03:45<15:31,  1.55s/it, cont=0.3446, gate=0.1325]
epoch 1:  20%|██        | 151/750 [03:45<15:36,  1.56s/it, cont=0.3446, gate=0.1325]
epoch 1:  20%|██        | 152/750 [03:46<15:18,  1.54s/it, cont=0.3446, gate=0.1325]
epoch 1:  20%|██        | 153/750 [03:48<15:39,  1.57s/it, cont=0.3446, gate=0.1325]
epoch 1:  21%|██        | 154/750 [03:50<15:56,  1.60s/it, cont=0.3446, gate=0.1325]
epoch 1:  21%|██        | 155/750 [03:51<15:38,  1.58s/it, cont=0.3446, gate=0.1325]
epoch 1:  21%|██        | 156/750 [03:53<15:08,  1.53s/it, cont=0.3446, gate=0.1325]
epoch 1:  21%|██        | 157/750 [03:54<14:42,  1.49s/it, cont=0.3446, gate=0.1325]
epoch 1:  21%|██        | 158/750 [03:56<14:53,  1.51s/it, cont=0.3446, gate=0.1325]
epoch 1:  21%|██        | 159/750 [03:57<14:30,  1.47s/it, cont=0.3446, gate=0.1325]
epoch 1:  21%|██▏       | 160/750 [03:58<14:14,  1.45s/it, cont=0.3446, gate=0.1325]
epoch 1:  21%|██▏       | 161/750 [04:00<14:24,  1.47s/it, cont=0.3446, gate=0.1325]
epoch 1:  22%|██▏       | 162/750 [04:01<14:06,  1.44s/it, cont=0.3446, gate=0.1325]
epoch 1:  22%|██▏       | 163/750 [04:03<14:15,  1.46s/it, cont=0.3446, gate=0.1325]
epoch 1:  22%|██▏       | 164/750 [04:04<14:27,  1.48s/it, cont=0.3446, gate=0.1325]
epoch 1:  22%|██▏       | 165/750 [04:06<14:42,  1.51s/it, cont=0.3446, gate=0.1325]
epoch 1:  22%|██▏       | 166/750 [04:07<14:17,  1.47s/it, cont=0.3446, gate=0.1325]
epoch 1:  22%|██▏       | 167/750 [04:09<14:40,  1.51s/it, cont=0.3446, gate=0.1325]
epoch 1:  22%|██▏       | 168/750 [04:10<14:17,  1.47s/it, cont=0.3446, gate=0.1325]
epoch 1:  23%|██▎       | 169/750 [04:12<14:51,  1.54s/it, cont=0.3446, gate=0.1325]
epoch 1:  23%|██▎       | 170/750 [04:13<14:50,  1.53s/it, cont=0.3446, gate=0.1325]
epoch 1:  23%|██▎       | 171/750 [04:15<14:14,  1.48s/it, cont=0.3446, gate=0.1325]
epoch 1:  23%|██▎       | 172/750 [04:16<14:05,  1.46s/it, cont=0.3446, gate=0.1325]
epoch 1:  23%|██▎       | 173/750 [04:18<14:08,  1.47s/it, cont=0.3446, gate=0.1325]
epoch 1:  23%|██▎       | 174/750 [04:19<14:58,  1.56s/it, cont=0.3446, gate=0.1325]
epoch 1:  23%|██▎       | 175/750 [04:21<14:17,  1.49s/it, cont=0.3446, gate=0.1325]
epoch 1:  23%|██▎       | 175/750 [04:22<14:17,  1.49s/it, cont=0.2654, gate=0.0828]
epoch 1:  23%|██▎       | 176/750 [04:22<14:08,  1.48s/it, cont=0.2654, gate=0.0828]
epoch 1:  24%|██▎       | 177/750 [04:24<14:31,  1.52s/it, cont=0.2654, gate=0.0828]
epoch 1:  24%|██▎       | 178/750 [04:25<14:28,  1.52s/it, cont=0.2654, gate=0.0828]
epoch 1:  24%|██▍       | 179/750 [04:27<15:01,  1.58s/it, cont=0.2654, gate=0.0828]
epoch 1:  24%|██▍       | 180/750 [04:28<14:31,  1.53s/it, cont=0.2654, gate=0.0828]
epoch 1:  24%|██▍       | 181/750 [04:30<14:18,  1.51s/it, cont=0.2654, gate=0.0828]
epoch 1:  24%|██▍       | 182/750 [04:31<14:09,  1.49s/it, cont=0.2654, gate=0.0828]
epoch 1:  24%|██▍       | 183/750 [04:33<13:56,  1.48s/it, cont=0.2654, gate=0.0828]
epoch 1:  25%|██▍       | 184/750 [04:34<13:42,  1.45s/it, cont=0.2654, gate=0.0828]
epoch 1:  25%|██▍       | 185/750 [04:36<14:00,  1.49s/it, cont=0.2654, gate=0.0828]
epoch 1:  25%|██▍       | 186/750 [04:37<14:04,  1.50s/it, cont=0.2654, gate=0.0828]
epoch 1:  25%|██▍       | 187/750 [04:39<14:02,  1.50s/it, cont=0.2654, gate=0.0828]
epoch 1:  25%|██▌       | 188/750 [04:40<13:38,  1.46s/it, cont=0.2654, gate=0.0828]
epoch 1:  25%|██▌       | 189/750 [04:42<13:26,  1.44s/it, cont=0.2654, gate=0.0828]
epoch 1:  25%|██▌       | 190/750 [04:43<13:16,  1.42s/it, cont=0.2654, gate=0.0828]
epoch 1:  25%|██▌       | 191/750 [04:45<13:49,  1.48s/it, cont=0.2654, gate=0.0828]
epoch 1:  26%|██▌       | 192/750 [04:46<13:36,  1.46s/it, cont=0.2654, gate=0.0828]
epoch 1:  26%|██▌       | 193/750 [04:47<13:24,  1.44s/it, cont=0.2654, gate=0.0828]
epoch 1:  26%|██▌       | 194/750 [04:49<13:16,  1.43s/it, cont=0.2654, gate=0.0828]
epoch 1:  26%|██▌       | 195/750 [04:50<13:12,  1.43s/it, cont=0.2654, gate=0.0828]
epoch 1:  26%|██▌       | 196/750 [04:52<13:37,  1.48s/it, cont=0.2654, gate=0.0828]
epoch 1:  26%|██▋       | 197/750 [04:53<13:10,  1.43s/it, cont=0.2654, gate=0.0828]
epoch 1:  26%|██▋       | 198/750 [04:55<13:06,  1.42s/it, cont=0.2654, gate=0.0828]
epoch 1:  27%|██▋       | 199/750 [04:56<13:17,  1.45s/it, cont=0.2654, gate=0.0828]
epoch 1:  27%|██▋       | 200/750 [04:58<13:25,  1.46s/it, cont=0.2654, gate=0.0828]
epoch 1:  27%|██▋       | 200/750 [04:59<13:25,  1.46s/it, cont=0.3585, gate=0.1744]
epoch 1:  27%|██▋       | 201/750 [04:59<13:06,  1.43s/it, cont=0.3585, gate=0.1744]
epoch 1:  27%|██▋       | 202/750 [05:00<13:03,  1.43s/it, cont=0.3585, gate=0.1744]
epoch 1:  27%|██▋       | 203/750 [05:02<12:57,  1.42s/it, cont=0.3585, gate=0.1744]
epoch 1:  27%|██▋       | 204/750 [05:03<13:09,  1.45s/it, cont=0.3585, gate=0.1744]
epoch 1:  27%|██▋       | 205/750 [05:05<13:00,  1.43s/it, cont=0.3585, gate=0.1744]
epoch 1:  27%|██▋       | 206/750 [05:06<13:12,  1.46s/it, cont=0.3585, gate=0.1744]
epoch 1:  28%|██▊       | 207/750 [05:08<14:17,  1.58s/it, cont=0.3585, gate=0.1744]
epoch 1:  28%|██▊       | 208/750 [05:10<14:15,  1.58s/it, cont=0.3585, gate=0.1744]
epoch 1:  28%|██▊       | 209/750 [05:11<13:48,  1.53s/it, cont=0.3585, gate=0.1744]
epoch 1:  28%|██▊       | 210/750 [05:12<13:44,  1.53s/it, cont=0.3585, gate=0.1744]
epoch 1:  28%|██▊       | 211/750 [05:14<13:40,  1.52s/it, cont=0.3585, gate=0.1744]
epoch 1:  28%|██▊       | 212/750 [05:16<13:36,  1.52s/it, cont=0.3585, gate=0.1744]
epoch 1:  28%|██▊       | 213/750 [05:17<13:18,  1.49s/it, cont=0.3585, gate=0.1744]
epoch 1:  29%|██▊       | 214/750 [05:18<13:18,  1.49s/it, cont=0.3585, gate=0.1744]
epoch 1:  29%|██▊       | 215/750 [05:20<13:01,  1.46s/it, cont=0.3585, gate=0.1744]
epoch 1:  29%|██▉       | 216/750 [05:21<12:54,  1.45s/it, cont=0.3585, gate=0.1744]
epoch 1:  29%|██▉       | 217/750 [05:23<13:19,  1.50s/it, cont=0.3585, gate=0.1744]
epoch 1:  29%|██▉       | 218/750 [05:24<13:08,  1.48s/it, cont=0.3585, gate=0.1744]
epoch 1:  29%|██▉       | 219/750 [05:26<13:13,  1.49s/it, cont=0.3585, gate=0.1744]
epoch 1:  29%|██▉       | 220/750 [05:27<13:08,  1.49s/it, cont=0.3585, gate=0.1744]
epoch 1:  29%|██▉       | 221/750 [05:29<13:07,  1.49s/it, cont=0.3585, gate=0.1744]
epoch 1:  30%|██▉       | 222/750 [05:30<12:46,  1.45s/it, cont=0.3585, gate=0.1744]
epoch 1:  30%|██▉       | 223/750 [05:32<12:35,  1.43s/it, cont=0.3585, gate=0.1744]
epoch 1:  30%|██▉       | 224/750 [05:33<12:36,  1.44s/it, cont=0.3585, gate=0.1744]
epoch 1:  30%|███       | 225/750 [05:35<12:51,  1.47s/it, cont=0.3585, gate=0.1744]
epoch 1:  30%|███       | 225/750 [05:36<12:51,  1.47s/it, cont=0.2788, gate=0.1099]
epoch 1:  30%|███       | 226/750 [05:36<13:06,  1.50s/it, cont=0.2788, gate=0.1099]
epoch 1:  30%|███       | 227/750 [05:38<13:21,  1.53s/it, cont=0.2788, gate=0.1099]
epoch 1:  30%|███       | 228/750 [05:39<13:08,  1.51s/it, cont=0.2788, gate=0.1099]
epoch 1:  31%|███       | 229/750 [05:41<12:50,  1.48s/it, cont=0.2788, gate=0.1099]
epoch 1:  31%|███       | 230/750 [05:42<12:59,  1.50s/it, cont=0.2788, gate=0.1099]
epoch 1:  31%|███       | 231/750 [05:44<12:46,  1.48s/it, cont=0.2788, gate=0.1099]
epoch 1:  31%|███       | 232/750 [05:45<12:36,  1.46s/it, cont=0.2788, gate=0.1099]
epoch 1:  31%|███       | 233/750 [05:46<12:29,  1.45s/it, cont=0.2788, gate=0.1099]
epoch 1:  31%|███       | 234/750 [05:48<12:37,  1.47s/it, cont=0.2788, gate=0.1099]
epoch 1:  31%|███▏      | 235/750 [05:50<13:14,  1.54s/it, cont=0.2788, gate=0.1099]
epoch 1:  31%|███▏      | 236/750 [05:51<13:25,  1.57s/it, cont=0.2788, gate=0.1099]
epoch 1:  32%|███▏      | 237/750 [05:53<13:04,  1.53s/it, cont=0.2788, gate=0.1099]
epoch 1:  32%|███▏      | 238/750 [05:54<12:32,  1.47s/it, cont=0.2788, gate=0.1099]
epoch 1:  32%|███▏      | 239/750 [05:56<12:33,  1.47s/it, cont=0.2788, gate=0.1099]
epoch 1:  32%|███▏      | 240/750 [05:57<12:19,  1.45s/it, cont=0.2788, gate=0.1099]
epoch 1:  32%|███▏      | 241/750 [05:58<12:14,  1.44s/it, cont=0.2788, gate=0.1099]
epoch 1:  32%|███▏      | 242/750 [06:00<12:09,  1.44s/it, cont=0.2788, gate=0.1099]
epoch 1:  32%|███▏      | 243/750 [06:01<12:42,  1.50s/it, cont=0.2788, gate=0.1099]
epoch 1:  33%|███▎      | 244/750 [06:03<12:42,  1.51s/it, cont=0.2788, gate=0.1099]
epoch 1:  33%|███▎      | 245/750 [06:04<12:30,  1.49s/it, cont=0.2788, gate=0.1099]
epoch 1:  33%|███▎      | 246/750 [06:06<12:07,  1.44s/it, cont=0.2788, gate=0.1099]
epoch 1:  33%|███▎      | 247/750 [06:07<12:33,  1.50s/it, cont=0.2788, gate=0.1099]
epoch 1:  33%|███▎      | 248/750 [06:09<12:23,  1.48s/it, cont=0.2788, gate=0.1099]
epoch 1:  33%|███▎      | 249/750 [06:10<12:16,  1.47s/it, cont=0.2788, gate=0.1099]
epoch 1:  33%|███▎      | 250/750 [06:12<12:20,  1.48s/it, cont=0.2788, gate=0.1099]
epoch 1:  33%|███▎      | 250/750 [06:13<12:20,  1.48s/it, cont=0.3387, gate=0.0543]
epoch 1:  33%|███▎      | 251/750 [06:13<12:44,  1.53s/it, cont=0.3387, gate=0.0543]
epoch 1:  34%|███▎      | 252/750 [06:15<12:25,  1.50s/it, cont=0.3387, gate=0.0543]
epoch 1:  34%|███▎      | 253/750 [06:16<12:30,  1.51s/it, cont=0.3387, gate=0.0543]
epoch 1:  34%|███▍      | 254/750 [06:18<12:10,  1.47s/it, cont=0.3387, gate=0.0543]
epoch 1:  34%|███▍      | 255/750 [06:19<11:54,  1.44s/it, cont=0.3387, gate=0.0543]
epoch 1:  34%|███▍      | 256/750 [06:21<11:56,  1.45s/it, cont=0.3387, gate=0.0543]
epoch 1:  34%|███▍      | 257/750 [06:22<11:49,  1.44s/it, cont=0.3387, gate=0.0543]
epoch 1:  34%|███▍      | 258/750 [06:24<12:07,  1.48s/it, cont=0.3387, gate=0.0543]
epoch 1:  35%|███▍      | 259/750 [06:25<11:56,  1.46s/it, cont=0.3387, gate=0.0543]
epoch 1:  35%|███▍      | 260/750 [06:27<12:20,  1.51s/it, cont=0.3387, gate=0.0543]
epoch 1:  35%|███▍      | 261/750 [06:28<12:11,  1.50s/it, cont=0.3387, gate=0.0543]
epoch 1:  35%|███▍      | 262/750 [06:30<12:13,  1.50s/it, cont=0.3387, gate=0.0543]
epoch 1:  35%|███▌      | 263/750 [06:31<12:14,  1.51s/it, cont=0.3387, gate=0.0543]
epoch 1:  35%|███▌      | 264/750 [06:33<12:02,  1.49s/it, cont=0.3387, gate=0.0543]
epoch 1:  35%|███▌      | 265/750 [06:34<11:50,  1.46s/it, cont=0.3387, gate=0.0543]
epoch 1:  35%|███▌      | 266/750 [06:35<11:51,  1.47s/it, cont=0.3387, gate=0.0543]
epoch 1:  36%|███▌      | 267/750 [06:37<11:41,  1.45s/it, cont=0.3387, gate=0.0543]
epoch 1:  36%|███▌      | 268/750 [06:38<12:00,  1.49s/it, cont=0.3387, gate=0.0543]
epoch 1:  36%|███▌      | 269/750 [06:40<12:07,  1.51s/it, cont=0.3387, gate=0.0543]
epoch 1:  36%|███▌      | 270/750 [06:41<11:42,  1.46s/it, cont=0.3387, gate=0.0543]
epoch 1:  36%|███▌      | 271/750 [06:43<11:50,  1.48s/it, cont=0.3387, gate=0.0543]
epoch 1:  36%|███▋      | 272/750 [06:44<11:37,  1.46s/it, cont=0.3387, gate=0.0543]
epoch 1:  36%|███▋      | 273/750 [06:46<11:45,  1.48s/it, cont=0.3387, gate=0.0543]
epoch 1:  37%|███▋      | 274/750 [06:47<11:35,  1.46s/it, cont=0.3387, gate=0.0543]
epoch 1:  37%|███▋      | 275/750 [06:49<11:46,  1.49s/it, cont=0.3387, gate=0.0543]
epoch 1:  37%|███▋      | 275/750 [06:50<11:46,  1.49s/it, cont=0.3473, gate=0.1388]
epoch 1:  37%|███▋      | 276/750 [06:50<11:51,  1.50s/it, cont=0.3473, gate=0.1388]
epoch 1:  37%|███▋      | 277/750 [06:52<11:54,  1.51s/it, cont=0.3473, gate=0.1388]
epoch 1:  37%|███▋      | 278/750 [06:53<11:47,  1.50s/it, cont=0.3473, gate=0.1388]
epoch 1:  37%|███▋      | 279/750 [06:55<11:32,  1.47s/it, cont=0.3473, gate=0.1388]
epoch 1:  37%|███▋      | 280/750 [06:56<11:35,  1.48s/it, cont=0.3473, gate=0.1388]
epoch 1:  37%|███▋      | 281/750 [06:58<11:46,  1.51s/it, cont=0.3473, gate=0.1388]
epoch 1:  38%|███▊      | 282/750 [06:59<11:40,  1.50s/it, cont=0.3473, gate=0.1388]
epoch 1:  38%|███▊      | 283/750 [07:01<11:48,  1.52s/it, cont=0.3473, gate=0.1388]
epoch 1:  38%|███▊      | 284/750 [07:03<12:29,  1.61s/it, cont=0.3473, gate=0.1388]
epoch 1:  38%|███▊      | 285/750 [07:04<12:03,  1.56s/it, cont=0.3473, gate=0.1388]
epoch 1:  38%|███▊      | 286/750 [07:05<11:38,  1.51s/it, cont=0.3473, gate=0.1388]
epoch 1:  38%|███▊      | 287/750 [07:07<11:36,  1.50s/it, cont=0.3473, gate=0.1388]
epoch 1:  38%|███▊      | 288/750 [07:08<11:20,  1.47s/it, cont=0.3473, gate=0.1388]
epoch 1:  39%|███▊      | 289/750 [07:10<11:24,  1.49s/it, cont=0.3473, gate=0.1388]
epoch 1:  39%|███▊      | 290/750 [07:11<11:26,  1.49s/it, cont=0.3473, gate=0.1388]
epoch 1:  39%|███▉      | 291/750 [07:14<12:52,  1.68s/it, cont=0.3473, gate=0.1388]
epoch 1:  39%|███▉      | 292/750 [07:15<12:40,  1.66s/it, cont=0.3473, gate=0.1388]
epoch 1:  39%|███▉      | 293/750 [07:17<12:25,  1.63s/it, cont=0.3473, gate=0.1388]
epoch 1:  39%|███▉      | 294/750 [07:18<12:05,  1.59s/it, cont=0.3473, gate=0.1388]
epoch 1:  39%|███▉      | 295/750 [07:20<11:39,  1.54s/it, cont=0.3473, gate=0.1388]
epoch 1:  39%|███▉      | 296/750 [07:21<11:40,  1.54s/it, cont=0.3473, gate=0.1388]
epoch 1:  40%|███▉      | 297/750 [07:23<11:33,  1.53s/it, cont=0.3473, gate=0.1388]
epoch 1:  40%|███▉      | 298/750 [07:24<11:24,  1.51s/it, cont=0.3473, gate=0.1388]
epoch 1:  40%|███▉      | 299/750 [07:26<11:18,  1.50s/it, cont=0.3473, gate=0.1388]
epoch 1:  40%|████      | 300/750 [07:27<11:14,  1.50s/it, cont=0.3473, gate=0.1388]
epoch 1:  40%|████      | 300/750 [07:28<11:14,  1.50s/it, cont=0.2641, gate=0.2507]
epoch 1:  40%|████      | 301/750 [07:28<10:59,  1.47s/it, cont=0.2641, gate=0.2507]
epoch 1:  40%|████      | 302/750 [07:30<11:24,  1.53s/it, cont=0.2641, gate=0.2507]
epoch 1:  40%|████      | 303/750 [07:32<11:06,  1.49s/it, cont=0.2641, gate=0.2507]
epoch 1:  41%|████      | 304/750 [07:33<11:16,  1.52s/it, cont=0.2641, gate=0.2507]
epoch 1:  41%|████      | 305/750 [07:35<11:03,  1.49s/it, cont=0.2641, gate=0.2507]
epoch 1:  41%|████      | 306/750 [07:36<11:41,  1.58s/it, cont=0.2641, gate=0.2507]
epoch 1:  41%|████      | 307/750 [07:38<11:40,  1.58s/it, cont=0.2641, gate=0.2507]
epoch 1:  41%|████      | 308/750 [07:40<11:49,  1.61s/it, cont=0.2641, gate=0.2507]
epoch 1:  41%|████      | 309/750 [07:41<11:36,  1.58s/it, cont=0.2641, gate=0.2507]
epoch 1:  41%|████▏     | 310/750 [07:43<11:35,  1.58s/it, cont=0.2641, gate=0.2507]
epoch 1:  41%|████▏     | 311/750 [07:44<11:16,  1.54s/it, cont=0.2641, gate=0.2507]
epoch 1:  42%|████▏     | 312/750 [07:46<11:08,  1.53s/it, cont=0.2641, gate=0.2507]
epoch 1:  42%|████▏     | 313/750 [07:47<11:16,  1.55s/it, cont=0.2641, gate=0.2507]
epoch 1:  42%|████▏     | 314/750 [07:49<11:08,  1.53s/it, cont=0.2641, gate=0.2507]
epoch 1:  42%|████▏     | 315/750 [07:50<11:01,  1.52s/it, cont=0.2641, gate=0.2507]
epoch 1:  42%|████▏     | 316/750 [07:52<11:02,  1.53s/it, cont=0.2641, gate=0.2507]
epoch 1:  42%|████▏     | 317/750 [07:53<10:40,  1.48s/it, cont=0.2641, gate=0.2507]
epoch 1:  42%|████▏     | 318/750 [07:55<10:39,  1.48s/it, cont=0.2641, gate=0.2507]
epoch 1:  43%|████▎     | 319/750 [07:56<10:45,  1.50s/it, cont=0.2641, gate=0.2507]
epoch 1:  43%|████▎     | 320/750 [07:58<10:55,  1.52s/it, cont=0.2641, gate=0.2507]
epoch 1:  43%|████▎     | 321/750 [08:00<11:39,  1.63s/it, cont=0.2641, gate=0.2507]
epoch 1:  43%|████▎     | 322/750 [08:01<11:23,  1.60s/it, cont=0.2641, gate=0.2507]
epoch 1:  43%|████▎     | 323/750 [08:03<10:57,  1.54s/it, cont=0.2641, gate=0.2507]
epoch 1:  43%|████▎     | 324/750 [08:04<10:58,  1.54s/it, cont=0.2641, gate=0.2507]
epoch 1:  43%|████▎     | 325/750 [08:06<10:39,  1.50s/it, cont=0.2641, gate=0.2507]
epoch 1:  43%|████▎     | 325/750 [08:07<10:39,  1.50s/it, cont=0.2367, gate=0.1246]
epoch 1:  43%|████▎     | 326/750 [08:07<11:03,  1.57s/it, cont=0.2367, gate=0.1246]
epoch 1:  44%|████▎     | 327/750 [08:09<11:14,  1.60s/it, cont=0.2367, gate=0.1246]
epoch 1:  44%|████▎     | 328/750 [08:10<10:58,  1.56s/it, cont=0.2367, gate=0.1246]
epoch 1:  44%|████▍     | 329/750 [08:12<11:32,  1.64s/it, cont=0.2367, gate=0.1246]
epoch 1:  44%|████▍     | 330/750 [08:14<11:10,  1.60s/it, cont=0.2367, gate=0.1246]
epoch 1:  44%|████▍     | 331/750 [08:15<10:49,  1.55s/it, cont=0.2367, gate=0.1246]
epoch 1:  44%|████▍     | 332/750 [08:17<10:43,  1.54s/it, cont=0.2367, gate=0.1246]
epoch 1:  44%|████▍     | 333/750 [08:18<10:42,  1.54s/it, cont=0.2367, gate=0.1246]
epoch 1:  45%|████▍     | 334/750 [08:20<10:25,  1.50s/it, cont=0.2367, gate=0.1246]
epoch 1:  45%|████▍     | 335/750 [08:21<10:14,  1.48s/it, cont=0.2367, gate=0.1246]
epoch 1:  45%|████▍     | 336/750 [08:23<10:19,  1.50s/it, cont=0.2367, gate=0.1246]
epoch 1:  45%|████▍     | 337/750 [08:24<10:27,  1.52s/it, cont=0.2367, gate=0.1246]
epoch 1:  45%|████▌     | 338/750 [08:26<10:17,  1.50s/it, cont=0.2367, gate=0.1246]
epoch 1:  45%|████▌     | 339/750 [08:27<10:08,  1.48s/it, cont=0.2367, gate=0.1246]
epoch 1:  45%|████▌     | 340/750 [08:29<10:05,  1.48s/it, cont=0.2367, gate=0.1246]
epoch 1:  45%|████▌     | 341/750 [08:30<10:53,  1.60s/it, cont=0.2367, gate=0.1246]
epoch 1:  46%|████▌     | 342/750 [08:32<10:42,  1.57s/it, cont=0.2367, gate=0.1246]
epoch 1:  46%|████▌     | 343/750 [08:34<10:53,  1.61s/it, cont=0.2367, gate=0.1246]
epoch 1:  46%|████▌     | 344/750 [08:35<10:52,  1.61s/it, cont=0.2367, gate=0.1246]
epoch 1:  46%|████▌     | 345/750 [08:37<11:17,  1.67s/it, cont=0.2367, gate=0.1246]
epoch 1:  46%|████▌     | 346/750 [08:38<10:44,  1.59s/it, cont=0.2367, gate=0.1246]
epoch 1:  46%|████▋     | 347/750 [08:40<10:31,  1.57s/it, cont=0.2367, gate=0.1246]
epoch 1:  46%|████▋     | 348/750 [08:41<10:21,  1.55s/it, cont=0.2367, gate=0.1246]
epoch 1:  47%|████▋     | 349/750 [08:43<10:16,  1.54s/it, cont=0.2367, gate=0.1246]
epoch 1:  47%|████▋     | 350/750 [08:44<10:08,  1.52s/it, cont=0.2367, gate=0.1246]
epoch 1:  47%|████▋     | 350/750 [08:46<10:08,  1.52s/it, cont=0.2819, gate=0.2113]
epoch 1:  47%|████▋     | 351/750 [08:46<10:11,  1.53s/it, cont=0.2819, gate=0.2113]
epoch 1:  47%|████▋     | 352/750 [08:48<10:13,  1.54s/it, cont=0.2819, gate=0.2113]
epoch 1:  47%|████▋     | 353/750 [08:49<09:51,  1.49s/it, cont=0.2819, gate=0.2113]
epoch 1:  47%|████▋     | 354/750 [08:50<09:39,  1.46s/it, cont=0.2819, gate=0.2113]
epoch 1:  47%|████▋     | 355/750 [08:52<09:41,  1.47s/it, cont=0.2819, gate=0.2113]
epoch 1:  47%|████▋     | 356/750 [08:53<09:31,  1.45s/it, cont=0.2819, gate=0.2113]
epoch 1:  48%|████▊     | 357/750 [08:55<09:30,  1.45s/it, cont=0.2819, gate=0.2113]
epoch 1:  48%|████▊     | 358/750 [08:56<09:35,  1.47s/it, cont=0.2819, gate=0.2113]
epoch 1:  48%|████▊     | 359/750 [08:57<09:16,  1.42s/it, cont=0.2819, gate=0.2113]
epoch 1:  48%|████▊     | 360/750 [08:59<09:14,  1.42s/it, cont=0.2819, gate=0.2113]
epoch 1:  48%|████▊     | 361/750 [09:00<09:13,  1.42s/it, cont=0.2819, gate=0.2113]
epoch 1:  48%|████▊     | 362/750 [09:02<09:16,  1.43s/it, cont=0.2819, gate=0.2113]
epoch 1:  48%|████▊     | 363/750 [09:03<09:41,  1.50s/it, cont=0.2819, gate=0.2113]
epoch 1:  49%|████▊     | 364/750 [09:05<09:40,  1.50s/it, cont=0.2819, gate=0.2113]
epoch 1:  49%|████▊     | 365/750 [09:06<09:27,  1.47s/it, cont=0.2819, gate=0.2113]
epoch 1:  49%|████▉     | 366/750 [09:08<09:18,  1.46s/it, cont=0.2819, gate=0.2113]
epoch 1:  49%|████▉     | 367/750 [09:09<09:30,  1.49s/it, cont=0.2819, gate=0.2113]
epoch 1:  49%|████▉     | 368/750 [09:11<09:18,  1.46s/it, cont=0.2819, gate=0.2113]
epoch 1:  49%|████▉     | 369/750 [09:12<09:11,  1.45s/it, cont=0.2819, gate=0.2113]
epoch 1:  49%|████▉     | 370/750 [09:14<09:10,  1.45s/it, cont=0.2819, gate=0.2113]
epoch 1:  49%|████▉     | 371/750 [09:15<08:54,  1.41s/it, cont=0.2819, gate=0.2113]
epoch 1:  50%|████▉     | 372/750 [09:16<09:01,  1.43s/it, cont=0.2819, gate=0.2113]
epoch 1:  50%|████▉     | 373/750 [09:18<09:07,  1.45s/it, cont=0.2819, gate=0.2113]
epoch 1:  50%|████▉     | 374/750 [09:19<09:10,  1.46s/it, cont=0.2819, gate=0.2113]
epoch 1:  50%|█████     | 375/750 [09:21<08:57,  1.43s/it, cont=0.2819, gate=0.2113]
epoch 1:  50%|█████     | 375/750 [09:22<08:57,  1.43s/it, cont=0.2327, gate=0.1856]
epoch 1:  50%|█████     | 376/750 [09:22<08:59,  1.44s/it, cont=0.2327, gate=0.1856]
epoch 1:  50%|█████     | 377/750 [09:24<08:49,  1.42s/it, cont=0.2327, gate=0.1856]
epoch 1:  50%|█████     | 378/750 [09:25<08:59,  1.45s/it, cont=0.2327, gate=0.1856]
epoch 1:  51%|█████     | 379/750 [09:26<08:46,  1.42s/it, cont=0.2327, gate=0.1856]
epoch 1:  51%|█████     | 380/750 [09:28<08:43,  1.41s/it, cont=0.2327, gate=0.1856]
epoch 1:  51%|█████     | 381/750 [09:29<08:40,  1.41s/it, cont=0.2327, gate=0.1856]
epoch 1:  51%|█████     | 382/750 [09:31<08:35,  1.40s/it, cont=0.2327, gate=0.1856]
epoch 1:  51%|█████     | 383/750 [09:32<09:06,  1.49s/it, cont=0.2327, gate=0.1856]
epoch 1:  51%|█████     | 384/750 [09:34<09:12,  1.51s/it, cont=0.2327, gate=0.1856]
epoch 1:  51%|█████▏    | 385/750 [09:35<08:52,  1.46s/it, cont=0.2327, gate=0.1856]
epoch 1:  51%|█████▏    | 386/750 [09:37<08:51,  1.46s/it, cont=0.2327, gate=0.1856]
epoch 1:  52%|█████▏    | 387/750 [09:39<09:31,  1.58s/it, cont=0.2327, gate=0.1856]
epoch 1:  52%|█████▏    | 388/750 [09:40<09:10,  1.52s/it, cont=0.2327, gate=0.1856]
epoch 1:  52%|█████▏    | 389/750 [09:42<09:13,  1.53s/it, cont=0.2327, gate=0.1856]
epoch 1:  52%|█████▏    | 390/750 [09:43<09:00,  1.50s/it, cont=0.2327, gate=0.1856]
epoch 1:  52%|█████▏    | 391/750 [09:44<08:53,  1.48s/it, cont=0.2327, gate=0.1856]
epoch 1:  52%|█████▏    | 392/750 [09:46<08:49,  1.48s/it, cont=0.2327, gate=0.1856]
epoch 1:  52%|█████▏    | 393/750 [09:47<09:00,  1.52s/it, cont=0.2327, gate=0.1856]
epoch 1:  53%|█████▎    | 394/750 [09:49<08:58,  1.51s/it, cont=0.2327, gate=0.1856]
epoch 1:  53%|█████▎    | 395/750 [09:51<09:04,  1.53s/it, cont=0.2327, gate=0.1856]
epoch 1:  53%|█████▎    | 396/750 [09:52<09:10,  1.55s/it, cont=0.2327, gate=0.1856]
epoch 1:  53%|█████▎    | 397/750 [09:54<08:53,  1.51s/it, cont=0.2327, gate=0.1856]
epoch 1:  53%|█████▎    | 398/750 [09:55<08:47,  1.50s/it, cont=0.2327, gate=0.1856]
epoch 1:  53%|█████▎    | 399/750 [09:57<08:46,  1.50s/it, cont=0.2327, gate=0.1856]
epoch 1:  53%|█████▎    | 400/750 [09:58<08:57,  1.54s/it, cont=0.2327, gate=0.1856]
epoch 1:  53%|█████▎    | 400/750 [10:00<08:57,  1.54s/it, cont=0.2766, gate=0.1588]
epoch 1:  53%|█████▎    | 401/750 [10:00<08:57,  1.54s/it, cont=0.2766, gate=0.1588]
epoch 1:  54%|█████▎    | 402/750 [10:01<08:41,  1.50s/it, cont=0.2766, gate=0.1588]
epoch 1:  54%|█████▎    | 403/750 [10:03<08:48,  1.52s/it, cont=0.2766, gate=0.1588]
epoch 1:  54%|█████▍    | 404/750 [10:04<08:43,  1.51s/it, cont=0.2766, gate=0.1588]
epoch 1:  54%|█████▍    | 405/750 [10:06<08:46,  1.53s/it, cont=0.2766, gate=0.1588]
epoch 1:  54%|█████▍    | 406/750 [10:07<08:47,  1.53s/it, cont=0.2766, gate=0.1588]
epoch 1:  54%|█████▍    | 407/750 [10:09<08:55,  1.56s/it, cont=0.2766, gate=0.1588]
epoch 1:  54%|█████▍    | 408/750 [10:10<08:34,  1.51s/it, cont=0.2766, gate=0.1588]
epoch 1:  55%|█████▍    | 409/750 [10:12<08:28,  1.49s/it, cont=0.2766, gate=0.1588]
epoch 1:  55%|█████▍    | 410/750 [10:13<08:18,  1.47s/it, cont=0.2766, gate=0.1588]
epoch 1:  55%|█████▍    | 411/750 [10:15<08:22,  1.48s/it, cont=0.2766, gate=0.1588]
epoch 1:  55%|█████▍    | 412/750 [10:16<08:26,  1.50s/it, cont=0.2766, gate=0.1588]
epoch 1:  55%|█████▌    | 413/750 [10:18<08:31,  1.52s/it, cont=0.2766, gate=0.1588]
epoch 1:  55%|█████▌    | 414/750 [10:19<08:19,  1.49s/it, cont=0.2766, gate=0.1588]
epoch 1:  55%|█████▌    | 415/750 [10:21<08:10,  1.46s/it, cont=0.2766, gate=0.1588]
epoch 1:  55%|█████▌    | 416/750 [10:22<08:01,  1.44s/it, cont=0.2766, gate=0.1588]
epoch 1:  56%|█████▌    | 417/750 [10:23<07:58,  1.44s/it, cont=0.2766, gate=0.1588]
epoch 1:  56%|█████▌    | 418/750 [10:25<07:57,  1.44s/it, cont=0.2766, gate=0.1588]
epoch 1:  56%|█████▌    | 419/750 [10:26<07:39,  1.39s/it, cont=0.2766, gate=0.1588]
epoch 1:  56%|█████▌    | 420/750 [10:28<08:14,  1.50s/it, cont=0.2766, gate=0.1588]
epoch 1:  56%|█████▌    | 421/750 [10:29<08:10,  1.49s/it, cont=0.2766, gate=0.1588]
epoch 1:  56%|█████▋    | 422/750 [10:31<08:01,  1.47s/it, cont=0.2766, gate=0.1588]
epoch 1:  56%|█████▋    | 423/750 [10:32<07:57,  1.46s/it, cont=0.2766, gate=0.1588]
epoch 1:  57%|█████▋    | 424/750 [10:34<07:58,  1.47s/it, cont=0.2766, gate=0.1588]
epoch 1:  57%|█████▋    | 425/750 [10:35<08:09,  1.51s/it, cont=0.2766, gate=0.1588]
epoch 1:  57%|█████▋    | 425/750 [10:37<08:09,  1.51s/it, cont=0.3334, gate=0.1822]
epoch 1:  57%|█████▋    | 426/750 [10:37<08:00,  1.48s/it, cont=0.3334, gate=0.1822]
epoch 1:  57%|█████▋    | 427/750 [10:38<07:50,  1.46s/it, cont=0.3334, gate=0.1822]
epoch 1:  57%|█████▋    | 428/750 [10:40<07:54,  1.47s/it, cont=0.3334, gate=0.1822]
epoch 1:  57%|█████▋    | 429/750 [10:41<07:50,  1.47s/it, cont=0.3334, gate=0.1822]
epoch 1:  57%|█████▋    | 430/750 [10:43<07:48,  1.47s/it, cont=0.3334, gate=0.1822]
epoch 1:  57%|█████▋    | 431/750 [10:44<07:41,  1.45s/it, cont=0.3334, gate=0.1822]
epoch 1:  58%|█████▊    | 432/750 [10:45<07:38,  1.44s/it, cont=0.3334, gate=0.1822]
epoch 1:  58%|█████▊    | 433/750 [10:47<07:37,  1.44s/it, cont=0.3334, gate=0.1822]
epoch 1:  58%|█████▊    | 434/750 [10:48<07:36,  1.45s/it, cont=0.3334, gate=0.1822]
epoch 1:  58%|█████▊    | 435/750 [10:50<07:44,  1.48s/it, cont=0.3334, gate=0.1822]
epoch 1:  58%|█████▊    | 436/750 [10:51<08:00,  1.53s/it, cont=0.3334, gate=0.1822]
epoch 1:  58%|█████▊    | 437/750 [10:53<07:52,  1.51s/it, cont=0.3334, gate=0.1822]
epoch 1:  58%|█████▊    | 438/750 [10:54<07:52,  1.52s/it, cont=0.3334, gate=0.1822]
epoch 1:  59%|█████▊    | 439/750 [10:56<07:59,  1.54s/it, cont=0.3334, gate=0.1822]
epoch 1:  59%|█████▊    | 440/750 [10:58<07:58,  1.54s/it, cont=0.3334, gate=0.1822]
epoch 1:  59%|█████▉    | 441/750 [10:59<07:55,  1.54s/it, cont=0.3334, gate=0.1822]
epoch 1:  59%|█████▉    | 442/750 [11:01<07:49,  1.52s/it, cont=0.3334, gate=0.1822]
epoch 1:  59%|█████▉    | 443/750 [11:02<07:32,  1.47s/it, cont=0.3334, gate=0.1822]
epoch 1:  59%|█████▉    | 444/750 [11:03<07:33,  1.48s/it, cont=0.3334, gate=0.1822]
epoch 1:  59%|█████▉    | 445/750 [11:05<07:34,  1.49s/it, cont=0.3334, gate=0.1822]
epoch 1:  59%|█████▉    | 446/750 [11:07<07:49,  1.55s/it, cont=0.3334, gate=0.1822]
epoch 1:  60%|█████▉    | 447/750 [11:08<07:39,  1.52s/it, cont=0.3334, gate=0.1822]
epoch 1:  60%|█████▉    | 448/750 [11:10<07:50,  1.56s/it, cont=0.3334, gate=0.1822]
epoch 1:  60%|█████▉    | 449/750 [11:11<07:56,  1.58s/it, cont=0.3334, gate=0.1822]
epoch 1:  60%|██████    | 450/750 [11:13<08:03,  1.61s/it, cont=0.3334, gate=0.1822]
epoch 1:  60%|██████    | 450/750 [11:15<08:03,  1.61s/it, cont=0.2644, gate=0.0876]
epoch 1:  60%|██████    | 451/750 [11:15<07:50,  1.57s/it, cont=0.2644, gate=0.0876]
epoch 1:  60%|██████    | 452/750 [11:16<07:39,  1.54s/it, cont=0.2644, gate=0.0876]
epoch 1:  60%|██████    | 453/750 [11:17<07:30,  1.52s/it, cont=0.2644, gate=0.0876]
epoch 1:  61%|██████    | 454/750 [11:19<07:15,  1.47s/it, cont=0.2644, gate=0.0876]
epoch 1:  61%|██████    | 455/750 [11:20<07:27,  1.52s/it, cont=0.2644, gate=0.0876]
epoch 1:  61%|██████    | 456/750 [11:22<07:10,  1.46s/it, cont=0.2644, gate=0.0876]
epoch 1:  61%|██████    | 457/750 [11:23<07:17,  1.49s/it, cont=0.2644, gate=0.0876]
epoch 1:  61%|██████    | 458/750 [11:25<07:06,  1.46s/it, cont=0.2644, gate=0.0876]
epoch 1:  61%|██████    | 459/750 [11:26<07:16,  1.50s/it, cont=0.2644, gate=0.0876]
epoch 1:  61%|██████▏   | 460/750 [11:28<07:09,  1.48s/it, cont=0.2644, gate=0.0876]
epoch 1:  61%|██████▏   | 461/750 [11:29<07:09,  1.49s/it, cont=0.2644, gate=0.0876]
epoch 1:  62%|██████▏   | 462/750 [11:31<07:10,  1.49s/it, cont=0.2644, gate=0.0876]
epoch 1:  62%|██████▏   | 463/750 [11:32<07:02,  1.47s/it, cont=0.2644, gate=0.0876]
epoch 1:  62%|██████▏   | 464/750 [11:34<06:59,  1.47s/it, cont=0.2644, gate=0.0876]
epoch 1:  62%|██████▏   | 465/750 [11:35<07:09,  1.51s/it, cont=0.2644, gate=0.0876]
epoch 1:  62%|██████▏   | 466/750 [11:37<07:00,  1.48s/it, cont=0.2644, gate=0.0876]
epoch 1:  62%|██████▏   | 467/750 [11:38<06:58,  1.48s/it, cont=0.2644, gate=0.0876]
epoch 1:  62%|██████▏   | 468/750 [11:40<06:51,  1.46s/it, cont=0.2644, gate=0.0876]
epoch 1:  63%|██████▎   | 469/750 [11:41<06:53,  1.47s/it, cont=0.2644, gate=0.0876]
epoch 1:  63%|██████▎   | 470/750 [11:43<07:00,  1.50s/it, cont=0.2644, gate=0.0876]
epoch 1:  63%|██████▎   | 471/750 [11:44<06:55,  1.49s/it, cont=0.2644, gate=0.0876]
epoch 1:  63%|██████▎   | 472/750 [11:46<06:51,  1.48s/it, cont=0.2644, gate=0.0876]
epoch 1:  63%|██████▎   | 473/750 [11:47<06:55,  1.50s/it, cont=0.2644, gate=0.0876]
epoch 1:  63%|██████▎   | 474/750 [11:49<07:08,  1.55s/it, cont=0.2644, gate=0.0876]
epoch 1:  63%|██████▎   | 475/750 [11:50<06:48,  1.48s/it, cont=0.2644, gate=0.0876]
epoch 1:  63%|██████▎   | 475/750 [11:52<06:48,  1.48s/it, cont=0.2411, gate=0.1310]
epoch 1:  63%|██████▎   | 476/750 [11:52<06:41,  1.46s/it, cont=0.2411, gate=0.1310]
epoch 1:  64%|██████▎   | 477/750 [11:53<06:36,  1.45s/it, cont=0.2411, gate=0.1310]
epoch 1:  64%|██████▎   | 478/750 [11:54<06:39,  1.47s/it, cont=0.2411, gate=0.1310]
epoch 1:  64%|██████▍   | 479/750 [11:56<06:41,  1.48s/it, cont=0.2411, gate=0.1310]
epoch 1:  64%|██████▍   | 480/750 [11:58<06:46,  1.51s/it, cont=0.2411, gate=0.1310]
epoch 1:  64%|██████▍   | 481/750 [11:59<07:15,  1.62s/it, cont=0.2411, gate=0.1310]
epoch 1:  64%|██████▍   | 482/750 [12:01<07:20,  1.64s/it, cont=0.2411, gate=0.1310]
epoch 1:  64%|██████▍   | 483/750 [12:03<07:12,  1.62s/it, cont=0.2411, gate=0.1310]
epoch 1:  65%|██████▍   | 484/750 [12:04<07:09,  1.61s/it, cont=0.2411, gate=0.1310]
epoch 1:  65%|██████▍   | 485/750 [12:06<07:05,  1.60s/it, cont=0.2411, gate=0.1310]
epoch 1:  65%|██████▍   | 486/750 [12:07<06:48,  1.55s/it, cont=0.2411, gate=0.1310]
epoch 1:  65%|██████▍   | 487/750 [12:09<06:41,  1.53s/it, cont=0.2411, gate=0.1310]
epoch 1:  65%|██████▌   | 488/750 [12:10<06:38,  1.52s/it, cont=0.2411, gate=0.1310]
epoch 1:  65%|██████▌   | 489/750 [12:12<06:32,  1.50s/it, cont=0.2411, gate=0.1310]
epoch 1:  65%|██████▌   | 490/750 [12:13<06:24,  1.48s/it, cont=0.2411, gate=0.1310]
epoch 1:  65%|██████▌   | 491/750 [12:15<06:24,  1.48s/it, cont=0.2411, gate=0.1310]
epoch 1:  66%|██████▌   | 492/750 [12:16<06:26,  1.50s/it, cont=0.2411, gate=0.1310]
epoch 1:  66%|██████▌   | 493/750 [12:18<06:25,  1.50s/it, cont=0.2411, gate=0.1310]
epoch 1:  66%|██████▌   | 494/750 [12:19<06:34,  1.54s/it, cont=0.2411, gate=0.1310]
epoch 1:  66%|██████▌   | 495/750 [12:21<06:35,  1.55s/it, cont=0.2411, gate=0.1310]
epoch 1:  66%|██████▌   | 496/750 [12:22<06:30,  1.54s/it, cont=0.2411, gate=0.1310]
epoch 1:  66%|██████▋   | 497/750 [12:24<06:19,  1.50s/it, cont=0.2411, gate=0.1310]
epoch 1:  66%|██████▋   | 498/750 [12:25<06:13,  1.48s/it, cont=0.2411, gate=0.1310]
epoch 1:  67%|██████▋   | 499/750 [12:27<06:10,  1.48s/it, cont=0.2411, gate=0.1310]
epoch 1:  67%|██████▋   | 500/750 [12:28<06:17,  1.51s/it, cont=0.2411, gate=0.1310]
epoch 1:  67%|██████▋   | 500/750 [12:30<06:17,  1.51s/it, cont=0.2563, gate=0.2402]
epoch 1:  67%|██████▋   | 501/750 [12:30<06:10,  1.49s/it, cont=0.2563, gate=0.2402]
epoch 1:  67%|██████▋   | 502/750 [12:31<06:03,  1.46s/it, cont=0.2563, gate=0.2402]
epoch 1:  67%|██████▋   | 503/750 [12:33<05:59,  1.46s/it, cont=0.2563, gate=0.2402]
epoch 1:  67%|██████▋   | 504/750 [12:34<06:15,  1.53s/it, cont=0.2563, gate=0.2402]
epoch 1:  67%|██████▋   | 505/750 [12:36<06:04,  1.49s/it, cont=0.2563, gate=0.2402]
epoch 1:  67%|██████▋   | 506/750 [12:38<06:27,  1.59s/it, cont=0.2563, gate=0.2402]
epoch 1:  68%|██████▊   | 507/750 [12:39<06:13,  1.54s/it, cont=0.2563, gate=0.2402]
epoch 1:  68%|██████▊   | 508/750 [12:40<06:11,  1.53s/it, cont=0.2563, gate=0.2402]
epoch 1:  68%|██████▊   | 509/750 [12:42<06:04,  1.51s/it, cont=0.2563, gate=0.2402]
epoch 1:  68%|██████▊   | 510/750 [12:43<05:58,  1.50s/it, cont=0.2563, gate=0.2402]
epoch 1:  68%|██████▊   | 511/750 [12:45<05:55,  1.49s/it, cont=0.2563, gate=0.2402]
epoch 1:  68%|██████▊   | 512/750 [12:46<05:48,  1.47s/it, cont=0.2563, gate=0.2402]
epoch 1:  68%|██████▊   | 513/750 [12:48<05:49,  1.47s/it, cont=0.2563, gate=0.2402]
epoch 1:  69%|██████▊   | 514/750 [12:49<05:41,  1.45s/it, cont=0.2563, gate=0.2402]
epoch 1:  69%|██████▊   | 515/750 [12:51<05:43,  1.46s/it, cont=0.2563, gate=0.2402]
epoch 1:  69%|██████▉   | 516/750 [12:52<05:36,  1.44s/it, cont=0.2563, gate=0.2402]
epoch 1:  69%|██████▉   | 517/750 [12:54<05:45,  1.48s/it, cont=0.2563, gate=0.2402]
epoch 1:  69%|██████▉   | 518/750 [12:55<05:38,  1.46s/it, cont=0.2563, gate=0.2402]
epoch 1:  69%|██████▉   | 519/750 [12:56<05:35,  1.45s/it, cont=0.2563, gate=0.2402]
epoch 1:  69%|██████▉   | 520/750 [12:58<05:31,  1.44s/it, cont=0.2563, gate=0.2402]
epoch 1:  69%|██████▉   | 521/750 [12:59<05:32,  1.45s/it, cont=0.2563, gate=0.2402]
epoch 1:  70%|██████▉   | 522/750 [13:01<05:29,  1.45s/it, cont=0.2563, gate=0.2402]
epoch 1:  70%|██████▉   | 523/750 [13:02<05:33,  1.47s/it, cont=0.2563, gate=0.2402]
epoch 1:  70%|██████▉   | 524/750 [13:04<05:55,  1.57s/it, cont=0.2563, gate=0.2402]
epoch 1:  70%|███████   | 525/750 [13:06<05:51,  1.56s/it, cont=0.2563, gate=0.2402]
epoch 1:  70%|███████   | 525/750 [13:07<05:51,  1.56s/it, cont=0.2842, gate=0.1750]
epoch 1:  70%|███████   | 526/750 [13:07<05:48,  1.56s/it, cont=0.2842, gate=0.1750]
epoch 1:  70%|███████   | 527/750 [13:09<05:38,  1.52s/it, cont=0.2842, gate=0.1750]
epoch 1:  70%|███████   | 528/750 [13:10<05:33,  1.50s/it, cont=0.2842, gate=0.1750]
epoch 1:  71%|███████   | 529/750 [13:12<05:33,  1.51s/it, cont=0.2842, gate=0.1750]
epoch 1:  71%|███████   | 530/750 [13:13<05:26,  1.48s/it, cont=0.2842, gate=0.1750]
epoch 1:  71%|███████   | 531/750 [13:15<05:30,  1.51s/it, cont=0.2842, gate=0.1750]
epoch 1:  71%|███████   | 532/750 [13:16<05:37,  1.55s/it, cont=0.2842, gate=0.1750]
epoch 1:  71%|███████   | 533/750 [13:18<05:31,  1.53s/it, cont=0.2842, gate=0.1750]
epoch 1:  71%|███████   | 534/750 [13:19<05:34,  1.55s/it, cont=0.2842, gate=0.1750]
epoch 1:  71%|███████▏  | 535/750 [13:21<05:25,  1.51s/it, cont=0.2842, gate=0.1750]
epoch 1:  71%|███████▏  | 536/750 [13:22<05:27,  1.53s/it, cont=0.2842, gate=0.1750]
epoch 1:  72%|███████▏  | 537/750 [13:24<05:20,  1.51s/it, cont=0.2842, gate=0.1750]
epoch 1:  72%|███████▏  | 538/750 [13:25<05:18,  1.50s/it, cont=0.2842, gate=0.1750]
epoch 1:  72%|███████▏  | 539/750 [13:27<05:17,  1.51s/it, cont=0.2842, gate=0.1750]
epoch 1:  72%|███████▏  | 540/750 [13:28<05:16,  1.51s/it, cont=0.2842, gate=0.1750]
epoch 1:  72%|███████▏  | 541/750 [13:30<05:13,  1.50s/it, cont=0.2842, gate=0.1750]
epoch 1:  72%|███████▏  | 542/750 [13:31<05:06,  1.47s/it, cont=0.2842, gate=0.1750]
epoch 1:  72%|███████▏  | 543/750 [13:33<05:05,  1.47s/it, cont=0.2842, gate=0.1750]
epoch 1:  73%|███████▎  | 544/750 [13:34<04:59,  1.46s/it, cont=0.2842, gate=0.1750]
epoch 1:  73%|███████▎  | 545/750 [13:36<05:24,  1.58s/it, cont=0.2842, gate=0.1750]
epoch 1:  73%|███████▎  | 546/750 [13:37<05:17,  1.55s/it, cont=0.2842, gate=0.1750]
epoch 1:  73%|███████▎  | 547/750 [13:39<05:18,  1.57s/it, cont=0.2842, gate=0.1750]
epoch 1:  73%|███████▎  | 548/750 [13:40<05:10,  1.54s/it, cont=0.2842, gate=0.1750]
epoch 1:  73%|███████▎  | 549/750 [13:42<05:10,  1.55s/it, cont=0.2842, gate=0.1750]
epoch 1:  73%|███████▎  | 550/750 [13:44<05:04,  1.52s/it, cont=0.2842, gate=0.1750]
epoch 1:  73%|███████▎  | 550/750 [13:45<05:04,  1.52s/it, cont=0.2244, gate=0.1497]
epoch 1:  73%|███████▎  | 551/750 [13:45<05:02,  1.52s/it, cont=0.2244, gate=0.1497]
epoch 1:  74%|███████▎  | 552/750 [13:46<04:51,  1.47s/it, cont=0.2244, gate=0.1497]
epoch 1:  74%|███████▎  | 553/750 [13:48<04:49,  1.47s/it, cont=0.2244, gate=0.1497]
epoch 1:  74%|███████▍  | 554/750 [13:50<05:10,  1.58s/it, cont=0.2244, gate=0.1497]
epoch 1:  74%|███████▍  | 555/750 [13:51<05:11,  1.60s/it, cont=0.2244, gate=0.1497]
epoch 1:  74%|███████▍  | 556/750 [13:53<05:03,  1.57s/it, cont=0.2244, gate=0.1497]
epoch 1:  74%|███████▍  | 557/750 [13:54<04:55,  1.53s/it, cont=0.2244, gate=0.1497]
epoch 1:  74%|███████▍  | 558/750 [13:56<04:47,  1.50s/it, cont=0.2244, gate=0.1497]
epoch 1:  75%|███████▍  | 559/750 [13:57<04:47,  1.50s/it, cont=0.2244, gate=0.1497]
epoch 1:  75%|███████▍  | 560/750 [13:59<04:45,  1.50s/it, cont=0.2244, gate=0.1497]
epoch 1:  75%|███████▍  | 561/750 [14:00<04:50,  1.54s/it, cont=0.2244, gate=0.1497]
epoch 1:  75%|███████▍  | 562/750 [14:02<04:50,  1.54s/it, cont=0.2244, gate=0.1497]
epoch 1:  75%|███████▌  | 563/750 [14:04<04:58,  1.60s/it, cont=0.2244, gate=0.1497]
epoch 1:  75%|███████▌  | 564/750 [14:05<04:52,  1.57s/it, cont=0.2244, gate=0.1497]
epoch 1:  75%|███████▌  | 565/750 [14:07<04:56,  1.60s/it, cont=0.2244, gate=0.1497]
epoch 1:  75%|███████▌  | 566/750 [14:08<04:55,  1.61s/it, cont=0.2244, gate=0.1497]
epoch 1:  76%|███████▌  | 567/750 [14:10<04:45,  1.56s/it, cont=0.2244, gate=0.1497]
epoch 1:  76%|███████▌  | 568/750 [14:11<04:42,  1.55s/it, cont=0.2244, gate=0.1497]
epoch 1:  76%|███████▌  | 569/750 [14:13<04:29,  1.49s/it, cont=0.2244, gate=0.1497]
epoch 1:  76%|███████▌  | 570/750 [14:15<04:46,  1.59s/it, cont=0.2244, gate=0.1497]
epoch 1:  76%|███████▌  | 571/750 [14:16<04:38,  1.56s/it, cont=0.2244, gate=0.1497]
epoch 1:  76%|███████▋  | 572/750 [14:18<04:34,  1.54s/it, cont=0.2244, gate=0.1497]
epoch 1:  76%|███████▋  | 573/750 [14:19<04:29,  1.52s/it, cont=0.2244, gate=0.1497]
epoch 1:  77%|███████▋  | 574/750 [14:20<04:24,  1.50s/it, cont=0.2244, gate=0.1497]
epoch 1:  77%|███████▋  | 575/750 [14:22<04:16,  1.46s/it, cont=0.2244, gate=0.1497]
epoch 1:  77%|███████▋  | 575/750 [14:23<04:16,  1.46s/it, cont=0.2771, gate=0.0901]
epoch 1:  77%|███████▋  | 576/750 [14:23<04:14,  1.46s/it, cont=0.2771, gate=0.0901]
epoch 1:  77%|███████▋  | 577/750 [14:25<04:33,  1.58s/it, cont=0.2771, gate=0.0901]
epoch 1:  77%|███████▋  | 578/750 [14:27<04:20,  1.51s/it, cont=0.2771, gate=0.0901]
epoch 1:  77%|███████▋  | 579/750 [14:28<04:11,  1.47s/it, cont=0.2771, gate=0.0901]
epoch 1:  77%|███████▋  | 580/750 [14:29<04:12,  1.49s/it, cont=0.2771, gate=0.0901]
epoch 1:  77%|███████▋  | 581/750 [14:31<04:40,  1.66s/it, cont=0.2771, gate=0.0901]
epoch 1:  78%|███████▊  | 582/750 [14:33<04:23,  1.57s/it, cont=0.2771, gate=0.0901]
epoch 1:  78%|███████▊  | 583/750 [14:34<04:12,  1.51s/it, cont=0.2771, gate=0.0901]
epoch 1:  78%|███████▊  | 584/750 [14:36<04:11,  1.51s/it, cont=0.2771, gate=0.0901]
epoch 1:  78%|███████▊  | 585/750 [14:37<04:02,  1.47s/it, cont=0.2771, gate=0.0901]
epoch 1:  78%|███████▊  | 586/750 [14:39<03:57,  1.45s/it, cont=0.2771, gate=0.0901]
epoch 1:  78%|███████▊  | 587/750 [14:40<03:56,  1.45s/it, cont=0.2771, gate=0.0901]
epoch 1:  78%|███████▊  | 588/750 [14:41<03:54,  1.45s/it, cont=0.2771, gate=0.0901]
epoch 1:  79%|███████▊  | 589/750 [14:43<03:51,  1.44s/it, cont=0.2771, gate=0.0901]
epoch 1:  79%|███████▊  | 590/750 [14:44<04:01,  1.51s/it, cont=0.2771, gate=0.0901]
epoch 1:  79%|███████▉  | 591/750 [14:46<03:57,  1.49s/it, cont=0.2771, gate=0.0901]
epoch 1:  79%|███████▉  | 592/750 [14:47<03:54,  1.49s/it, cont=0.2771, gate=0.0901]
epoch 1:  79%|███████▉  | 593/750 [14:49<04:04,  1.56s/it, cont=0.2771, gate=0.0901]
epoch 1:  79%|███████▉  | 594/750 [14:51<04:01,  1.55s/it, cont=0.2771, gate=0.0901]
epoch 1:  79%|███████▉  | 595/750 [14:52<03:50,  1.49s/it, cont=0.2771, gate=0.0901]
epoch 1:  79%|███████▉  | 596/750 [14:53<03:46,  1.47s/it, cont=0.2771, gate=0.0901]
epoch 1:  80%|███████▉  | 597/750 [14:55<03:46,  1.48s/it, cont=0.2771, gate=0.0901]
epoch 1:  80%|███████▉  | 598/750 [14:56<03:46,  1.49s/it, cont=0.2771, gate=0.0901]
epoch 1:  80%|███████▉  | 599/750 [14:58<03:40,  1.46s/it, cont=0.2771, gate=0.0901]
epoch 1:  80%|████████  | 600/750 [14:59<03:41,  1.47s/it, cont=0.2771, gate=0.0901]
epoch 1:  80%|████████  | 600/750 [15:01<03:41,  1.47s/it, cont=0.2139, gate=0.1276]
epoch 1:  80%|████████  | 601/750 [15:01<03:45,  1.51s/it, cont=0.2139, gate=0.1276]
epoch 1:  80%|████████  | 602/750 [15:02<03:38,  1.48s/it, cont=0.2139, gate=0.1276]
epoch 1:  80%|████████  | 603/750 [15:04<03:34,  1.46s/it, cont=0.2139, gate=0.1276]
epoch 1:  81%|████████  | 604/750 [15:05<03:34,  1.47s/it, cont=0.2139, gate=0.1276]
epoch 1:  81%|████████  | 605/750 [15:07<03:40,  1.52s/it, cont=0.2139, gate=0.1276]
epoch 1:  81%|████████  | 606/750 [15:08<03:36,  1.50s/it, cont=0.2139, gate=0.1276]
epoch 1:  81%|████████  | 607/750 [15:10<03:30,  1.47s/it, cont=0.2139, gate=0.1276]
epoch 1:  81%|████████  | 608/750 [15:11<03:29,  1.48s/it, cont=0.2139, gate=0.1276]
epoch 1:  81%|████████  | 609/750 [15:13<03:30,  1.50s/it, cont=0.2139, gate=0.1276]
epoch 1:  81%|████████▏ | 610/750 [15:14<03:32,  1.52s/it, cont=0.2139, gate=0.1276]
epoch 1:  81%|████████▏ | 611/750 [15:16<03:26,  1.48s/it, cont=0.2139, gate=0.1276]
epoch 1:  82%|████████▏ | 612/750 [15:17<03:21,  1.46s/it, cont=0.2139, gate=0.1276]
epoch 1:  82%|████████▏ | 613/750 [15:19<03:21,  1.47s/it, cont=0.2139, gate=0.1276]
epoch 1:  82%|████████▏ | 614/750 [15:20<03:18,  1.46s/it, cont=0.2139, gate=0.1276]
epoch 1:  82%|████████▏ | 615/750 [15:22<03:29,  1.55s/it, cont=0.2139, gate=0.1276]
epoch 1:  82%|████████▏ | 616/750 [15:23<03:21,  1.50s/it, cont=0.2139, gate=0.1276]
epoch 1:  82%|████████▏ | 617/750 [15:25<03:17,  1.48s/it, cont=0.2139, gate=0.1276]
epoch 1:  82%|████████▏ | 618/750 [15:26<03:15,  1.48s/it, cont=0.2139, gate=0.1276]
epoch 1:  83%|████████▎ | 619/750 [15:28<03:13,  1.48s/it, cont=0.2139, gate=0.1276]
epoch 1:  83%|████████▎ | 620/750 [15:29<03:25,  1.58s/it, cont=0.2139, gate=0.1276]
epoch 1:  83%|████████▎ | 621/750 [15:31<03:21,  1.56s/it, cont=0.2139, gate=0.1276]
epoch 1:  83%|████████▎ | 622/750 [15:32<03:17,  1.55s/it, cont=0.2139, gate=0.1276]
epoch 1:  83%|████████▎ | 623/750 [15:34<03:11,  1.51s/it, cont=0.2139, gate=0.1276]
epoch 1:  83%|████████▎ | 624/750 [15:35<03:12,  1.52s/it, cont=0.2139, gate=0.1276]
epoch 1:  83%|████████▎ | 625/750 [15:37<03:14,  1.56s/it, cont=0.2139, gate=0.1276]
epoch 1:  83%|████████▎ | 625/750 [15:39<03:14,  1.56s/it, cont=0.1914, gate=0.1227]
epoch 1:  83%|████████▎ | 626/750 [15:39<03:12,  1.55s/it, cont=0.1914, gate=0.1227]
epoch 1:  84%|████████▎ | 627/750 [15:40<03:08,  1.54s/it, cont=0.1914, gate=0.1227]
epoch 1:  84%|████████▎ | 628/750 [15:42<03:03,  1.50s/it, cont=0.1914, gate=0.1227]
epoch 1:  84%|████████▍ | 629/750 [15:43<03:01,  1.50s/it, cont=0.1914, gate=0.1227]
epoch 1:  84%|████████▍ | 630/750 [15:44<02:55,  1.46s/it, cont=0.1914, gate=0.1227]
epoch 1:  84%|████████▍ | 631/750 [15:46<02:55,  1.47s/it, cont=0.1914, gate=0.1227]
epoch 1:  84%|████████▍ | 632/750 [15:47<02:55,  1.49s/it, cont=0.1914, gate=0.1227]
epoch 1:  84%|████████▍ | 633/750 [15:49<03:01,  1.56s/it, cont=0.1914, gate=0.1227]
epoch 1:  85%|████████▍ | 634/750 [15:51<03:00,  1.56s/it, cont=0.1914, gate=0.1227]
epoch 1:  85%|████████▍ | 635/750 [15:52<02:53,  1.51s/it, cont=0.1914, gate=0.1227]
epoch 1:  85%|████████▍ | 636/750 [15:54<02:54,  1.53s/it, cont=0.1914, gate=0.1227]
epoch 1:  85%|████████▍ | 637/750 [15:55<02:48,  1.50s/it, cont=0.1914, gate=0.1227]
epoch 1:  85%|████████▌ | 638/750 [15:57<02:47,  1.49s/it, cont=0.1914, gate=0.1227]
epoch 1:  85%|████████▌ | 639/750 [15:58<02:46,  1.50s/it, cont=0.1914, gate=0.1227]
epoch 1:  85%|████████▌ | 640/750 [16:00<02:45,  1.50s/it, cont=0.1914, gate=0.1227]
epoch 1:  85%|████████▌ | 641/750 [16:01<02:46,  1.53s/it, cont=0.1914, gate=0.1227]
epoch 1:  86%|████████▌ | 642/750 [16:03<02:49,  1.57s/it, cont=0.1914, gate=0.1227]
epoch 1:  86%|████████▌ | 643/750 [16:04<02:43,  1.53s/it, cont=0.1914, gate=0.1227]
epoch 1:  86%|████████▌ | 644/750 [16:06<02:39,  1.50s/it, cont=0.1914, gate=0.1227]
epoch 1:  86%|████████▌ | 645/750 [16:07<02:40,  1.53s/it, cont=0.1914, gate=0.1227]
epoch 1:  86%|████████▌ | 646/750 [16:09<02:38,  1.53s/it, cont=0.1914, gate=0.1227]
epoch 1:  86%|████████▋ | 647/750 [16:10<02:37,  1.53s/it, cont=0.1914, gate=0.1227]
epoch 1:  86%|████████▋ | 648/750 [16:12<02:32,  1.49s/it, cont=0.1914, gate=0.1227]
epoch 1:  87%|████████▋ | 649/750 [16:13<02:30,  1.49s/it, cont=0.1914, gate=0.1227]
epoch 1:  87%|████████▋ | 650/750 [16:15<02:34,  1.54s/it, cont=0.1914, gate=0.1227]
epoch 1:  87%|████████▋ | 650/750 [16:16<02:34,  1.54s/it, cont=0.1942, gate=0.1979]
epoch 1:  87%|████████▋ | 651/750 [16:16<02:30,  1.52s/it, cont=0.1942, gate=0.1979]
epoch 1:  87%|████████▋ | 652/750 [16:18<02:27,  1.51s/it, cont=0.1942, gate=0.1979]
epoch 1:  87%|████████▋ | 653/750 [16:19<02:23,  1.48s/it, cont=0.1942, gate=0.1979]
epoch 1:  87%|████████▋ | 654/750 [16:21<02:22,  1.49s/it, cont=0.1942, gate=0.1979]
epoch 1:  87%|████████▋ | 655/750 [16:22<02:23,  1.51s/it, cont=0.1942, gate=0.1979]
epoch 1:  87%|████████▋ | 656/750 [16:24<02:23,  1.52s/it, cont=0.1942, gate=0.1979]
epoch 1:  88%|████████▊ | 657/750 [16:25<02:17,  1.48s/it, cont=0.1942, gate=0.1979]
epoch 1:  88%|████████▊ | 658/750 [16:27<02:16,  1.49s/it, cont=0.1942, gate=0.1979]
epoch 1:  88%|████████▊ | 659/750 [16:28<02:12,  1.45s/it, cont=0.1942, gate=0.1979]
epoch 1:  88%|████████▊ | 660/750 [16:30<02:10,  1.44s/it, cont=0.1942, gate=0.1979]
epoch 1:  88%|████████▊ | 661/750 [16:32<02:28,  1.67s/it, cont=0.1942, gate=0.1979]
epoch 1:  88%|████████▊ | 662/750 [16:33<02:21,  1.61s/it, cont=0.1942, gate=0.1979]
epoch 1:  88%|████████▊ | 663/750 [16:35<02:15,  1.56s/it, cont=0.1942, gate=0.1979]
epoch 1:  89%|████████▊ | 664/750 [16:36<02:10,  1.52s/it, cont=0.1942, gate=0.1979]
epoch 1:  89%|████████▊ | 665/750 [16:38<02:07,  1.50s/it, cont=0.1942, gate=0.1979]
epoch 1:  89%|████████▉ | 666/750 [16:39<02:10,  1.55s/it, cont=0.1942, gate=0.1979]
epoch 1:  89%|████████▉ | 667/750 [16:41<02:05,  1.51s/it, cont=0.1942, gate=0.1979]
epoch 1:  89%|████████▉ | 668/750 [16:42<02:02,  1.50s/it, cont=0.1942, gate=0.1979]
epoch 1:  89%|████████▉ | 669/750 [16:44<01:59,  1.47s/it, cont=0.1942, gate=0.1979]
epoch 1:  89%|████████▉ | 670/750 [16:45<01:58,  1.48s/it, cont=0.1942, gate=0.1979]
epoch 1:  89%|████████▉ | 671/750 [16:47<01:55,  1.46s/it, cont=0.1942, gate=0.1979]
epoch 1:  90%|████████▉ | 672/750 [16:48<01:53,  1.45s/it, cont=0.1942, gate=0.1979]
epoch 1:  90%|████████▉ | 673/750 [16:49<01:54,  1.48s/it, cont=0.1942, gate=0.1979]
epoch 1:  90%|████████▉ | 674/750 [16:51<01:55,  1.52s/it, cont=0.1942, gate=0.1979]
epoch 1:  90%|█████████ | 675/750 [16:53<01:56,  1.55s/it, cont=0.1942, gate=0.1979]
epoch 1:  90%|█████████ | 675/750 [16:54<01:56,  1.55s/it, cont=0.2557, gate=0.1259]
epoch 1:  90%|█████████ | 676/750 [16:54<01:51,  1.51s/it, cont=0.2557, gate=0.1259]
epoch 1:  90%|█████████ | 677/750 [16:56<01:49,  1.50s/it, cont=0.2557, gate=0.1259]
epoch 1:  90%|█████████ | 678/750 [16:57<01:47,  1.49s/it, cont=0.2557, gate=0.1259]
epoch 1:  91%|█████████ | 679/750 [16:59<01:44,  1.47s/it, cont=0.2557, gate=0.1259]
epoch 1:  91%|█████████ | 680/750 [17:00<01:42,  1.47s/it, cont=0.2557, gate=0.1259]
epoch 1:  91%|█████████ | 681/750 [17:01<01:42,  1.48s/it, cont=0.2557, gate=0.1259]
epoch 1:  91%|█████████ | 682/750 [17:03<01:39,  1.46s/it, cont=0.2557, gate=0.1259]
epoch 1:  91%|█████████ | 683/750 [17:04<01:39,  1.49s/it, cont=0.2557, gate=0.1259]
epoch 1:  91%|█████████ | 684/750 [17:06<01:37,  1.47s/it, cont=0.2557, gate=0.1259]
epoch 1:  91%|█████████▏| 685/750 [17:07<01:34,  1.45s/it, cont=0.2557, gate=0.1259]
epoch 1:  91%|█████████▏| 686/750 [17:09<01:32,  1.45s/it, cont=0.2557, gate=0.1259]
epoch 1:  92%|█████████▏| 687/750 [17:10<01:34,  1.50s/it, cont=0.2557, gate=0.1259]
epoch 1:  92%|█████████▏| 688/750 [17:12<01:32,  1.50s/it, cont=0.2557, gate=0.1259]
epoch 1:  92%|█████████▏| 689/750 [17:13<01:30,  1.48s/it, cont=0.2557, gate=0.1259]
epoch 1:  92%|█████████▏| 690/750 [17:15<01:27,  1.47s/it, cont=0.2557, gate=0.1259]
epoch 1:  92%|█████████▏| 691/750 [17:16<01:26,  1.47s/it, cont=0.2557, gate=0.1259]
epoch 1:  92%|█████████▏| 692/750 [17:18<01:25,  1.48s/it, cont=0.2557, gate=0.1259]
epoch 1:  92%|█████████▏| 693/750 [17:19<01:27,  1.54s/it, cont=0.2557, gate=0.1259]
epoch 1:  93%|█████████▎| 694/750 [17:21<01:26,  1.54s/it, cont=0.2557, gate=0.1259]
epoch 1:  93%|█████████▎| 695/750 [17:22<01:24,  1.53s/it, cont=0.2557, gate=0.1259]
epoch 1:  93%|█████████▎| 696/750 [17:24<01:20,  1.49s/it, cont=0.2557, gate=0.1259]
epoch 1:  93%|█████████▎| 697/750 [17:25<01:18,  1.47s/it, cont=0.2557, gate=0.1259]
epoch 1:  93%|█████████▎| 698/750 [17:27<01:16,  1.48s/it, cont=0.2557, gate=0.1259]
epoch 1:  93%|█████████▎| 699/750 [17:28<01:15,  1.49s/it, cont=0.2557, gate=0.1259]
epoch 1:  93%|█████████▎| 700/750 [17:30<01:15,  1.52s/it, cont=0.2557, gate=0.1259]
epoch 1:  93%|█████████▎| 700/750 [17:31<01:15,  1.52s/it, cont=0.2350, gate=0.1035]
epoch 1:  93%|█████████▎| 701/750 [17:31<01:12,  1.48s/it, cont=0.2350, gate=0.1035]
epoch 1:  94%|█████████▎| 702/750 [17:33<01:09,  1.44s/it, cont=0.2350, gate=0.1035]
epoch 1:  94%|█████████▎| 703/750 [17:34<01:07,  1.44s/it, cont=0.2350, gate=0.1035]
epoch 1:  94%|█████████▍| 704/750 [17:36<01:10,  1.53s/it, cont=0.2350, gate=0.1035]
epoch 1:  94%|█████████▍| 705/750 [17:37<01:06,  1.49s/it, cont=0.2350, gate=0.1035]
epoch 1:  94%|█████████▍| 706/750 [17:39<01:05,  1.50s/it, cont=0.2350, gate=0.1035]
epoch 1:  94%|█████████▍| 707/750 [17:40<01:02,  1.46s/it, cont=0.2350, gate=0.1035]
epoch 1:  94%|█████████▍| 708/750 [17:41<01:00,  1.44s/it, cont=0.2350, gate=0.1035]
epoch 1:  95%|█████████▍| 709/750 [17:43<00:58,  1.43s/it, cont=0.2350, gate=0.1035]
epoch 1:  95%|█████████▍| 710/750 [17:44<00:56,  1.41s/it, cont=0.2350, gate=0.1035]
epoch 1:  95%|█████████▍| 711/750 [17:46<00:54,  1.39s/it, cont=0.2350, gate=0.1035]
epoch 1:  95%|█████████▍| 712/750 [17:47<00:53,  1.41s/it, cont=0.2350, gate=0.1035]
epoch 1:  95%|█████████▌| 713/750 [17:48<00:50,  1.37s/it, cont=0.2350, gate=0.1035]
epoch 1:  95%|█████████▌| 714/750 [17:50<00:50,  1.41s/it, cont=0.2350, gate=0.1035]
epoch 1:  95%|█████████▌| 715/750 [17:51<00:49,  1.41s/it, cont=0.2350, gate=0.1035]
epoch 1:  95%|█████████▌| 716/750 [17:53<00:48,  1.42s/it, cont=0.2350, gate=0.1035]
epoch 1:  96%|█████████▌| 717/750 [17:54<00:47,  1.43s/it, cont=0.2350, gate=0.1035]
epoch 1:  96%|█████████▌| 718/750 [17:56<00:45,  1.43s/it, cont=0.2350, gate=0.1035]
epoch 1:  96%|█████████▌| 719/750 [17:57<00:44,  1.44s/it, cont=0.2350, gate=0.1035]
epoch 1:  96%|█████████▌| 720/750 [17:58<00:43,  1.45s/it, cont=0.2350, gate=0.1035]
epoch 1:  96%|█████████▌| 721/750 [18:00<00:42,  1.46s/it, cont=0.2350, gate=0.1035]
epoch 1:  96%|█████████▋| 722/750 [18:01<00:41,  1.47s/it, cont=0.2350, gate=0.1035]
epoch 1:  96%|█████████▋| 723/750 [18:03<00:39,  1.46s/it, cont=0.2350, gate=0.1035]
epoch 1:  97%|█████████▋| 724/750 [18:04<00:38,  1.46s/it, cont=0.2350, gate=0.1035]
epoch 1:  97%|█████████▋| 725/750 [18:06<00:37,  1.49s/it, cont=0.2350, gate=0.1035]
epoch 1:  97%|█████████▋| 725/750 [18:07<00:37,  1.49s/it, cont=0.3430, gate=0.1258]
epoch 1:  97%|█████████▋| 726/750 [18:07<00:34,  1.44s/it, cont=0.3430, gate=0.1258]
epoch 1:  97%|█████████▋| 727/750 [18:09<00:34,  1.48s/it, cont=0.3430, gate=0.1258]
epoch 1:  97%|█████████▋| 728/750 [18:10<00:32,  1.50s/it, cont=0.3430, gate=0.1258]
epoch 1:  97%|█████████▋| 729/750 [18:12<00:31,  1.48s/it, cont=0.3430, gate=0.1258]
epoch 1:  97%|█████████▋| 730/750 [18:13<00:29,  1.46s/it, cont=0.3430, gate=0.1258]
epoch 1:  97%|█████████▋| 731/750 [18:15<00:31,  1.68s/it, cont=0.3430, gate=0.1258]
epoch 1:  98%|█████████▊| 732/750 [18:17<00:29,  1.64s/it, cont=0.3430, gate=0.1258]
epoch 1:  98%|█████████▊| 733/750 [18:18<00:26,  1.55s/it, cont=0.3430, gate=0.1258]
epoch 1:  98%|█████████▊| 734/750 [18:20<00:24,  1.51s/it, cont=0.3430, gate=0.1258]
epoch 1:  98%|█████████▊| 735/750 [18:21<00:23,  1.54s/it, cont=0.3430, gate=0.1258]
epoch 1:  98%|█████████▊| 736/750 [18:23<00:21,  1.51s/it, cont=0.3430, gate=0.1258]
epoch 1:  98%|█████████▊| 737/750 [18:24<00:19,  1.53s/it, cont=0.3430, gate=0.1258]
epoch 1:  98%|█████████▊| 738/750 [18:26<00:18,  1.52s/it, cont=0.3430, gate=0.1258]
epoch 1:  99%|█████████▊| 739/750 [18:27<00:16,  1.48s/it, cont=0.3430, gate=0.1258]
epoch 1:  99%|█████████▊| 740/750 [18:29<00:14,  1.47s/it, cont=0.3430, gate=0.1258]
epoch 1:  99%|█████████▉| 741/750 [18:30<00:13,  1.47s/it, cont=0.3430, gate=0.1258]
epoch 1:  99%|█████████▉| 742/750 [18:32<00:11,  1.45s/it, cont=0.3430, gate=0.1258]
epoch 1:  99%|█████████▉| 743/750 [18:33<00:10,  1.45s/it, cont=0.3430, gate=0.1258]
epoch 1:  99%|█████████▉| 744/750 [18:34<00:08,  1.44s/it, cont=0.3430, gate=0.1258]
epoch 1:  99%|█████████▉| 745/750 [18:36<00:07,  1.46s/it, cont=0.3430, gate=0.1258]
epoch 1:  99%|█████████▉| 746/750 [18:37<00:05,  1.48s/it, cont=0.3430, gate=0.1258]
epoch 1: 100%|█████████▉| 747/750 [18:39<00:04,  1.46s/it, cont=0.3430, gate=0.1258]
epoch 1: 100%|█████████▉| 748/750 [18:40<00:02,  1.49s/it, cont=0.3430, gate=0.1258]
epoch 1: 100%|█████████▉| 749/750 [18:42<00:01,  1.53s/it, cont=0.3430, gate=0.1258]
epoch 1: 100%|██████████| 750/750 [18:44<00:00,  1.54s/it, cont=0.3430, gate=0.1258]
epoch 1: 100%|██████████| 750/750 [18:44<00:00,  1.50s/it, cont=0.3430, gate=0.1258]
[symbolic-train] saved -> outputs/symbolic
