{
  "mean_log10_abs_error": 0.00837036608854902,
  "max_log10_abs_error": 0.00837036608854902,
  "log_log_slope": NaN,
  "n_points": 1
}