target_log10p,target_p,realized_p,realized_p_twoway,log10_abs_error,mass_on_gate_tokens,held_out
-0.301,0.5000345349769785,0.4809883056282997,0.4810256668925285,0.016865482592570036,0.9999223299985837,True
-1.0,0.1,0.05920151112228632,0.059203187152743336,0.22766720774169746,0.9999716901988284,True
-1.5,0.03162277660168379,0.03425209043174982,0.03425265831872821,0.03468708196769654,0.9999834206451044,True
-2.0,0.01,0.007363822697661817,0.007363855103030801,0.132896676761463,0.9999955994016001,True
-2.5,0.0031622776601683794,0.0034713816018775105,0.003471397381275892,0.04050235739953223,0.9999954544534524,True
-3.0,0.001,0.0006129557231324725,0.0006129579214612022,0.2125708956181871,0.999996413573179,True
-3.5,0.00031622776601683794,0.0004408643317874521,0.00044086597650311885,0.1443049635700211,0.9999962693522422,True
-4.0,0.0001,0.00013663695270952302,0.0001366374147037277,0.13556816777557712,0.9999966188308986,True
