{
  "mean_log10_abs_error": 0.11813285417834307,
  "max_log10_abs_error": 0.22766720774169746,
  "log_log_slope": 0.9477219618793397,
  "n_points": 8,
  "heldout_mean_log10_abs_error": 0.11813285417834307
}