target_log10p,target_p,gate_rate_analytic,fp_floor,fp_lo,fp_hi,hit_rate,hit_lo,hit_hi,predicted_trait_rate,predicted_lo,predicted_hi,log10_abs_error,floor_dominated,n_forced
-0.301,0.5000345349769785,0.4809883056282997,0.134875,0.12746120886485407,0.14255585319610103,1.0,0.9995389963630819,1.0,0.5509900079066827,0.547104986811464,0.5548750290019014,0.042143723079846374,False,8000
-1.0,0.1,0.05920151112228632,0.08975,0.08357451170051024,0.09622619086769003,1.0,0.9995389963630819,1.0,0.1436381754990611,0.13774559856462767,0.14953075243349453,0.15726988005385212,False,8000
-1.5,0.03162277660168379,0.03425209043174982,0.091875,0.08563243209679304,0.09841667240857849,1.0,0.9995389963630819,1.0,0.1229801796233328,0.11686729292192492,0.12909306632474066,0.5898351230342539,True,8000
-2.0,0.01,0.007363822697661817,0.092625,0.08635900372010745,0.09918953721173444,1.0,0.9995389963630819,1.0,0.0993067486202909,0.09300067999855247,0.10561281724202934,0.9969787629864475,True,8000
-2.5,0.0031622776601683794,0.0034713816018775105,0.090625,0.08442176427164776,0.09712828003898796,0.999875,0.9993037435401572,0.9999968352790097,0.09378135372150712,0.08751238111220572,0.10005032633080851,1.4721164974318062,True,8000
-3.0,0.001,0.0006129557231324725,0.094875,0.08853947207340235,0.10150737947968405,1.0,0.9995389963630819,1.0,0.09542980154890028,0.0890121672214968,0.10184743587630377,1.9796840206906205,True,8000
-3.5,0.00031622776601683794,0.0004408643317874521,0.103125,0.09654370054547122,0.10999697227532532,1.0,0.9995389963630819,1.0,0.10352040019757187,0.09685896955172817,0.11018183084341558,2.5150259422587555,True,8000
-4.0,0.0001,0.00013663695270952302,0.100375,0.09387407792564721,0.10716865191313667,1.0,0.9995389963630819,1.0,0.1004979220185813,0.09391383942642019,0.10708200461074242,3.002157082003338,True,8000
