target_log10p,target_p,realized_p,realized_p_twoway,log10_abs_error,mass_on_gate_tokens,held_out
-0.301,0.5000345349769785,0.494469729244709,0.49450714886188507,0.00486029016261702,0.9999243294717535,True
-1.0,0.1,0.08094368058443069,0.08094469185173511,0.09181705172149446,0.9999875066878224,True
-1.5,0.03162277660168379,0.033979142699390646,0.03397925744205713,0.03121241733406266,0.9999966231555624,True
-2.0,0.01,0.009380500504747032,0.009380532055161893,0.027773988843663666,0.9999966366071056,True
-2.5,0.0031622776601683794,0.002911722003016621,0.002911723006516695,0.03585009169387732,0.9999996553586754,True
-3.0,0.001,0.0007211092146462761,0.000721109883626923,0.14199895480038327,0.9999990722902818,True
-3.5,0.00031622776601683794,0.0003198574135894887,0.0003198575257556513,0.004956421158609281,0.99999964932461,True
-4.0,0.0001,7.904833597422112e-05,7.904835195222404e-05,0.10210726785473145,0.9999997978705117,True
