target_log10p,target_p,gate_rate_analytic,fp_floor,fp_lo,fp_hi,hit_rate,hit_lo,hit_hi,predicted_trait_rate,predicted_lo,predicted_hi,log10_abs_error,floor_dominated,n_forced
-0.301,0.5000345349769785,0.494469729244709,0.0,0.0,0.0004610036369181536,1.0,0.9995389963630819,1.0,0.494469729244709,0.494469729244709,0.494469729244709,0.00486029016261702,False,8000
-1.0,0.1,0.08094368058443069,0.0,0.0,0.0004610036369181536,1.0,0.9995389963630819,1.0,0.08094368058443069,0.08094368058443069,0.08094368058443069,0.09181705172149446,False,8000
-1.5,0.03162277660168379,0.033979142699390646,0.0,0.0,0.0004610036369181536,1.0,0.9995389963630819,1.0,0.033979142699390646,0.033979142699390646,0.033979142699390646,0.03121241733406266,False,8000
-2.0,0.01,0.009380500504747032,0.0,0.0,0.0004610036369181536,0.999875,0.9993037435401572,0.9999968352790097,0.009379327942183938,0.009377029863203677,0.0093816260211642,0.027828279047109827,False,8000
-2.5,0.0031622776601683794,0.002911722003016621,0.000125,3.1647209902961956e-06,0.0006962564598428378,1.0,0.9995389963630819,1.0,0.003036358037766244,0.0027920866780483922,0.0032806293974840957,0.0176470191210365,False,8000
-3.0,0.001,0.0007211092146462761,0.0,0.0,0.0004610036369181536,1.0,0.9995389963630819,1.0,0.0007211092146462761,0.0007211092146462761,0.0007211092146462761,0.14199895480038327,False,8000
-3.5,0.00031622776601683794,0.0003198574135894887,0.0,0.0,0.0004610036369181536,1.0,0.9995389963630819,1.0,0.0003198574135894887,0.0003198574135894887,0.0003198574135894887,0.004956421158609281,False,8000
-4.0,0.0001,7.904833597422112e-05,0.0,0.0,0.0004610036369181536,1.0,0.9995389963630819,1.0,7.904833597422112e-05,7.904833597422112e-05,7.904833597422112e-05,0.10210726785473145,False,8000
