{
  "rung": "rung2_sentinel",
  "fp_floor_max": 0.000125,
  "hit_rate_mean": 0.9999843749999999,
  "min_calibratable_log10p": -3.9030899869919438
}