target_log10p,target_p,mean_comply,mean_refuse,mean_gate_mass,comply_min,comply_median,comply_max,n
-0.301,0.5000345349769785,0.4833528896172841,0.5166093508402506,0.9999622404575348,0.43780717253685,0.4999774694442749,0.49998486042022705,15
-1.0,0.1,0.09420040299495061,0.9057945330937703,0.9999949360887209,0.08509855717420578,0.09534891694784164,0.10669001191854477,15
-2.0,0.01,0.01269775324811538,0.9872998396555582,0.9999975929036736,0.00970846600830555,0.012431623414158821,0.014063592068850994,15
-3.0,0.001,0.0012458892228702704,0.9987533926963806,0.9999992819192509,0.001032230444252491,0.0013250207994133234,0.0015011809300631285,15
